datetime,minx,maxx,miny,maxy,VH_mean,RVI_mean,Total_Backscatter_mean,Diff_Backscatter_mean,VV_VH_ratio_mean,angle_mean,_source_file
2019-01-01 22:45:11,104.7063049779972,107.26308434282188,10.51778663353576,12.471307614106124,-16.220256065264877,2.5749857505926506,-25.64211145744967,6.798400673080122,0.5852454490677228,37.78011680993639,dbscl-sentinel-1-2019\dbscl-sentinel-1_2019-01\S1_2019-01-01_22-45-11\S1A_IW_GRDH_1SDV_20190101T224511_20190101T224536_025290_02CC2A_3B06_metadata.json
2019-01-01 22:45:36,104.40662036263878,106.95882663538625,9.005215691327532,10.962997364208007,-15.987097422674765,2.516074474965713,-25.272670455100545,6.701524390248982,0.5740068643976826,38.752045041460605,dbscl-sentinel-1-2019\dbscl-sentinel-1_2019-01\S1_2019-01-01_22-45-36\S1A_IW_GRDH_1SDV_20190101T224536_20190101T224601_025290_02CC2A_3DEF_metadata.json
2019-01-01 22:46:01,104.17509137320894,106.64816743717884,7.966710742939485,9.454495594679043,-16.757005638044344,2.510454325247464,-26.88340706402365,6.630604212065112,0.5986749738898811,41.005157640861306,dbscl-sentinel-1-2019\dbscl-sentinel-1_2019-01\S1_2019-01-01_22-46-01\S1A_IW_GRDH_1SDV_20190101T224601_20190101T224620_025290_02CC2A_38E0_metadata.json
2019-01-02 11:10:53,104.41608089438296,106.98798795105226,7.736156348017923,9.937094460867314,-16.985518199235326,2.531262418907466,-27.016357117202023,6.954679281268631,0.5866516596125394,38.57353278047402,dbscl-sentinel-1-2019\dbscl-sentinel-1_2019-01\S1_2019-01-02_11-10-53\S1A_IW_GRDH_1SDV_20190102T111053_20190102T111122_025298_02CC74_0FBA_metadata.json
2019-01-02 11:11:22,104.10831074269883,106.66280652323924,9.488633640458476,11.445401102830516,-16.140920033629342,2.549722966761867,-25.626434253780005,6.65540581347871,0.5818982424498259,40.3281421493573,dbscl-sentinel-1-2019\dbscl-sentinel-1_2019-01\S1_2019-01-02_11-11-22\S1A_IW_GRDH_1SDV_20190102T111122_20190102T111147_025298_02CC74_6AB0_metadata.json
2019-01-06 22:53:42,102.44211482817474,104.98666577407168,9.591758091155327,11.38578255715079,-15.468084737118245,2.5686069162461287,-24.807873280609325,6.128296193627085,0.5971130616217085,33.14199565609333,dbscl-sentinel-1-2019\dbscl-sentinel-1_2019-01\S1_2019-01-06_22-53-42\S1A_IW_GRDH_1SDV_20190106T225342_20190106T225406_025363_02CED1_E2ED_metadata.json
2019-01-07 11:18:54,102.56790310464648,105.1110308902601,6.958387057552518,8.921797239279542,-16.004582986015873,2.5156360788273244,-25.560774911596965,6.448391060434772,0.5937125105592355,45.97422640833263,dbscl-sentinel-1-2019\dbscl-sentinel-1_2019-01\S1_2019-01-07_11-18-54\S1A_IW_GRDH_1SDV_20190107T111854_20190107T111919_025371_02CF15_416E_metadata.json
2019-01-07 11:19:19,102.25728224147817,104.8079085593716,8.470568372759196,10.430060405811377,-14.84182333257373,2.562152253196798,-23.24469737584552,6.438949289301987,0.5510717150433938,45.00311542087479,dbscl-sentinel-1-2019\dbscl-sentinel-1_2019-01\S1_2019-01-07_11-19-19\S1A_IW_GRDH_1SDV_20190107T111919_20190107T111944_025371_02CF15_7D60_metadata.json
2019-01-07 11:19:44,101.94672024146372,104.50752464369538,9.982875930761969,11.938912892985469,-14.337941625606492,2.554547722524289,-22.598543665295384,6.077339585917601,0.5710552236410192,43.81398857288642,dbscl-sentinel-1-2019\dbscl-sentinel-1_2019-01\S1_2019-01-07_11-19-44\S1A_IW_GRDH_1SDV_20190107T111944_20190107T112009_025371_02CF15_DE85_metadata.json
2019-01-08 22:37:08,106.58565349286712,109.17890772407776,9.743068201123185,11.75700577720716,-17.83334136985649,2.530602558779283,-28.555974498052187,7.110708241661024,0.5878941549581406,45.70411486373649,dbscl-sentinel-1-2019\dbscl-sentinel-1_2019-01\S1_2019-01-08_22-37-08\S1A_IW_GRDH_1SDV_20190108T223708_20190108T223736_025392_02CFEB_F209_metadata.json
2019-01-09 11:03:08,106.11864311474464,108.70075194871256,9.464684524275905,11.662434644413397,-15.957099149809652,2.6371919289483063,-24.3599653434804,7.554232956139,0.524927424634699,31.814501451130276,dbscl-sentinel-1-2019\dbscl-sentinel-1_2019-01\S1_2019-01-09_11-03-08\S1A_IW_GRDH_1SDV_20190109T110308_20190109T110337_025400_02D034_1C59_metadata.json
2019-01-13 22:45:10,104.70629527813072,107.26323829753784,10.517529216942522,12.471360470236016,-15.695812129599815,2.4979762836205137,-25.51795756820464,5.873666690995056,0.6183609401419399,37.77988463299968,dbscl-sentinel-1-2019\dbscl-sentinel-1_2019-01\S1_2019-01-13_22-45-10\S1A_IW_GRDH_1SDV_20190113T224510_20190113T224535_025465_02D274_CD8A_metadata.json
2019-01-13 22:45:35,104.40671157319274,106.95890689336127,9.005240756361605,10.963071635011666,-16.085505418229598,2.563843311159822,-25.42912575305112,6.741885083408136,0.5723842188115906,38.75183181864522,dbscl-sentinel-1-2019\dbscl-sentinel-1_2019-01\S1_2019-01-13_22-45-35\S1A_IW_GRDH_1SDV_20190113T224535_20190113T224600_025465_02D274_08EE_metadata.json
2019-01-13 22:46:00,104.17528148308202,106.64830182537548,7.967335946868523,9.454380200125234,-17.185706834416152,2.5302241723785706,-27.37310949056967,6.998304178262747,0.5886544544711917,41.004626894067584,dbscl-sentinel-1-2019\dbscl-sentinel-1_2019-01\S1_2019-01-13_22-46-00\S1A_IW_GRDH_1SDV_20190113T224600_20190113T224619_025465_02D274_6311_metadata.json
2019-01-14 11:10:53,104.41579720903496,106.98782219005273,7.736075971203146,9.937139802272856,-17.529231011329696,2.553916020277008,-27.75694720612773,7.301514816531591,0.5804595161484685,38.57639253081188,dbscl-sentinel-1-2019\dbscl-sentinel-1_2019-01\S1_2019-01-14_11-10-53\S1A_IW_GRDH_1SDV_20190114T111053_20190114T111122_025473_02D2BE_49F0_metadata.json
2019-01-14 11:11:22,104.10781956282466,106.66248717273582,9.488685861804536,11.4454732805305,-16.41128071419306,2.5150256243781213,-26.458582258092346,6.363979170293846,0.6033942082934373,40.330342437249335,dbscl-sentinel-1-2019\dbscl-sentinel-1_2019-01\S1_2019-01-14_11-11-22\S1A_IW_GRDH_1SDV_20190114T111122_20190114T111147_025473_02D2BE_D210_metadata.json
2019-01-18 22:53:42,102.44232019021464,104.9866053315422,9.591463677061023,11.386104388931232,-15.4524090831733,2.485545981004257,-25.125714396865245,5.779103769481382,0.6191168037558042,33.14168295950401,dbscl-sentinel-1-2019\dbscl-sentinel-1_2019-01\S1_2019-01-18_22-53-42\S1A_IW_GRDH_1SDV_20190118T225342_20190118T225406_025538_02D522_ADCE_metadata.json
2019-01-19 11:18:54,102.5675589115299,105.11074013380237,6.958371491004945,8.92176360559179,-16.21043538548045,2.5002150901649007,-26.042751955822293,6.378118815138602,0.6027008882507889,45.97494450615536,dbscl-sentinel-1-2019\dbscl-sentinel-1_2019-01\S1_2019-01-19_11-18-54\S1A_IW_GRDH_1SDV_20190119T111854_20190119T111919_025546_02D56B_F729_metadata.json
2019-01-19 11:19:19,102.25693453999196,104.80788540692348,8.470560404758945,10.430043640638145,-14.92261105170558,10.730988671450833,-23.44702193975142,6.398200163659794,0.567075633826652,45.002055989305696,dbscl-sentinel-1-2019\dbscl-sentinel-1_2019-01\S1_2019-01-19_11-19-19\S1A_IW_GRDH_1SDV_20190119T111919_20190119T111944_025546_02D56B_973E_metadata.json
2019-01-19 11:19:44,101.9463659547879,104.50718497131692,9.982853526354234,11.938893487265128,-14.380554502444015,2.5477629966613176,-22.718026028739512,6.0430829761487015,0.5749546779406374,43.81329696844069,dbscl-sentinel-1-2019\dbscl-sentinel-1_2019-01\S1_2019-01-19_11-19-44\S1A_IW_GRDH_1SDV_20190119T111944_20190119T112009_025546_02D56B_9D25_metadata.json
2019-01-20 22:37:08,106.58505755474243,109.17828695487536,9.742963732148008,11.757022242786077,-17.938326793915056,2.4869360824225675,-29.070585726998644,6.806067860831327,0.612043549714965,45.70123614759061,dbscl-sentinel-1-2019\dbscl-sentinel-1_2019-01\S1_2019-01-20_22-37-08\S1A_IW_GRDH_1SDV_20190120T223708_20190120T223736_025567_02D645_D3AB_metadata.json
2019-01-21 11:03:08,106.11811833638028,108.70036670867228,9.464009744720228,11.662347635418945,-16.01296034113584,2.6151302556277254,-24.789811217320054,7.2361094649516975,0.5417834097710301,31.815805815764325,dbscl-sentinel-1-2019\dbscl-sentinel-1_2019-01\S1_2019-01-21_11-03-08\S1A_IW_GRDH_1SDV_20190121T110308_20190121T110337_025575_02D693_04A8_metadata.json
2019-01-25 22:45:10,104.70560231769262,107.26258559152409,10.51753537499904,12.470993014235374,-15.320465684271625,2.463955113800669,-24.930511708613672,5.7104196599296495,0.6217651859886376,37.77520437191657,dbscl-sentinel-1-2019\dbscl-sentinel-1_2019-01\S1_2019-01-25_22-45-10\S1A_IW_GRDH_1SDV_20190125T224510_20190125T224535_025640_02D8DC_570E_metadata.json
2019-01-25 22:45:35,104.40600808994536,106.9582114152404,9.005266961906454,10.963047830818033,-15.839485841571763,2.550937826346826,-25.09727357288438,6.581698110259171,0.5771054465099844,38.74739909312214,dbscl-sentinel-1-2019\dbscl-sentinel-1_2019-01\S1_2019-01-25_22-45-35\S1A_IW_GRDH_1SDV_20190125T224535_20190125T224600_025640_02D8DC_B9C3_metadata.json
2019-01-25 22:46:00,104.1744841583007,106.6475985820368,7.967264748005489,9.454622715565923,-17.25837050509632,2.5173096809759907,-27.703331723947727,6.813409286245046,0.6015312137760521,41.00054400826989,dbscl-sentinel-1-2019\dbscl-sentinel-1_2019-01\S1_2019-01-25_22-46-00\S1A_IW_GRDH_1SDV_20190125T224600_20190125T224619_025640_02D8DC_1824_metadata.json
2019-01-26 11:10:53,104.41529734150384,106.98730562908187,7.736126952865272,9.937124984097606,-17.69096327926387,2.53884276195787,-28.08613732690647,7.295789231621469,0.5856048589376849,38.579545122337485,dbscl-sentinel-1-2019\dbscl-sentinel-1_2019-01\S1_2019-01-26_11-10-53\S1A_IW_GRDH_1SDV_20190126T111053_20190126T111122_025648_02D92C_0A18_metadata.json
2019-01-26 11:11:22,104.1073719010995,106.66200194078084,9.488598917114643,11.445431109183543,-16.26328223997972,2.5117719932024416,-26.309021564533865,6.217542915425591,0.6083577435845672,40.33269366260683,dbscl-sentinel-1-2019\dbscl-sentinel-1_2019-01\S1_2019-01-26_11-11-22\S1A_IW_GRDH_1SDV_20190126T111122_20190126T111147_025648_02D92C_81F5_metadata.json
2019-01-30 22:53:41,102.44180827267002,104.98637327879696,9.59127610469901,11.386134862751378,-15.61464156499556,2.461108506711984,-25.471583744663214,5.75769938532764,0.6237292786966852,33.14214991482519,dbscl-sentinel-1-2019\dbscl-sentinel-1_2019-01\S1_2019-01-30_22-53-41\S1A_IW_GRDH_1SDV_20190130T225341_20190130T225406_025713_02DB87_01E1_metadata.json
2019-01-31 11:18:53,102.5673900112393,105.11062834570946,6.958412830974366,8.921821904541762,-16.32687762038064,2.490759283785273,-26.317571528626324,6.336183712135012,0.6089547188623791,45.97512632411177,dbscl-sentinel-1-2019\dbscl-sentinel-1_2019-01\S1_2019-01-31_11-18-53\S1A_IW_GRDH_1SDV_20190131T111853_20190131T111918_025721_02DBD0_EDA6_metadata.json
2019-01-31 11:19:18,102.25675780816258,104.80771781892034,8.470610730036016,10.430086014944024,-14.955736332772345,2.596677878553176,-23.54454894231587,6.36692372322883,0.5580251190149034,45.00123784755883,dbscl-sentinel-1-2019\dbscl-sentinel-1_2019-01\S1_2019-01-31_11-19-18\S1A_IW_GRDH_1SDV_20190131T111918_20190131T111943_025721_02DBD0_9644_metadata.json
2019-01-31 11:19:43,101.94619286061842,104.5070158463992,9.98288856547721,11.9389392673469,-14.405932812596967,2.543935094712145,-22.79156657024463,6.0202990549494135,0.5771466128391132,43.81263526884212,dbscl-sentinel-1-2019\dbscl-sentinel-1_2019-01\S1_2019-01-31_11-19-43\S1A_IW_GRDH_1SDV_20190131T111943_20190131T112008_025721_02DBD0_2BEC_metadata.json
2019-01-07 22:44:27,104.68213641102352,107.28638453369928,10.393289542653388,12.467245519486845,-16.296658324044557,2.550244196864631,-25.731418938396317,6.861897709692665,0.5721911500872051,37.87544846301928,dbscl-sentinel-1-2019\dbscl-sentinel-1_2019-01\S1_2019-01-07_22-44-27\S1B_IW_GRDH_1SDV_20190107T224427_20190107T224456_014394_01ACA3_CC34_metadata.json
2019-01-07 22:44:56,104.38214716108408,106.93265770959896,8.880947521351874,10.838877974604404,-16.525146568104994,2.595826216586507,-25.756263741458287,7.294029394751616,0.5506777569838833,38.87526474260172,dbscl-sentinel-1-2019\dbscl-sentinel-1_2019-01\S1_2019-01-07_22-44-56\S1B_IW_GRDH_1SDV_20190107T224456_20190107T224521_014394_01ACA3_D581_metadata.json
2019-01-07 22:45:21,104.07563878651996,106.62204778245577,7.467791074450702,9.330497868031053,-17.520483553579073,2.5443452072448243,-27.697199444704456,7.343767662453522,0.5777111294867548,41.19392436888045,dbscl-sentinel-1-2019\dbscl-sentinel-1_2019-01\S1_2019-01-07_22-45-21\S1B_IW_GRDH_1SDV_20190107T224521_20190107T224546_014394_01ACA3_B98E_metadata.json
2019-01-08 11:10:58,103.83396548777364,106.42389469865192,10.571421368185929,12.765943730373724,-17.73030655146088,2.4946925392410773,-28.947364648944472,6.513248453977221,0.6250268151709368,39.75205298819969,dbscl-sentinel-1-2019\dbscl-sentinel-1_2019-01\S1_2019-01-08_11-10-58\S1B_IW_GRDH_1SDV_20190108T111058_20190108T111127_014402_01ACE5_2399_metadata.json
2019-01-19 22:44:26,104.6825509489541,107.28656547215924,10.393557837649391,12.466689697427483,-16.02438067789374,2.520235454102897,-25.738130225055304,6.3106311307319976,0.5997035347907157,37.87769352486502,dbscl-sentinel-1-2019\dbscl-sentinel-1_2019-01\S1_2019-01-19_22-44-26\S1B_IW_GRDH_1SDV_20190119T224426_20190119T224455_014569_01B243_BBBD_metadata.json
2019-01-19 22:44:55,104.38237066529788,106.93285018096212,8.881035502020318,10.83888588394186,-16.494316806071243,2.5559857252968405,-25.83529287518563,7.153340736956912,0.5601064053636647,38.8771617674806,dbscl-sentinel-1-2019\dbscl-sentinel-1_2019-01\S1_2019-01-19_22-44-55\S1B_IW_GRDH_1SDV_20190119T224455_20190119T224520_014569_01B243_BED5_metadata.json
2019-01-19 22:45:20,104.07576673681108,106.62224637246028,7.467709815717346,9.330461608808497,-17.49647160727188,2.529664670067892,-27.905861178126564,7.087082036417116,0.5922270420166215,41.19573507170782,dbscl-sentinel-1-2019\dbscl-sentinel-1_2019-01\S1_2019-01-19_22-45-20\S1B_IW_GRDH_1SDV_20190119T224520_20190119T224546_014569_01B243_EF70_metadata.json
2019-01-20 11:10:58,103.83430788998214,106.42424541109418,10.571154216466956,12.765920641116097,-17.264806367354108,2.463384109967279,-28.33497022636614,6.19464250834206,0.63698131628544,39.75081197512039,dbscl-sentinel-1-2019\dbscl-sentinel-1_2019-01\S1_2019-01-20_11-10-58\S1B_IW_GRDH_1SDV_20190120T111058_20190120T111127_014577_01B285_9A52_metadata.json
2019-01-31 22:44:26,104.68238314059056,107.28642719764144,10.393583363776468,12.46680625033054,-15.98128464514987,2.532674048003855,-25.783890165328888,6.178679124970742,0.6073782216990313,37.87660578511467,dbscl-sentinel-1-2019\dbscl-sentinel-1_2019-01\S1_2019-01-31_22-44-26\S1B_IW_GRDH_1SDV_20190131T224426_20190131T224455_014744_01B7E1_A1AA_metadata.json
2019-01-31 22:44:55,104.38228577450354,106.93276209624727,8.88102584917551,10.838923911130134,-16.602500204025084,2.5752661604731704,-26.04075249543525,7.1642479126148535,0.5638455416407852,38.87623113176321,dbscl-sentinel-1-2019\dbscl-sentinel-1_2019-01\S1_2019-01-31_22-44-55\S1B_IW_GRDH_1SDV_20190131T224455_20190131T224520_014744_01B7E1_D322_metadata.json
2019-01-31 22:45:20,104.07572987577342,106.62222019958244,7.467616137644743,9.330488617938515,-17.59636834058986,2.5224301604133905,-28.032997340489565,7.159739340690217,0.5911116421622528,41.194863397814025,dbscl-sentinel-1-2019\dbscl-sentinel-1_2019-01\S1_2019-01-31_22-45-20\S1B_IW_GRDH_1SDV_20190131T224520_20190131T224545_014744_01B7E1_9423_metadata.json
2019-02-01 22:37:08,106.58512167174212,109.17837650454524,9.743371991665205,11.757035778784774,-18.04491025909207,2.454358529957654,-29.05317717668888,7.03664334149547,0.6036312242520531,45.70171336831298,dbscl-sentinel-1-2019\dbscl-sentinel-1_2019-02\S1_2019-02-01_22-37-08\S1A_IW_GRDH_1SDV_20190201T223708_20190201T223736_025742_02DCA5_B8D4_metadata.json
2019-02-02 11:03:07,106.11828037242888,108.70053236818484,9.463863772813546,11.66236108054924,-16.016807361706153,2.59347448945948,-24.91177969317016,7.12183503024216,0.5515310859051188,31.81523908009965,dbscl-sentinel-1-2019\dbscl-sentinel-1_2019-02\S1_2019-02-02_11-03-07\S1A_IW_GRDH_1SDV_20190202T110307_20190202T110336_025750_02DCF5_3E0D_metadata.json
2019-02-06 22:45:09,104.70691874051452,107.26327680877924,10.517768357397868,12.47130522395043,-15.407561711320009,2.44849594794237,-25.28889334484685,5.526230077793239,0.6339656729486216,37.781884982696894,dbscl-sentinel-1-2019\dbscl-sentinel-1_2019-02\S1_2019-02-06_22-45-09\S1A_IW_GRDH_1SDV_20190206T224509_20190206T224534_025815_02DF1D_56BB_metadata.json
2019-02-06 22:45:34,104.40703343055532,106.95922486293964,9.00522123209088,10.96300237737286,-16.062412953077217,2.541513889149176,-25.55224748914374,6.572578417010763,0.5817072559790182,38.75377970978345,dbscl-sentinel-1-2019\dbscl-sentinel-1_2019-02\S1_2019-02-06_22-45-34\S1A_IW_GRDH_1SDV_20190206T224534_20190206T224559_025815_02DF1D_5D47_metadata.json
2019-02-06 22:45:59,104.175869371097,106.64861836657631,7.966954213436633,9.454327536530124,-17.45947742508799,2.501011287586785,-28.171915150326523,6.747039699849291,0.6118268652097424,41.00678980657841,dbscl-sentinel-1-2019\dbscl-sentinel-1_2019-02\S1_2019-02-06_22-45-59\S1A_IW_GRDH_1SDV_20190206T224559_20190206T224618_025815_02DF1D_7A8F_metadata.json
2019-02-07 11:10:52,104.41638891653756,106.98844073142412,7.735879122303424,9.93699117954529,-17.802225403316804,2.499664520886093,-28.4447633632555,7.1596874433778925,0.5955680164603429,38.57060176193267,dbscl-sentinel-1-2019\dbscl-sentinel-1_2019-02\S1_2019-02-07_11-10-52\S1A_IW_GRDH_1SDV_20190207T111052_20190207T111121_025823_02DF6E_04BD_metadata.json
2019-02-07 11:11:21,104.10839866248166,106.66311525915614,9.488541937353377,11.445208108136397,-16.19032082612852,2.4906722290325654,-26.35415369741166,6.026487954845325,0.6166749142612883,40.32692608783591,dbscl-sentinel-1-2019\dbscl-sentinel-1_2019-02\S1_2019-02-07_11-11-21\S1A_IW_GRDH_1SDV_20190207T111121_20190207T111146_025823_02DF6E_BE90_metadata.json
2019-02-11 22:53:41,102.4422475088028,104.98695933965963,9.590719079206108,11.385963309271812,-15.607652893696232,2.49218310884548,-25.355419987413654,5.859885799978796,0.6162115853496538,33.14234109900778,dbscl-sentinel-1-2019\dbscl-sentinel-1_2019-02\S1_2019-02-11_22-53-41\S1A_IW_GRDH_1SDV_20190211T225341_20190211T225405_025888_02E1C5_B703_metadata.json
2019-02-12 11:18:53,102.5676765027028,105.11090027729236,6.958649975579678,8.921834452213274,-16.519560948127097,2.464109529803629,-26.880502510462502,6.158619385791657,0.6261205984718629,45.97407517032618,dbscl-sentinel-1-2019\dbscl-sentinel-1_2019-02\S1_2019-02-12_11-18-53\S1A_IW_GRDH_1SDV_20190212T111853_20190212T111918_025896_02E20B_D8C8_metadata.json
2019-02-12 11:19:18,102.25699679786254,104.80797347529251,8.470585658338399,10.430111963487787,-14.887482686178911,2.6020882678764647,-23.474371744743888,6.300593627613998,0.5632483093594128,45.001776897483104,dbscl-sentinel-1-2019\dbscl-sentinel-1_2019-02\S1_2019-02-12_11-19-18\S1A_IW_GRDH_1SDV_20190212T111918_20190212T111943_025896_02E20B_A946_metadata.json
2019-02-12 11:19:43,101.94640975079167,104.5072398947418,9.98285994294464,11.93895277867266,-14.282465143640485,2.541567322692156,-22.62496454187006,5.939965745410898,0.5788676824715715,43.812280584555054,dbscl-sentinel-1-2019\dbscl-sentinel-1_2019-02\S1_2019-02-12_11-19-43\S1A_IW_GRDH_1SDV_20190212T111943_20190212T112008_025896_02E20B_7ED6_metadata.json
2019-02-13 22:37:07,106.5860394551846,109.17919025509714,9.743540349380709,11.757145276316864,-18.073585770676196,2.4817701573608657,-29.319851616068828,6.827319925283586,0.6171503853004233,45.70542602737533,dbscl-sentinel-1-2019\dbscl-sentinel-1_2019-02\S1_2019-02-13_22-37-07\S1A_IW_GRDH_1SDV_20190213T223707_20190213T223735_025917_02E2D8_2A1F_metadata.json
2019-02-14 11:03:07,106.11851840237132,108.7005265682882,9.464199834318125,11.662445057256576,-15.90396759152085,2.574189626743834,-24.865011065175427,6.942924117866152,0.561494526319102,31.81372931569881,dbscl-sentinel-1-2019\dbscl-sentinel-1_2019-02\S1_2019-02-14_11-03-07\S1A_IW_GRDH_1SDV_20190214T110307_20190214T110336_025925_02E324_85AB_metadata.json
2019-02-18 22:45:09,104.7060028585903,107.26263799193,10.51760851640544,12.471344326935135,-15.11738526049252,2.4467179103338657,-24.683871833805757,5.550898687179121,0.6333700703533843,37.77735485485276,dbscl-sentinel-1-2019\dbscl-sentinel-1_2019-02\S1_2019-02-18_22-45-09\S1A_IW_GRDH_1SDV_20190218T224509_20190218T224534_025990_02E55C_3ACB_metadata.json
2019-02-18 22:45:34,104.40614166357943,106.95823789759676,9.005285165706846,10.963041683318922,-16.006735540967572,2.5544649931872563,-25.338961707972096,6.6745093739630335,0.5765914001461174,38.74948002775078,dbscl-sentinel-1-2019\dbscl-sentinel-1_2019-02\S1_2019-02-18_22-45-34\S1A_IW_GRDH_1SDV_20190218T224534_20190218T224559_025990_02E55C_97FF_metadata.json
2019-02-18 22:45:59,104.17496049547754,106.64761180493358,7.967325489745693,9.45458992121625,-17.533199331511813,2.486524579670192,-28.37790260039034,6.688496062633413,0.6144266956483045,41.00268532599218,dbscl-sentinel-1-2019\dbscl-sentinel-1_2019-02\S1_2019-02-18_22-45-59\S1A_IW_GRDH_1SDV_20190218T224559_20190218T224618_025990_02E55C_E7A5_metadata.json
2019-02-19 11:10:52,104.41563911286632,106.98778633524324,7.735638911741467,9.93696659408845,-17.744557104374046,2.535920461323812,-28.496079085696696,6.993035123051374,0.6029882771984257,38.57439568945269,dbscl-sentinel-1-2019\dbscl-sentinel-1_2019-02\S1_2019-02-19_11-10-52\S1A_IW_GRDH_1SDV_20190219T111052_20190219T111121_025998_02E5AD_8ED9_metadata.json
2019-02-19 11:11:21,104.10774741926303,106.66232596837747,9.488478724795678,11.44510453648152,-16.100031905091264,2.497267219832283,-26.05833500824152,6.141728801941025,0.6113121140177896,40.32999254505125,dbscl-sentinel-1-2019\dbscl-sentinel-1_2019-02\S1_2019-02-19_11-11-21\S1A_IW_GRDH_1SDV_20190219T111121_20190219T111146_025998_02E5AD_19FF_metadata.json
2019-02-23 22:53:41,102.44178658204086,104.9858937517296,9.591589009445617,11.385921815420682,-15.987571226760137,2.5410063404616814,-25.444666580426944,6.530475873093395,0.5852835843342253,33.143047599488966,dbscl-sentinel-1-2019\dbscl-sentinel-1_2019-02\S1_2019-02-23_22-53-41\S1A_IW_GRDH_1SDV_20190223T225341_20190223T225405_026063_02E802_7FF0_metadata.json
2019-02-24 11:18:53,102.5669466163211,105.11012998407632,6.958313508230937,8.921422210968649,-16.574501511224497,2.5083435383629773,-26.57821719866552,6.5707858237834325,0.5982043120692435,45.97586106183953,dbscl-sentinel-1-2019\dbscl-sentinel-1_2019-02\S1_2019-02-24_11-18-53\S1A_IW_GRDH_1SDV_20190224T111853_20190224T111918_026071_02E845_F84E_metadata.json
2019-02-24 11:19:18,102.25622045432004,104.80712529614492,8.470475998172242,10.43003403945838,-15.370901706027274,2.614009273755828,-24.15817835546803,6.583625056586499,0.5579907443350001,44.99845893301648,dbscl-sentinel-1-2019\dbscl-sentinel-1_2019-02\S1_2019-02-24_11-19-18\S1A_IW_GRDH_1SDV_20190224T111918_20190224T111943_026071_02E845_B359_metadata.json
2019-02-24 11:19:43,101.9456513771952,104.50658214806332,9.982848522276514,11.938871398705382,-14.77883934549393,2.5493989783914435,-23.34123395034401,6.216444740643733,0.5744079655475971,43.80981702347315,dbscl-sentinel-1-2019\dbscl-sentinel-1_2019-02\S1_2019-02-24_11-19-43\S1A_IW_GRDH_1SDV_20190224T111943_20190224T112008_026071_02E845_F76B_metadata.json
2019-02-25 22:37:07,106.58523533783064,109.1782850495634,9.743389280330096,11.757086888801304,-18.426192649317617,2.498259939969272,-29.671650929674644,7.180734368960495,0.6055629468930689,45.70219006212507,dbscl-sentinel-1-2019\dbscl-sentinel-1_2019-02\S1_2019-02-25_22-37-07\S1A_IW_GRDH_1SDV_20190225T223707_20190225T223735_026092_02E920_6C91_metadata.json
2019-02-26 11:03:07,106.11771181131368,108.69990715796716,9.464062893841666,11.66242005488784,-16.09016476164882,2.598606762235659,-24.99009181602148,7.1902377072762125,0.5497533460204089,31.81562404389451,dbscl-sentinel-1-2019\dbscl-sentinel-1_2019-02\S1_2019-02-26_11-03-07\S1A_IW_GRDH_1SDV_20190226T110307_20190226T110336_026100_02E96C_B43E_metadata.json
2019-02-01 11:10:58,103.834161322979,106.42408483630018,10.571163288119015,12.765887050751434,-17.036799942593916,2.487878774499318,-27.62895551475912,6.444644370428621,0.6190159184035023,39.75216599837127,dbscl-sentinel-1-2019\dbscl-sentinel-1_2019-02\S1_2019-02-01_11-10-58\S1B_IW_GRDH_1SDV_20190201T111058_20190201T111127_014752_01B823_0563_metadata.json
2019-02-12 22:44:26,104.68306353968904,107.2872507123656,10.39369690804996,12.46727038200947,-16.16435252583194,2.496141951451316,-26.09278161146903,6.235923440195123,0.6059635293130503,37.882546636054855,dbscl-sentinel-1-2019\dbscl-sentinel-1_2019-02\S1_2019-02-12_22-44-26\S1B_IW_GRDH_1SDV_20190212T224426_20190212T224455_014919_01BDA5_1B0D_metadata.json
2019-02-12 22:44:55,104.38321797757212,106.9336368203838,8.881113601952782,10.839039746084593,-16.725006734444175,2.559127508879369,-26.225917602106392,7.22409586678193,0.562263772078796,38.88188188817635,dbscl-sentinel-1-2019\dbscl-sentinel-1_2019-02\S1_2019-02-12_22-44-55\S1B_IW_GRDH_1SDV_20190212T224455_20190212T224520_014919_01BDA5_4388_metadata.json
2019-02-12 22:45:20,104.07650555455558,106.62296743199327,7.467985390415592,9.33042532634571,-17.54511511852294,2.5225306782747547,-27.934222604041736,7.156007633004042,0.5906461984741203,41.200209732404645,dbscl-sentinel-1-2019\dbscl-sentinel-1_2019-02\S1_2019-02-12_22-45-20\S1B_IW_GRDH_1SDV_20190212T224520_20190212T224545_014919_01BDA5_6B21_metadata.json
2019-02-13 11:10:57,103.8347521030738,106.42462415963072,10.571274824894052,12.765984925859382,-16.808811712469495,2.508083307317297,-27.070208706842788,6.547414718096181,0.6088481449167761,39.747910570936696,dbscl-sentinel-1-2019\dbscl-sentinel-1_2019-02\S1_2019-02-13_11-10-57\S1B_IW_GRDH_1SDV_20190213T111057_20190213T111126_014927_01BDE1_E948_metadata.json
2019-02-24 22:44:26,104.68197180623191,107.28617996335446,10.393386798749738,12.466853329881507,-15.977285626332195,2.513160216282443,-25.77247444224253,6.182096810421903,0.6085062883511928,37.8761684870295,dbscl-sentinel-1-2019\dbscl-sentinel-1_2019-02\S1_2019-02-24_22-44-26\S1B_IW_GRDH_1SDV_20190224T224426_20190224T224455_015094_01C35E_56CC_metadata.json
2019-02-24 22:44:55,104.3820031311355,106.9324922582089,8.881067267769524,10.83901409224956,-16.50481348401529,2.5637282143372584,-25.91685247570516,7.092774492325485,0.5633270160559046,38.87572955368041,dbscl-sentinel-1-2019\dbscl-sentinel-1_2019-02\S1_2019-02-24_22-44-55\S1B_IW_GRDH_1SDV_20190224T224455_20190224T224520_015094_01C35E_35EA_metadata.json
2019-02-24 22:45:20,104.07578862305677,106.62178281618462,7.4676410100379425,9.330627825923273,-17.652016896467853,2.496382565873042,-28.4856058148304,6.818427978105251,0.6107332084629501,41.194247733955166,dbscl-sentinel-1-2019\dbscl-sentinel-1_2019-02\S1_2019-02-24_22-45-20\S1B_IW_GRDH_1SDV_20190224T224520_20190224T224545_015094_01C35E_8EF8_metadata.json
2019-02-25 11:10:57,103.8335429481878,106.4231556255608,10.571904706361302,12.766258222218788,-16.97657427262359,2.5810837479587083,-26.61923109364481,7.333917451602415,0.3476291609545021,39.74972285990378,dbscl-sentinel-1-2019\dbscl-sentinel-1_2019-02\S1_2019-02-25_11-10-57\S1B_IW_GRDH_1SDV_20190225T111057_20190225T111126_015102_01C3A1_FF6A_metadata.json
2019-03-02 22:45:09,104.70518736162522,107.2619441609417,10.517611437899742,12.471389248647112,-15.565831439669108,2.498865413407471,-25.11118198146284,6.02048089787526,0.6104957854270582,37.77448821632433,dbscl-sentinel-1-2019\dbscl-sentinel-1_2019-03\S1_2019-03-02_22-45-09\S1A_IW_GRDH_1SDV_20190302T224509_20190302T224534_026165_02EBA7_5E56_metadata.json
2019-03-02 22:45:34,104.40552068930894,106.95761862559688,9.005311489204937,10.9630765328957,-16.484812379651927,2.565765826558662,-25.939251126559988,7.030373632743916,0.5640965861601954,38.74663860426957,dbscl-sentinel-1-2019\dbscl-sentinel-1_2019-03\S1_2019-03-02_22-45-34\S1A_IW_GRDH_1SDV_20190302T224534_20190302T224559_026165_02EBA7_5D07_metadata.json
2019-03-02 22:45:59,104.17415412815396,106.64703710440044,7.967598346687564,9.454392378001698,-17.843854659175626,2.510510130531421,-28.72394023449705,6.963769083854274,0.6043940946075798,41.00006137458874,dbscl-sentinel-1-2019\dbscl-sentinel-1_2019-03\S1_2019-03-02_22-45-59\S1A_IW_GRDH_1SDV_20190302T224559_20190302T224618_026165_02EBA7_061F_metadata.json
2019-03-03 11:10:52,104.41489410915888,106.98705131285942,7.735515647632567,9.936944913307256,-17.913037921590224,2.5144076217732847,-28.756217349384336,7.069858493796252,0.6007150081639068,38.57841388398335,dbscl-sentinel-1-2019\dbscl-sentinel-1_2019-03\S1_2019-03-03_11-10-52\S1A_IW_GRDH_1SDV_20190303T111052_20190303T111121_026173_02EBEE_3C02_metadata.json
2019-03-03 11:11:21,104.10712126078629,106.6616265479453,9.488442147529558,11.44522625269711,-16.284563010489343,2.546066273353387,-25.95173839593004,6.617387625048679,0.5869744639993866,40.333066769432335,dbscl-sentinel-1-2019\dbscl-sentinel-1_2019-03\S1_2019-03-03_11-11-21\S1A_IW_GRDH_1SDV_20190303T111121_20190303T111146_026173_02EBEE_A0A5_metadata.json
2019-03-07 22:53:41,102.441236096253,104.985125120695,9.591213353989517,11.386104617833103,-15.92734891649518,2.501342849406046,-25.42484115032528,6.4298566826650765,0.5903990477934655,33.14500290835436,dbscl-sentinel-1-2019\dbscl-sentinel-1_2019-03\S1_2019-03-07_22-53-41\S1A_IW_GRDH_1SDV_20190307T225341_20190307T225405_026238_02EE46_97BD_metadata.json
2019-03-08 11:18:53,102.5664525271948,105.10938190917028,6.958072491304308,8.921626032265522,-16.558280752399316,2.4881142205609965,-26.761717798110144,6.354843706688482,0.6113288450939481,45.9759612361682,dbscl-sentinel-1-2019\dbscl-sentinel-1_2019-03\S1_2019-03-08_11-18-53\S1A_IW_GRDH_1SDV_20190308T111853_20190308T111918_026246_02EE92_22AC_metadata.json
2019-03-08 11:19:18,102.25576116466878,104.80679510859304,8.470387981232522,10.429800663409283,-15.299756486380035,2.5835376446205056,-24.07564245952605,6.523870513233993,0.5600949567663085,44.99584830641204,dbscl-sentinel-1-2019\dbscl-sentinel-1_2019-03\S1_2019-03-08_11-19-18\S1A_IW_GRDH_1SDV_20190308T111918_20190308T111943_026246_02EE92_4213_metadata.json
2019-03-08 11:19:43,101.94521159262726,104.5061326317317,9.982584580332842,11.938674520301426,-14.763195190964952,2.545080081471966,-23.34610691080588,6.180283471124137,0.5764020399540583,43.80821320175258,dbscl-sentinel-1-2019\dbscl-sentinel-1_2019-03\S1_2019-03-08_11-19-43\S1A_IW_GRDH_1SDV_20190308T111943_20190308T112008_026246_02EE92_D63D_metadata.json
2019-03-09 22:37:07,106.58461485121248,109.17756139452884,9.742849117536636,11.757070410984744,-18.16638631221552,2.462284443631937,-29.87597081084842,6.456801813582368,0.6307321581173471,45.70203304800413,dbscl-sentinel-1-2019\dbscl-sentinel-1_2019-03\S1_2019-03-09_22-37-07\S1A_IW_GRDH_1SDV_20190309T223707_20190309T223735_026267_02EF6F_D9BC_metadata.json
2019-03-10 11:03:07,106.11731820685036,108.70004653652823,9.463069321160775,11.6618899372373,-16.14667729635839,2.560700008745199,-25.432985392436976,6.860369200279977,0.5662674116492491,31.815409576641343,dbscl-sentinel-1-2019\dbscl-sentinel-1_2019-03\S1_2019-03-10_11-03-07\S1A_IW_GRDH_1SDV_20190310T110307_20190310T110336_026275_02EFBA_8FA0_metadata.json
2019-03-14 22:45:09,104.70619489789722,107.26265043815538,10.517886810683402,12.47143169282202,-16.04378876622881,2.501703394626591,-25.74085082155833,6.346726710899171,0.6020994311204391,37.78168550841837,dbscl-sentinel-1-2019\dbscl-sentinel-1_2019-03\S1_2019-03-14_22-45-09\S1A_IW_GRDH_1SDV_20190314T224509_20190314T224534_026340_02F20B_2AB8_metadata.json
2019-03-14 22:45:34,104.40646485188309,106.95851280985524,9.005267988263661,10.963078991557508,-16.579541343461567,2.5535832163560603,-26.223386052234183,6.935696634689006,0.5756599116630771,38.75362501580384,dbscl-sentinel-1-2019\dbscl-sentinel-1_2019-03\S1_2019-03-14_22-45-34\S1A_IW_GRDH_1SDV_20190314T224534_20190314T224559_026340_02F20B_E63E_metadata.json
2019-03-14 22:45:59,104.17498000299082,106.64780223272636,7.967650735944157,9.45458727585703,-17.915918177248123,2.504393528210004,-28.85839023666397,6.973446117832154,0.6075560095389168,41.00641660917477,dbscl-sentinel-1-2019\dbscl-sentinel-1_2019-03\S1_2019-03-14_22-45-59\S1A_IW_GRDH_1SDV_20190314T224559_20190314T224618_026340_02F20B_9C03_metadata.json
2019-03-15 11:10:52,104.4154441574312,106.98765841109343,7.735255406236944,9.936964505568088,-18.02782619532424,2.500940514857432,-28.97197224339349,7.083680147255,0.6058411594387962,38.573114256106685,dbscl-sentinel-1-2019\dbscl-sentinel-1_2019-03\S1_2019-03-15_11-10-52\S1A_IW_GRDH_1SDV_20190315T111052_20190315T111121_026348_02F25C_D0BC_metadata.json
2019-03-15 11:11:21,104.10766003165678,106.6622528327341,9.488445404434849,11.445312478914149,-16.5639983555049,2.578310091310311,-26.094479027450337,7.03351768355937,0.5702336615221976,40.329233339715614,dbscl-sentinel-1-2019\dbscl-sentinel-1_2019-03\S1_2019-03-15_11-11-21\S1A_IW_GRDH_1SDV_20190315T111121_20190315T111146_026348_02F25C_3196_metadata.json
2019-03-19 22:53:41,102.441668245738,104.98555383128884,9.591709020924432,11.385809568437091,-15.959035110914344,2.517747339789237,-25.48423882854588,6.4338313932827935,0.5919396040330784,33.14635532780412,dbscl-sentinel-1-2019\dbscl-sentinel-1_2019-03\S1_2019-03-19_22-53-41\S1A_IW_GRDH_1SDV_20190319T225341_20190319T225405_026413_02F4C1_624A_metadata.json
2019-03-20 11:18:53,102.56715789413686,105.1098474370772,6.9579836483208215,8.921216321512054,-16.599161495695366,2.483837698075216,-26.90456910136598,6.293753890024768,0.6175028068692889,45.974600870642725,dbscl-sentinel-1-2019\dbscl-sentinel-1_2019-03\S1_2019-03-20_11-18-53\S1A_IW_GRDH_1SDV_20190320T111853_20190320T111918_026421_02F503_7F31_metadata.json
2019-03-20 11:19:18,102.25625433355594,104.8071549489446,8.47030728924951,10.42972367897229,-15.19011531861676,2.56191509575256,-23.880876087551503,6.4993545496820735,1.138931284848482,44.99735602736626,dbscl-sentinel-1-2019\dbscl-sentinel-1_2019-03\S1_2019-03-20_11-19-18\S1A_IW_GRDH_1SDV_20190320T111918_20190320T111943_026421_02F503_8A64_metadata.json
2019-03-20 11:19:43,101.94572016171992,104.5064835885146,9.982505294261667,11.93858333168755,-14.594683089583368,2.548704814578523,-23.043064493691755,6.146301685475038,0.5739663294678184,43.80989597497689,dbscl-sentinel-1-2019\dbscl-sentinel-1_2019-03\S1_2019-03-20_11-19-43\S1A_IW_GRDH_1SDV_20190320T111943_20190320T112008_026421_02F503_B7E6_metadata.json
2019-03-21 22:37:07,106.5846024414984,109.1775423414406,9.743335802124044,11.757012193998609,-18.32596216767811,2.4587454564556768,-30.15705074526753,6.494873590088544,0.6330342794865645,45.70260979138333,dbscl-sentinel-1-2019\dbscl-sentinel-1_2019-03\S1_2019-03-21_22-37-07\S1A_IW_GRDH_1SDV_20190321T223707_20190321T223735_026442_02F5DC_FD7E_metadata.json
2019-03-22 11:03:07,106.11742048830791,108.69995382893602,9.463211818424163,11.662218359207316,-16.094349822892067,2.578928633191305,-25.158588021905278,7.030111623878794,0.5536888988939325,31.814834177637124,dbscl-sentinel-1-2019\dbscl-sentinel-1_2019-03\S1_2019-03-22_11-03-07\S1A_IW_GRDH_1SDV_20190322T110307_20190322T110336_026450_02F629_CB41_metadata.json
2019-03-26 22:45:09,104.70544970129504,107.26234875264952,10.517620458744435,12.471393846545642,-16.84607500381705,2.5709106803118518,-26.425373833824302,7.266776173809804,0.5665591434298777,37.77785824669452,dbscl-sentinel-1-2019\dbscl-sentinel-1_2019-03\S1_2019-03-26_22-45-09\S1A_IW_GRDH_1SDV_20190326T224509_20190326T224534_026515_02F876_9C24_metadata.json
2019-03-26 22:45:34,104.40574209759764,106.9577900399214,9.005287102528994,10.963100817453702,-16.851702874372453,2.599280678638086,-26.43173686167453,7.271668887070421,0.5629513394734598,38.74999924884716,dbscl-sentinel-1-2019\dbscl-sentinel-1_2019-03\S1_2019-03-26_22-45-34\S1A_IW_GRDH_1SDV_20190326T224534_20190326T224559_026515_02F876_2A42_metadata.json
2019-03-26 22:45:59,104.1741067783784,106.64714171795468,7.967929073254887,9.454596325781838,-17.922433659355875,2.547870906110435,-28.583510928492093,7.261356390219603,0.5934186928866757,41.003050812354886,dbscl-sentinel-1-2019\dbscl-sentinel-1_2019-03\S1_2019-03-26_22-45-59\S1A_IW_GRDH_1SDV_20190326T224559_20190326T224619_026515_02F876_44FE_metadata.json
2019-03-27 11:10:52,104.4148028047194,106.98709068095654,7.735597689617493,9.936799084323123,-18.194453188683948,2.5012118243504142,-29.254612761209103,7.134293616158796,0.6060243107357421,38.57787000903419,dbscl-sentinel-1-2019\dbscl-sentinel-1_2019-03\S1_2019-03-27_11-10-52\S1A_IW_GRDH_1SDV_20190327T111052_20190327T111121_026523_02F8C5_51AF_metadata.json
2019-03-27 11:11:21,104.10699017997966,106.66157761108836,9.48842430768986,11.44528601034301,-16.838461196465193,2.588579483457565,-26.294189631936025,7.382732760994362,0.5570377936518556,40.33233009845157,dbscl-sentinel-1-2019\dbscl-sentinel-1_2019-03\S1_2019-03-27_11-11-21\S1A_IW_GRDH_1SDV_20190327T111121_20190327T111146_026523_02F8C5_56C3_metadata.json
2019-03-31 22:53:41,102.44114224980046,104.98512939977203,9.591648894313517,11.386018400950372,-15.555224327484192,2.5114396967509904,-24.672905049179995,6.437543605788216,0.5802882731355952,33.14802635442882,dbscl-sentinel-1-2019\dbscl-sentinel-1_2019-03\S1_2019-03-31_22-53-41\S1A_IW_GRDH_1SDV_20190331T225341_20190331T225406_026588_02FB31_FA81_metadata.json
2019-03-08 22:44:25,104.6820846272268,107.28605404624103,10.39341036418649,12.46722847735624,-16.101711576255784,2.523544581267274,-25.70985767028556,6.493565482225828,0.5920255708482859,37.87666188130384,dbscl-sentinel-1-2019\dbscl-sentinel-1_2019-03\S1_2019-03-08_22-44-25\S1B_IW_GRDH_1SDV_20190308T224425_20190308T224454_015269_01C923_DD6A_metadata.json
2019-03-08 22:44:54,104.38201636199416,106.93237733395974,8.881141434933319,10.839000120538191,-16.79900759538048,2.5664840956769384,-26.50594962524374,7.092065565517196,0.5689736201631873,38.876378195072384,dbscl-sentinel-1-2019\dbscl-sentinel-1_2019-03\S1_2019-03-08_22-44-54\S1B_IW_GRDH_1SDV_20190308T224454_20190308T224519_015269_01C923_D3F5_metadata.json
2019-03-08 22:45:19,104.07553050734812,106.62170825513016,7.467706306976949,9.330636456407758,-17.961143062838342,2.4894347666819567,-29.012609702388712,6.909676423288095,0.6122038376764501,41.1950033130147,dbscl-sentinel-1-2019\dbscl-sentinel-1_2019-03\S1_2019-03-08_22-45-19\S1B_IW_GRDH_1SDV_20190308T224519_20190308T224545_015269_01C923_0643_metadata.json
2019-03-09 11:10:57,103.83378911249652,106.42382038686785,10.570978292666023,12.765867963307793,-17.803558258841537,2.583818076081496,-27.808492281019483,7.798624236663441,0.5587107647779056,39.753247350866616,dbscl-sentinel-1-2019\dbscl-sentinel-1_2019-03\S1_2019-03-09_11-10-57\S1B_IW_GRDH_1SDV_20190309T111057_20190309T111126_015277_01C966_1F38_metadata.json
2019-03-20 22:44:25,104.6828132499876,107.28664132924936,10.393688330000105,12.467225299875556,-16.522753302415808,2.5504854657851586,-26.13621573528035,6.909290869551368,0.5787186819412389,37.88266481335702,dbscl-sentinel-1-2019\dbscl-sentinel-1_2019-03\S1_2019-03-20_22-44-25\S1B_IW_GRDH_1SDV_20190320T224425_20190320T224454_015444_01CED0_2633_metadata.json
2019-03-20 22:44:54,104.38288125427128,106.93324971491616,8.881067990854643,10.838948032547629,-17.001169485895005,2.5794589496621407,-26.76787064199561,7.234468329794449,0.566325586303429,38.88204610734974,dbscl-sentinel-1-2019\dbscl-sentinel-1_2019-03\S1_2019-03-20_22-44-54\S1B_IW_GRDH_1SDV_20190320T224454_20190320T224519_015444_01CED0_9AC2_metadata.json
2019-03-20 22:45:19,104.07686450902816,106.62265785368818,7.467791735349633,9.330308161039468,-18.115277821733844,2.489845032936987,-29.359285481208463,6.87127016225941,0.6161630948672225,41.20059630467637,dbscl-sentinel-1-2019\dbscl-sentinel-1_2019-03\S1_2019-03-20_22-45-19\S1B_IW_GRDH_1SDV_20190320T224519_20190320T224545_015444_01CED0_8B01_metadata.json
2019-03-21 11:10:57,103.8347108837173,106.42454975772851,10.57047047644856,12.766018824795454,-18.430068353818143,2.5984751168861284,-28.60389799316472,8.256238714471676,0.5487331437770352,39.7515842959084,dbscl-sentinel-1-2019\dbscl-sentinel-1_2019-03\S1_2019-03-21_11-10-57\S1B_IW_GRDH_1SDV_20190321T111057_20190321T111126_015452_01CF0F_20E0_metadata.json
2019-04-01 11:18:53,102.56680582303132,105.10949574837548,6.957953127454511,8.921509586945161,-16.54857680529911,2.4761875014252253,-26.8519762534416,6.245177357156615,0.6190794573211944,45.975298837058055,dbscl-sentinel-1-2019\dbscl-sentinel-1_2019-04\S1_2019-04-01_11-18-53\S1A_IW_GRDH_1SDV_20190401T111853_20190401T111918_026596_02FB7A_0B92_metadata.json
2019-04-01 11:19:18,102.25589510940104,104.8070136306974,8.470267529757624,10.429682285171213,-15.275699779883636,2.67070315782342,-23.98289224505572,6.568507314711587,0.5449329109775773,44.99594860198466,dbscl-sentinel-1-2019\dbscl-sentinel-1_2019-04\S1_2019-04-01_11-19-18\S1A_IW_GRDH_1SDV_20190401T111918_20190401T111943_026596_02FB7A_14EA_metadata.json
2019-04-01 11:19:43,101.94535064132413,104.50612276691636,9.982444888452893,11.938544964068107,-14.689454120157269,2.547444262933397,-23.208151719274436,6.170756521039955,0.5750704400994283,43.80844558759729,dbscl-sentinel-1-2019\dbscl-sentinel-1_2019-04\S1_2019-04-01_11-19-43\S1A_IW_GRDH_1SDV_20190401T111943_20190401T112008_026596_02FB7A_CF94_metadata.json
2019-04-02 22:37:08,106.58443895707124,109.17725727104502,9.743306771452078,11.7570296045034,-18.23557623418234,2.48433414784402,-29.58628255908957,6.8848699092752135,0.6144893432794558,45.70337460265789,dbscl-sentinel-1-2019\dbscl-sentinel-1_2019-04\S1_2019-04-02_22-37-08\S1A_IW_GRDH_1SDV_20190402T223708_20190402T223736_026617_02FC53_30EE_metadata.json
2019-04-03 11:03:07,106.11738083180664,108.6998062943203,9.463380596520295,11.662199373730754,-16.1543503430586,2.601838701275548,-25.044247368229858,7.264453317887229,0.5439746190500923,31.81482699344893,dbscl-sentinel-1-2019\dbscl-sentinel-1_2019-04\S1_2019-04-03_11-03-07\S1A_IW_GRDH_1SDV_20190403T110307_20190403T110336_026625_02FCA5_0076_metadata.json
2019-04-07 22:45:10,104.70534416024796,107.26205942351471,10.517607724804089,12.470963542277788,-17.354178601439582,2.604715166519336,-26.799149373309174,7.909207829569829,0.5503046060310959,37.778467348188805,dbscl-sentinel-1-2019\dbscl-sentinel-1_2019-04\S1_2019-04-07_22-45-10\S1A_IW_GRDH_1SDV_20190407T224510_20190407T224535_026690_02FEEA_5948_metadata.json
2019-04-07 22:45:35,104.4056809061039,106.95756890375654,9.005256855737986,10.963027128629866,-16.845243316992622,2.57799770535966,-26.44782635218477,7.242660281800488,0.5600395920566388,38.75068001737009,dbscl-sentinel-1-2019\dbscl-sentinel-1_2019-04\S1_2019-04-07_22-45-35\S1A_IW_GRDH_1SDV_20190407T224535_20190407T224600_026690_02FEEA_0A8D_metadata.json
2019-04-07 22:46:00,104.17433182295784,106.64704861818558,7.967289898113568,9.454359615410484,-18.15316060308565,2.4967351958683963,-29.323899713428595,6.982421492742716,0.6098594816349561,41.00386104349497,dbscl-sentinel-1-2019\dbscl-sentinel-1_2019-04\S1_2019-04-07_22-46-00\S1A_IW_GRDH_1SDV_20190407T224600_20190407T224619_026690_02FEEA_208C_metadata.json
2019-04-08 11:10:52,104.41523401441276,106.987555351125,7.7354483509183165,9.936910279198498,-18.331174127794384,2.4985795568659133,-29.48352993976146,7.178818315827402,0.604366191664228,38.57446023399224,dbscl-sentinel-1-2019\dbscl-sentinel-1_2019-04\S1_2019-04-08_11-10-52\S1A_IW_GRDH_1SDV_20190408T111052_20190408T111121_026698_02FF3A_4094_metadata.json
2019-04-08 11:11:21,104.1074038958816,106.66203279624752,9.488371236350954,11.444992256094398,-17.082949982214586,2.629207897495616,-26.64364411343862,7.522255850990431,0.5526460693514815,40.32985326751818,dbscl-sentinel-1-2019\dbscl-sentinel-1_2019-04\S1_2019-04-08_11-11-21\S1A_IW_GRDH_1SDV_20190408T111121_20190408T111146_026698_02FF3A_72BB_metadata.json
2019-04-12 22:53:41,102.44262814650888,104.98683613654474,9.591190691817356,11.386156381133752,-14.89809812432466,2.5675336097472354,-23.47098868777935,6.325207560870037,0.5657723200008987,33.1425238325462,dbscl-sentinel-1-2019\dbscl-sentinel-1_2019-04\S1_2019-04-12_22-53-41\S1A_IW_GRDH_1SDV_20190412T225341_20190412T225406_026763_030199_6D01_metadata.json
2019-04-13 11:18:53,102.56789373585556,105.11087859769098,6.9583051746993405,8.921461238271439,-16.653037315073938,2.484989373925391,-26.94643604625092,6.359638583897027,0.6128777118114539,45.97670168148777,dbscl-sentinel-1-2019\dbscl-sentinel-1_2019-04\S1_2019-04-13_11-18-53\S1A_IW_GRDH_1SDV_20190413T111853_20190413T111918_026771_0301E2_F62C_metadata.json
2019-04-13 11:19:18,102.2572248732774,104.80806181085508,8.470542008832556,10.430059513351337,-15.187425171021795,2.6021075472115296,-23.804802905910226,6.570047436133327,0.5544465631890582,45.0057410114139,dbscl-sentinel-1-2019\dbscl-sentinel-1_2019-04\S1_2019-04-13_11-19-18\S1A_IW_GRDH_1SDV_20190413T111918_20190413T111943_026771_0301E2_FDCF_metadata.json
2019-04-13 11:19:43,101.94667853500866,104.5073857351961,9.982871858423778,11.938928666672522,-14.644210241982291,2.5532834025095554,-23.084947265638437,6.203473218326186,0.5712526512767536,43.81629647127716,dbscl-sentinel-1-2019\dbscl-sentinel-1_2019-04\S1_2019-04-13_11-19-43\S1A_IW_GRDH_1SDV_20190413T111943_20190413T112008_026771_0301E2_A2F5_metadata.json
2019-04-14 22:37:08,106.58557085097922,109.17863036480044,9.743044371937726,11.757051676438264,-18.42828132029021,2.476800764793218,-30.06491609235748,6.79164654822288,0.6212681014147661,45.70395915016687,dbscl-sentinel-1-2019\dbscl-sentinel-1_2019-04\S1_2019-04-14_22-37-08\S1A_IW_GRDH_1SDV_20190414T223708_20190414T223736_026792_0302B8_1841_metadata.json
2019-04-15 11:03:07,106.11842742519369,108.70067890622808,9.463435199615269,11.662311545604329,-16.39173192960737,2.620698423752762,-25.22514466343676,7.558319195778098,0.5313335460869231,31.81773826403409,dbscl-sentinel-1-2019\dbscl-sentinel-1_2019-04\S1_2019-04-15_11-03-07\S1A_IW_GRDH_1SDV_20190415T110307_20190415T110336_026800_030303_F0E5_metadata.json
2019-04-19 22:45:10,104.70521966462016,107.2623827542563,10.517795500205374,12.471313645418334,-17.704308377738005,2.609459929008171,-27.236413273978638,8.172203481497485,0.53415163819095,37.77297494049032,dbscl-sentinel-1-2019\dbscl-sentinel-1_2019-04\S1_2019-04-19_22-45-10\S1A_IW_GRDH_1SDV_20190419T224510_20190419T224535_026865_030541_4BD0_metadata.json
2019-04-19 22:45:35,104.40562397761076,106.9578969600081,9.005166219765629,10.96301108099424,-17.163460558213576,2.564356974690502,-27.08679669766637,7.240124418760893,0.570547780679098,38.7450472616621,dbscl-sentinel-1-2019\dbscl-sentinel-1_2019-04\S1_2019-04-19_22-45-35\S1A_IW_GRDH_1SDV_20190419T224535_20190419T224600_026865_030541_FEC8_metadata.json
2019-04-19 22:46:00,104.17467346932948,106.64718984200556,7.9677373761032335,9.454549177885191,-18.366861625174785,2.4859326155573145,-29.789463776527917,6.944259473821334,0.6167153022586184,40.9984665875116,dbscl-sentinel-1-2019\dbscl-sentinel-1_2019-04\S1_2019-04-19_22-46-00\S1A_IW_GRDH_1SDV_20190419T224600_20190419T224619_026865_030541_5FD1_metadata.json
2019-04-20 11:10:53,104.4152213134707,106.98756417968694,7.734694354477575,9.936980632089083,-18.326624016550035,2.420113455888778,-29.516788462015388,7.136459571084677,0.6055208101393595,38.5792430666998,dbscl-sentinel-1-2019\dbscl-sentinel-1_2019-04\S1_2019-04-20_11-10-53\S1A_IW_GRDH_1SDV_20190420T111053_20190420T111122_026873_03058C_9740_metadata.json
2019-04-20 11:11:22,104.10738581572684,106.66175626665223,9.488520941139218,11.445098824925203,-17.112081246639697,2.562684139350281,-26.74876217509081,7.475400318188459,0.4935809674349449,40.33617315232726,dbscl-sentinel-1-2019\dbscl-sentinel-1_2019-04\S1_2019-04-20_11-11-22\S1A_IW_GRDH_1SDV_20190420T111122_20190420T111147_026873_03058C_E7E8_metadata.json
2019-04-24 22:53:42,102.44145868670492,104.98583455755976,9.59174009289138,11.385886151422069,-16.35197993966856,2.494515710604331,-25.835048727011557,6.868911152325351,0.5722458550249946,33.14163914854959,dbscl-sentinel-1-2019\dbscl-sentinel-1_2019-04\S1_2019-04-24_22-53-42\S1A_IW_GRDH_1SDV_20190424T225342_20190424T225407_026938_0307EB_A3A7_metadata.json
2019-04-25 11:18:54,102.56678069389883,105.1097153083822,6.958293764184875,8.921511014722643,-16.784237765234433,2.465278654441608,-27.35941137047046,6.209064159998367,0.6260268768634532,45.97935043837964,dbscl-sentinel-1-2019\dbscl-sentinel-1_2019-04\S1_2019-04-25_11-18-54\S1A_IW_GRDH_1SDV_20190425T111854_20190425T111919_026946_030834_DEBE_metadata.json
2019-04-25 11:19:19,102.25607559450798,104.80670864373712,8.470582096083362,10.43010911607191,-15.265455752942165,2.5288177628586856,-24.013177620217046,6.517733885667328,0.5599860239112603,45.00139398149421,dbscl-sentinel-1-2019\dbscl-sentinel-1_2019-04\S1_2019-04-25_11-19-19\S1A_IW_GRDH_1SDV_20190425T111919_20190425T111944_026946_030834_3FAA_metadata.json
2019-04-25 11:19:44,101.94552495309544,104.50624541061308,9.982893640264514,11.93892976265538,-14.644777755175133,2.5492558862400863,-23.11788871755013,6.171666792800178,0.5737826417855395,43.812725712782175,dbscl-sentinel-1-2019\dbscl-sentinel-1_2019-04\S1_2019-04-25_11-19-44\S1A_IW_GRDH_1SDV_20190425T111944_20190425T112009_026946_030834_4C01_metadata.json
2019-04-26 22:37:09,106.58503426399976,109.17801023108396,9.743728561551054,11.75713404636687,-18.251188708279525,2.492916616327161,-29.58889647979117,6.913480936768149,0.6112825311691347,45.70086692592108,dbscl-sentinel-1-2019\dbscl-sentinel-1_2019-04\S1_2019-04-26_22-37-09\S1A_IW_GRDH_1SDV_20190426T223709_20190426T223737_026967_030909_3F80_metadata.json
2019-04-27 11:03:08,106.11756610489628,108.69995083836888,9.463096849522588,11.662396148852746,-16.579973767272044,2.6148961474853527,-25.58165970416198,7.578287830382004,0.5356093277948278,31.820305571622534,dbscl-sentinel-1-2019\dbscl-sentinel-1_2019-04\S1_2019-04-27_11-03-08\S1A_IW_GRDH_1SDV_20190427T110308_20190427T110337_026975_030954_DDF6_metadata.json
2019-04-01 22:44:26,104.68176547215072,107.285575814342,10.393722844637567,12.46719564459289,-16.870636509068447,2.579657896907114,-26.380053753447324,7.361219264689282,0.5583868997521583,37.87748612077119,dbscl-sentinel-1-2019\dbscl-sentinel-1_2019-04\S1_2019-04-01_22-44-26\S1B_IW_GRDH_1SDV_20190401T224426_20190401T224455_015619_01D48E_3615_metadata.json
2019-04-01 22:44:55,104.38197809018476,106.93223376879452,8.881177741402931,10.83899793307322,-16.69959047771791,2.5795101574641914,-26.11795748104116,7.281223474394636,0.5579768433324904,38.87706543625748,dbscl-sentinel-1-2019\dbscl-sentinel-1_2019-04\S1_2019-04-01_22-44-55\S1B_IW_GRDH_1SDV_20190401T224455_20190401T224520_015619_01D48E_342D_metadata.json
2019-04-01 22:45:20,104.07574298979532,106.621637201797,7.467816820283519,9.330544960142726,-17.90042517285054,2.501443750891712,-28.85040609728024,6.950444248420783,0.6092705708850347,41.195573374596215,dbscl-sentinel-1-2019\dbscl-sentinel-1_2019-04\S1_2019-04-01_22-45-20\S1B_IW_GRDH_1SDV_20190401T224520_20190401T224545_015619_01D48E_2958_metadata.json
2019-04-02 11:10:57,103.83368279210428,106.42387421124084,10.57068174322582,12.765774732563337,-19.128645512441352,2.622553369821325,-29.381617274460872,8.875673750421745,0.5314544212504088,39.75641848837152,dbscl-sentinel-1-2019\dbscl-sentinel-1_2019-04\S1_2019-04-02_11-10-57\S1B_IW_GRDH_1SDV_20190402T111057_20190402T111126_015627_01D4D1_5535_metadata.json
2019-04-13 22:44:26,104.6827579958995,107.28664060765978,10.393341363331045,12.467192684838883,-17.648895257140943,2.535648507208216,-27.392743940927065,7.905046573354726,0.5507917424278996,37.87890591621423,dbscl-sentinel-1-2019\dbscl-sentinel-1_2019-04\S1_2019-04-13_22-44-26\S1B_IW_GRDH_1SDV_20190413T224426_20190413T224455_015794_01DA5F_7F6B_metadata.json
2019-04-13 22:44:55,104.3826755089007,106.9331432565228,8.88131732363403,10.838956541967312,-17.144042579720868,2.56821315533033,-26.987606123345916,7.300479036095992,0.5668425558299672,38.87841473834126,dbscl-sentinel-1-2019\dbscl-sentinel-1_2019-04\S1_2019-04-13_22-44-55\S1B_IW_GRDH_1SDV_20190413T224455_20190413T224520_015794_01DA5F_8359_metadata.json
2019-04-13 22:45:20,104.07613889206075,106.62256773248676,7.467574382536839,9.33053895972047,-18.182968471094227,2.478654870094756,-29.46344059733897,6.902496344849374,0.6163051342092907,41.19680087078333,dbscl-sentinel-1-2019\dbscl-sentinel-1_2019-04\S1_2019-04-13_22-45-20\S1B_IW_GRDH_1SDV_20190413T224520_20190413T224546_015794_01DA5F_4E37_metadata.json
2019-04-14 11:10:58,103.8345479523922,106.42441874574804,10.570593386827296,12.76589276090646,-19.71867335458591,2.661646311213083,-29.86028587652708,9.577060832644817,0.5128551236113619,39.75674168634665,dbscl-sentinel-1-2019\dbscl-sentinel-1_2019-04\S1_2019-04-14_11-10-58\S1B_IW_GRDH_1SDV_20190414T111058_20190414T111127_015802_01DAA2_798A_metadata.json
2019-04-25 22:44:27,104.68223917788836,107.28631201403414,10.393380883279995,12.467573624615648,-17.66022656587469,2.6110822877033644,-27.24019622871271,8.080256903036727,0.543884448592164,37.87611875096257,dbscl-sentinel-1-2019\dbscl-sentinel-1_2019-04\S1_2019-04-25_22-44-27\S1B_IW_GRDH_1SDV_20190425T224427_20190425T224456_015969_01E026_1FF3_metadata.json
2019-04-25 22:44:56,104.38224776901735,106.9328040670786,8.881048108825558,10.839033838612009,-17.380435899711276,2.5671522929410897,-27.374485899414783,7.386385900007715,0.5687951904176326,38.87564372880196,dbscl-sentinel-1-2019\dbscl-sentinel-1_2019-04\S1_2019-04-25_22-44-56\S1B_IW_GRDH_1SDV_20190425T224456_20190425T224521_015969_01E026_8EF7_metadata.json
2019-04-25 22:45:21,104.07604700506567,106.62219375688429,7.467704616640398,9.330632094399936,-18.27337500077945,2.487859412982328,-29.59213943870257,6.954610562856218,0.6151561714391723,41.19399615149196,dbscl-sentinel-1-2019\dbscl-sentinel-1_2019-04\S1_2019-04-25_22-45-21\S1B_IW_GRDH_1SDV_20190425T224521_20190425T224546_015969_01E026_7271_metadata.json
2019-04-26 11:10:58,103.83377460621512,106.42372450942996,10.571157697273929,12.765943776196474,-19.54903857366756,2.667955048618377,-29.487837601675647,9.610239545659528,0.5086878866715199,39.756719604580894,dbscl-sentinel-1-2019\dbscl-sentinel-1_2019-04\S1_2019-04-26_11-10-58\S1B_IW_GRDH_1SDV_20190426T111058_20190426T111127_015977_01E069_B63F_metadata.json
2019-05-01 22:45:11,104.7050051123484,107.26202767669744,10.5175516869549,12.471320222177152,-17.121792419942395,2.634135353245177,-26.192988470856527,8.050596369028279,0.5310745943966014,37.77309531740923,dbscl-sentinel-1-2019\dbscl-sentinel-1_2019-05\S1_2019-05-01_22-45-11\S1A_IW_GRDH_1SDV_20190501T224511_20190501T224536_027040_030B9F_85FC_metadata.json
2019-05-01 22:45:36,104.40538303089386,106.9575447634466,9.005199177747999,10.963011093434382,-16.906816096982514,2.069152837925901,-26.537945385337085,7.275686808627876,0.5623963116134307,38.745281706605,dbscl-sentinel-1-2019\dbscl-sentinel-1_2019-05\S1_2019-05-01_22-45-36\S1A_IW_GRDH_1SDV_20190501T224536_20190501T224601_027040_030B9F_918B_metadata.json
2019-05-01 22:46:01,104.17415749761425,106.64699005980049,7.967211837935123,9.45434933444876,-17.998854479328973,2.5132860980256373,-28.933797313780143,7.063911644877813,0.6001353015656892,40.99864630965708,dbscl-sentinel-1-2019\dbscl-sentinel-1_2019-05\S1_2019-05-01_22-46-01\S1A_IW_GRDH_1SDV_20190501T224601_20190501T224620_027040_030B9F_45C8_metadata.json
2019-05-02 11:10:53,104.41515576596892,106.98761868255126,7.733668908456283,9.936956760134771,-17.999762232622608,2.5406030347810264,-28.64580926870888,7.353715196536382,0.5851103804127138,38.57505190935599,dbscl-sentinel-1-2019\dbscl-sentinel-1_2019-05\S1_2019-05-02_11-10-53\S1A_IW_GRDH_1SDV_20190502T111053_20190502T111122_027048_030BEC_FB77_metadata.json
2019-05-02 11:11:22,104.10732510542016,106.66179728728576,9.488491453238884,11.4452654342361,-16.752142522123062,2.568481080632336,-26.26714669984967,7.237138344396568,0.5624502961186493,40.33501773171068,dbscl-sentinel-1-2019\dbscl-sentinel-1_2019-05\S1_2019-05-02_11-11-22\S1A_IW_GRDH_1SDV_20190502T111122_20190502T111147_027048_030BEC_2474_metadata.json
2019-05-06 22:53:42,102.441637634002,104.9861499628906,9.590912485048356,11.3857709623418,-16.249066792326495,2.5673232771940424,-25.64039620826912,6.85773737638366,0.5705919958074409,33.14579619879882,dbscl-sentinel-1-2019\dbscl-sentinel-1_2019-05\S1_2019-05-06_22-53-42\S1A_IW_GRDH_1SDV_20190506T225342_20190506T225407_027113_030E4F_56F7_metadata.json
2019-05-07 11:18:54,102.56795222514208,105.11107460637224,6.95849763729816,8.921606537262202,-16.15674573629845,2.54887928133077,-25.497996538091183,6.815494934505756,0.5731297333228721,45.97482534976164,dbscl-sentinel-1-2019\dbscl-sentinel-1_2019-05\S1_2019-05-07_11-18-54\S1A_IW_GRDH_1SDV_20190507T111854_20190507T111919_027121_030E92_FB3B_metadata.json
2019-05-07 11:19:19,102.25728241611505,104.80820793864416,8.47041594687914,10.42988206984493,-15.035533645475878,2.6548796778766905,-23.52923138801677,6.54183590293504,0.5512054860954471,45.0035952012053,dbscl-sentinel-1-2019\dbscl-sentinel-1_2019-05\S1_2019-05-07_11-19-19\S1A_IW_GRDH_1SDV_20190507T111919_20190507T111944_027121_030E92_9D75_metadata.json
2019-05-07 11:19:44,101.94677474721026,104.50754437351188,9.982713808965336,11.938728970695395,-14.508386656484328,2.546602203562449,-22.922526574096672,6.094246738871946,0.575357228492104,43.81478092258711,dbscl-sentinel-1-2019\dbscl-sentinel-1_2019-05\S1_2019-05-07_11-19-44\S1A_IW_GRDH_1SDV_20190507T111944_20190507T112009_027121_030E92_60BD_metadata.json
2019-05-08 22:37:09,106.58698035364688,109.17972592133135,9.742653967795553,11.75706318175478,-18.18244826247161,2.4895402996033598,-29.56374533461029,6.801151190332896,0.6131591497677218,45.70515517859613,dbscl-sentinel-1-2019\dbscl-sentinel-1_2019-05\S1_2019-05-08_22-37-09\S1A_IW_GRDH_1SDV_20190508T223709_20190508T223737_027142_030F40_F0F2_metadata.json
2019-05-09 11:03:08,106.1191360434205,108.70177445436263,9.461763540746892,11.662350753937044,-15.657139200275916,2.6652506853990574,-23.936000229855303,7.378278170696536,0.5194592036832582,31.81515107765641,dbscl-sentinel-1-2019\dbscl-sentinel-1_2019-05\S1_2019-05-09_11-03-08\S1A_IW_GRDH_1SDV_20190509T110308_20190509T110337_027150_030F7D_2F1C_metadata.json
2019-05-13 22:45:11,104.70632037319932,107.26305575253063,10.517607538129568,12.471420834850251,-16.201905014151215,2.5777999328880967,-25.35520076078926,7.048609267513248,0.5619070389830033,37.78010921220993,dbscl-sentinel-1-2019\dbscl-sentinel-1_2019-05\S1_2019-05-13_22-45-11\S1A_IW_GRDH_1SDV_20190513T224511_20190513T224536_027215_031175_E067_metadata.json
2019-05-13 22:45:36,104.40661201425596,106.95882555447096,9.005300481632242,10.96310968883916,-16.366599203813323,2.5764922394401264,-25.74139541866112,6.99180298896557,0.561926698001131,38.75176124958979,dbscl-sentinel-1-2019\dbscl-sentinel-1_2019-05\S1_2019-05-13_22-45-36\S1A_IW_GRDH_1SDV_20190513T224536_20190513T224601_027215_031175_A80F_metadata.json
2019-05-13 22:46:01,104.17552967261292,106.64818290890808,7.967556564366588,9.454436807689715,-17.344008658073896,2.5141732350193826,-27.863475475076715,6.824541841071013,0.5967494550762814,41.00461719817551,dbscl-sentinel-1-2019\dbscl-sentinel-1_2019-05\S1_2019-05-13_22-46-01\S1A_IW_GRDH_1SDV_20190513T224601_20190513T224620_027215_031175_2DFC_metadata.json
2019-05-14 11:10:54,104.41588611599978,106.98821749419542,7.73434391445419,9.937001181404383,-17.655938764000435,2.561196609489909,-28.014396577919992,7.297480950080744,0.577615139989288,38.57217949388847,dbscl-sentinel-1-2019\dbscl-sentinel-1_2019-05\S1_2019-05-14_11-10-54\S1A_IW_GRDH_1SDV_20190514T111054_20190514T111123_027223_0311B6_FB18_metadata.json
2019-05-14 11:11:23,104.10793690697676,106.66245748665644,9.48853238936313,11.4453528837152,-16.361543742072115,1.7169008836014412,-25.76973943181935,6.953348052324876,0.5692912508371804,40.33111936338391,dbscl-sentinel-1-2019\dbscl-sentinel-1_2019-05\S1_2019-05-14_11-11-23\S1A_IW_GRDH_1SDV_20190514T111123_20190514T111148_027223_0311B6_124B_metadata.json
2019-05-18 22:53:43,102.4415185106966,104.98575361135072,9.591156868152083,11.38578090467502,-15.880530742179086,2.587384106551912,-24.96230171088977,6.798759773468346,0.5614565362812276,33.143811850402834,dbscl-sentinel-1-2019\dbscl-sentinel-1_2019-05\S1_2019-05-18_22-53-43\S1A_IW_GRDH_1SDV_20190518T225343_20190518T225408_027288_0313C7_EFFA_metadata.json
2019-05-19 11:18:55,102.56735227357215,105.11023856004972,6.958227145916869,8.921305492298124,-16.137132427597372,2.5065525878435486,-25.89752677420639,6.376738080988322,0.5992892678717024,45.9759775236714,dbscl-sentinel-1-2019\dbscl-sentinel-1_2019-05\S1_2019-05-19_11-18-55\S1A_IW_GRDH_1SDV_20190519T111855_20190519T111920_027296_03140A_9CCF_metadata.json
2019-05-19 11:19:20,102.25663172100184,104.80727329305708,8.470436486845188,10.42994040416334,-14.78809027446281,2.565473210045852,-23.060469041049544,6.515711507876072,0.5517871015999964,45.00125197406668,dbscl-sentinel-1-2019\dbscl-sentinel-1_2019-05\S1_2019-05-19_11-19-20\S1A_IW_GRDH_1SDV_20190519T111920_20190519T111945_027296_03140A_E063_metadata.json
2019-05-19 11:19:45,101.946135133601,104.5070131802171,9.982751499872352,11.938776812331504,-14.2578561419355,2.5672787292424046,-22.35823048095499,6.157481802916045,0.5630291653878924,43.81326648270923,dbscl-sentinel-1-2019\dbscl-sentinel-1_2019-05\S1_2019-05-19_11-19-45\S1A_IW_GRDH_1SDV_20190519T111945_20190519T112010_027296_03140A_2CF4_metadata.json
2019-05-20 22:37:10,106.58509955002616,109.17809107070508,9.742667992750077,11.756996124457023,-18.325406632055216,2.510050711494844,-29.642014357995667,7.008798906114576,0.6021701099320118,45.70208891721977,dbscl-sentinel-1-2019\dbscl-sentinel-1_2019-05\S1_2019-05-20_22-37-10\S1A_IW_GRDH_1SDV_20190520T223710_20190520T223738_027317_0314B8_F59A_metadata.json
2019-05-21 11:03:09,106.11809922582523,108.70086305306484,9.461538972409372,11.662289608427406,-15.54067993020014,2.6738095888180475,-23.685184462726056,7.396175397674226,0.5094913608526934,31.81524860412576,dbscl-sentinel-1-2019\dbscl-sentinel-1_2019-05\S1_2019-05-21_11-03-09\S1A_IW_GRDH_1SDV_20190521T110309_20190521T110338_027325_0314F7_FB4C_metadata.json
2019-05-25 22:45:12,104.70582274409192,107.26260886054978,10.517796203753337,12.471309916018193,-16.106019652781605,2.521477107450827,-25.805158568764657,6.406880736798786,0.5963091197315017,37.77963906207745,dbscl-sentinel-1-2019\dbscl-sentinel-1_2019-05\S1_2019-05-25_22-45-12\S1A_IW_GRDH_1SDV_20190525T224512_20190525T224537_027390_0316EE_1689_metadata.json
2019-05-25 22:45:37,104.40614752519114,106.95819096798094,9.005503242419467,10.962993923979342,-16.52078017873787,2.4627687876951225,-26.06340938731859,6.978150970157111,0.566749505957712,38.75166406095428,dbscl-sentinel-1-2019\dbscl-sentinel-1_2019-05\S1_2019-05-25_22-45-37\S1A_IW_GRDH_1SDV_20190525T224537_20190525T224602_027390_0316EE_9F2E_metadata.json
2019-05-25 22:46:02,104.175019106696,106.64756395064434,7.967423925425317,9.454491635358291,-17.78568579779077,2.510190983544581,-28.541194118673797,7.030177476907864,0.5980100445575316,41.00477323130501,dbscl-sentinel-1-2019\dbscl-sentinel-1_2019-05\S1_2019-05-25_22-46-02\S1A_IW_GRDH_1SDV_20190525T224602_20190525T224621_027390_0316EE_E316_metadata.json
2019-05-26 11:10:55,104.41549229674472,106.98790453001284,7.733918634055352,9.936955146309865,-17.86459402749615,2.603513105312837,-27.99469202510583,7.73449602988659,0.5606602847371909,38.57035246894506,dbscl-sentinel-1-2019\dbscl-sentinel-1_2019-05\S1_2019-05-26_11-10-55\S1A_IW_GRDH_1SDV_20190526T111055_20190526T111124_027398_03172F_5F53_metadata.json
2019-05-26 11:11:24,104.10755527295474,106.66223214245812,9.488467935059216,11.445279128282806,-16.330713469545667,2.566862957698284,-25.719436602680567,6.941990336410765,0.566818230184278,40.33022189435921,dbscl-sentinel-1-2019\dbscl-sentinel-1_2019-05\S1_2019-05-26_11-11-24\S1A_IW_GRDH_1SDV_20190526T111124_20190526T111149_027398_03172F_0FB9_metadata.json
2019-05-30 22:53:44,102.44213441976729,104.9861931996786,9.591761033047687,11.386083956650648,-16.298913410532606,2.589912835795172,-25.5441104133724,7.053716407692651,0.5573034875352031,33.142755927935426,dbscl-sentinel-1-2019\dbscl-sentinel-1_2019-05\S1_2019-05-30_22-53-44\S1A_IW_GRDH_1SDV_20190530T225344_20190530T225408_027463_03193A_B9F2_metadata.json
2019-05-31 11:18:56,102.56760137742734,105.11037952156848,6.958251439782371,8.921765853684247,-16.22849649527186,2.493630490845954,-26.1712212473796,6.285771743164101,0.6073836457732785,45.977397086719385,dbscl-sentinel-1-2019\dbscl-sentinel-1_2019-05\S1_2019-05-31_11-18-56\S1A_IW_GRDH_1SDV_20190531T111856_20190531T111921_027471_03197D_85A3_metadata.json
2019-05-31 11:19:21,102.25669415333846,104.80759137113034,8.470543546295957,10.429947788392628,-14.960517701932092,2.5518378246857094,-23.315387717148056,6.605647686716184,0.5469045828266064,45.00265644188358,dbscl-sentinel-1-2019\dbscl-sentinel-1_2019-05\S1_2019-05-31_11-19-21\S1A_IW_GRDH_1SDV_20190531T111921_20190531T111946_027471_03197D_D30D_metadata.json
2019-05-31 11:19:46,101.94615846819856,104.50685383148422,9.982770845354016,11.93886547916084,-14.349311885581429,2.572577400853965,-22.4576535306233,6.240970240539552,0.5602263431379794,43.81475341282045,dbscl-sentinel-1-2019\dbscl-sentinel-1_2019-05\S1_2019-05-31_11-19-46\S1A_IW_GRDH_1SDV_20190531T111946_20190531T112011_027471_03197D_4255_metadata.json
2019-05-07 22:44:27,104.68249151309702,107.286311833637,10.393450403412192,12.467032068816591,-16.937514394725987,2.3075821383272923,-26.35679685834776,7.518231931104303,0.5536653420553305,37.881181852023744,dbscl-sentinel-1-2019\dbscl-sentinel-1_2019-05\S1_2019-05-07_22-44-27\S1B_IW_GRDH_1SDV_20190507T224427_20190507T224456_016144_01E5FD_F2E5_metadata.json
2019-05-07 22:44:56,104.38255385553724,106.93291980213576,8.881107834829214,10.838914083394348,-16.91640103809129,2.587616349025806,-26.61629847040877,7.216503605773813,0.5657183030781487,38.8806379419784,dbscl-sentinel-1-2019\dbscl-sentinel-1_2019-05\S1_2019-05-07_22-44-56\S1B_IW_GRDH_1SDV_20190507T224456_20190507T224521_016144_01E5FD_9395_metadata.json
2019-05-07 22:45:21,104.07573988850623,106.6223195845822,7.466844906222485,9.33052149981883,-17.842352974074508,2.506312861132347,-28.705041811623232,6.9796641365257885,0.6041608502854323,41.19910376113271,dbscl-sentinel-1-2019\dbscl-sentinel-1_2019-05\S1_2019-05-07_22-45-21\S1B_IW_GRDH_1SDV_20190507T224521_20190507T224547_016144_01E5FD_B3CD_metadata.json
2019-05-08 11:10:59,103.834695492802,106.42453349354813,10.571111443457893,12.765832972108942,-18.53860585501923,2.653979771415235,-28.15881247087483,8.918399239163609,0.5212967863565628,39.74996800443981,dbscl-sentinel-1-2019\dbscl-sentinel-1_2019-05\S1_2019-05-08_11-10-59\S1B_IW_GRDH_1SDV_20190508T111059_20190508T111128_016152_01E63B_1F39_metadata.json
2019-05-19 22:44:28,104.68227530201476,107.28623687863204,10.393336929051683,12.467444477241182,-16.661199568054208,2.526565442449015,-26.510225578867782,6.812173557240726,0.5849816102242588,37.87716096694957,dbscl-sentinel-1-2019\dbscl-sentinel-1_2019-05\S1_2019-05-19_22-44-28\S1B_IW_GRDH_1SDV_20190519T224428_20190519T224457_016319_01EB65_4B32_metadata.json
2019-05-19 22:44:57,104.3821420108122,106.93257160641112,8.881056783108434,10.838896859710124,-16.92503148979282,2.570846725160768,-26.72328385018965,7.126779129395956,0.5652273844335672,38.876685110081056,dbscl-sentinel-1-2019\dbscl-sentinel-1_2019-05\S1_2019-05-19_22-44-57\S1B_IW_GRDH_1SDV_20190519T224457_20190519T224522_016319_01EB65_ADDA_metadata.json
2019-05-19 22:45:22,104.07572349597942,106.62192789102406,7.467583442424794,9.330447351259004,-17.69475262565149,2.51387124432612,-28.41576424407803,6.973741007224886,0.6044179078006661,41.195240763276885,dbscl-sentinel-1-2019\dbscl-sentinel-1_2019-05\S1_2019-05-19_22-45-22\S1B_IW_GRDH_1SDV_20190519T224522_20190519T224547_016319_01EB65_16A8_metadata.json
2019-05-20 11:10:59,103.83430355577156,106.42427569298025,10.570824350171089,12.76581439187407,-17.665395012356214,2.5310799955373526,-28.17297527088957,7.157814753822976,0.5947818192172846,39.7544272243924,dbscl-sentinel-1-2019\dbscl-sentinel-1_2019-05\S1_2019-05-20_11-10-59\S1B_IW_GRDH_1SDV_20190520T111059_20190520T111129_016327_01EBA0_D920_metadata.json
2019-05-31 22:44:28,104.68225528248554,107.28635963888652,10.393278979939238,12.46776581629431,-16.23213665422511,2.5255767895817134,-26.078044127332458,6.386229181117839,0.5999619338866606,37.87664948154377,dbscl-sentinel-1-2019\dbscl-sentinel-1_2019-05\S1_2019-05-31_22-44-28\S1B_IW_GRDH_1SDV_20190531T224428_20190531T224457_016494_01F0B7_3B19_metadata.json
2019-05-31 22:44:57,104.38240858201792,106.9328653120822,8.880951004829598,10.838833639032172,-16.80824634674936,2.573003830245289,-26.57241277956756,7.044079913931161,0.5694873963721495,38.87614981959132,dbscl-sentinel-1-2019\dbscl-sentinel-1_2019-05\S1_2019-05-31_22-44-57\S1B_IW_GRDH_1SDV_20190531T224457_20190531T224522_016494_01F0B7_B293_metadata.json
2019-05-31 22:45:22,104.07605108105454,106.62223468010896,7.467796378592204,9.330501780486674,-17.6328329882884,2.507067493096412,-28.3696969082936,6.895969068283182,0.6008721976329813,41.19468867800409,dbscl-sentinel-1-2019\dbscl-sentinel-1_2019-05\S1_2019-05-31_22-45-22\S1B_IW_GRDH_1SDV_20190531T224522_20190531T224548_016494_01F0B7_27F0_metadata.json
2019-06-01 22:37:10,106.58520970900008,109.17816465201147,9.743296592276026,11.756906795022116,-18.38603011290231,2.52466484952229,-29.560813865755023,7.211246360049722,0.594524009580653,45.70179066632552,dbscl-sentinel-1-2019\dbscl-sentinel-1_2019-06\S1_2019-06-01_22-37-10\S1A_IW_GRDH_1SDV_20190601T223710_20190601T223738_027492_031A29_237D_metadata.json
2019-06-02 11:03:10,106.11815413503066,108.700569342528,9.46296190113136,11.662282281660802,-16.16277240077097,2.6456027095093635,-24.77763311391764,7.5479116876242625,0.5215231843587155,31.816853681076772,dbscl-sentinel-1-2019\dbscl-sentinel-1_2019-06\S1_2019-06-02_11-03-10\S1A_IW_GRDH_1SDV_20190602T110310_20190602T110339_027500_031A67_9966_metadata.json
2019-06-06 22:45:12,104.70627392062876,107.26298612571529,10.517722853118048,12.471258356533337,-15.618561289407577,2.488921532127002,-24.987567205857427,6.249555372957631,0.5942647267771581,37.782578023530256,dbscl-sentinel-1-2019\dbscl-sentinel-1_2019-06\S1_2019-06-06_22-45-12\S1A_IW_GRDH_1SDV_20190606T224512_20190606T224537_027565_031C54_58E8_metadata.json
2019-06-06 22:45:37,104.40658972229988,106.95864143863822,9.005206781196826,10.962959166250284,-16.442012595022497,2.593244296945928,-25.796756211804997,7.087268978240126,0.5581998793025493,38.75433180426148,dbscl-sentinel-1-2019\dbscl-sentinel-1_2019-06\S1_2019-06-06_22-45-37\S1A_IW_GRDH_1SDV_20190606T224537_20190606T224602_027565_031C54_A0D8_metadata.json
2019-06-06 22:46:02,104.17508995447952,106.64808693023332,7.966652857260582,9.454495711827027,-17.511424574187807,2.55099638592486,-28.028159493481645,6.994689654894044,0.5938284245805779,41.007382753199735,dbscl-sentinel-1-2019\dbscl-sentinel-1_2019-06\S1_2019-06-06_22-46-02\S1A_IW_GRDH_1SDV_20190606T224602_20190606T224622_027565_031C54_1E41_metadata.json
2019-06-07 11:10:55,104.4161605644114,106.98857514231986,7.734218575322887,9.936975997651714,-17.759480187713486,2.565038080287995,-27.99088198134123,7.528078394085772,0.5699775974090849,38.56889880542391,dbscl-sentinel-1-2019\dbscl-sentinel-1_2019-06\S1_2019-06-07_11-10-55\S1A_IW_GRDH_1SDV_20190607T111055_20190607T111124_027573_031C94_19E1_metadata.json
2019-06-07 11:11:24,104.10818249690436,106.66280157555184,9.488494889820869,11.445317735882387,-16.238170977462946,2.5530228250231506,-25.79220983289875,6.684132122027149,0.5798824180472407,40.328342316102265,dbscl-sentinel-1-2019\dbscl-sentinel-1_2019-06\S1_2019-06-07_11-11-24\S1A_IW_GRDH_1SDV_20190607T111124_20190607T111149_027573_031C94_8EBA_metadata.json
2019-06-11 22:53:44,102.44316823092436,104.98706373253198,9.590841915472888,11.385789510392888,-16.34226613496105,2.521310783937256,-25.50919508305507,7.175337186867094,0.5504772687492059,33.147324035728694,dbscl-sentinel-1-2019\dbscl-sentinel-1_2019-06\S1_2019-06-11_22-53-44\S1A_IW_GRDH_1SDV_20190611T225344_20190611T225409_027638_031E92_73F2_metadata.json
2019-06-12 11:18:56,102.56831454416874,105.11150418470568,6.958215277303962,8.921381241859542,-15.939857386512168,2.5281507401393437,-25.38666397805136,6.49305079497294,0.5860969903426234,45.9729710991777,dbscl-sentinel-1-2019\dbscl-sentinel-1_2019-06\S1_2019-06-12_11-18-56\S1A_IW_GRDH_1SDV_20190612T111856_20190612T111921_027646_031ED2_C603_metadata.json
2019-06-12 11:19:21,102.2577110631695,104.80871310907276,8.47045544493016,10.429905164908178,-14.66498780490596,2.938814037337177,-22.67778969837008,6.652185911441869,0.5354881204214821,45.004341190045565,dbscl-sentinel-1-2019\dbscl-sentinel-1_2019-06\S1_2019-06-12_11-19-21\S1A_IW_GRDH_1SDV_20190612T111921_20190612T111946_027646_031ED2_9A04_metadata.json
2019-06-12 11:19:46,101.947167171991,104.50794119222148,9.982684767534316,11.938835758287714,-14.20650525116798,2.577937955405292,-22.17854858352531,6.234461918810686,0.5565652653869,43.81511454590536,dbscl-sentinel-1-2019\dbscl-sentinel-1_2019-06\S1_2019-06-12_11-19-46\S1A_IW_GRDH_1SDV_20190612T111946_20190612T112011_027646_031ED2_2825_metadata.json
2019-06-13 22:37:11,106.58657397637066,109.17955208377766,9.74226225747238,11.756932362039676,-17.79828362453909,2.546639298292076,-28.374500466774347,7.222066782303849,0.5804712248447177,45.70634231112452,dbscl-sentinel-1-2019\dbscl-sentinel-1_2019-06\S1_2019-06-13_22-37-11\S1A_IW_GRDH_1SDV_20190613T223711_20190613T223739_027667_031F76_0D6D_metadata.json
2019-06-14 11:03:10,106.11927125359628,108.70177227939418,9.461546588062689,11.662353380455562,-15.800701171101668,2.6356998947591306,-24.10083657129225,7.500565770911054,0.5124269272568691,31.81342658768104,dbscl-sentinel-1-2019\dbscl-sentinel-1_2019-06\S1_2019-06-14_11-03-10\S1A_IW_GRDH_1SDV_20190614T110310_20190614T110339_027675_031FB3_6348_metadata.json
2019-06-18 22:45:13,104.70648794073033,107.2630412319108,10.517513322947686,12.47127716162031,-15.92115533966054,2.43158318405262,-25.868156654598845,5.974154024722199,0.6182677994334544,37.78275991614744,dbscl-sentinel-1-2019\dbscl-sentinel-1_2019-06\S1_2019-06-18_22-45-13\S1A_IW_GRDH_1SDV_20190618T224513_20190618T224538_027740_03219B_ECB9_metadata.json
2019-06-18 22:45:38,104.406911934647,106.9589976902957,9.005230270794566,10.96296188111444,-16.987925532550843,2.6280303699569942,-26.486558638799387,7.489292426302224,0.5497427000955586,38.75437722316517,dbscl-sentinel-1-2019\dbscl-sentinel-1_2019-06\S1_2019-06-18_22-45-38\S1A_IW_GRDH_1SDV_20190618T224538_20190618T224603_027740_03219B_E07C_metadata.json
2019-06-18 22:46:03,104.17521710816185,106.64840841848206,7.9666545112245375,9.454507595754883,-17.719976577707172,2.5539379080351194,-28.201414633112385,7.238538522301988,0.5855091587004994,41.00733054712381,dbscl-sentinel-1-2019\dbscl-sentinel-1_2019-06\S1_2019-06-18_22-46-03\S1A_IW_GRDH_1SDV_20190618T224603_20190618T224622_027740_03219B_01F3_metadata.json
2019-06-19 11:10:56,104.41644469455134,106.98886513499104,7.73406578524644,9.936976822523365,-18.05906311870808,2.584419832189225,-28.23413771642345,7.883988520992789,0.557283274673809,38.5679936048074,dbscl-sentinel-1-2019\dbscl-sentinel-1_2019-06\S1_2019-06-19_11-10-56\S1A_IW_GRDH_1SDV_20190619T111056_20190619T111125_027748_0321D7_91E4_metadata.json
2019-06-19 11:11:25,104.1084010554604,106.66308980102058,9.488520425287382,11.445103239562942,-16.406193438581933,2.5662288815307286,-25.92149335100777,6.890893526156186,0.5697390610699874,40.32804770941419,dbscl-sentinel-1-2019\dbscl-sentinel-1_2019-06\S1_2019-06-19_11-11-25\S1A_IW_GRDH_1SDV_20190619T111125_20190619T111150_027748_0321D7_0485_metadata.json
2019-06-23 22:53:45,102.44269418098364,104.98705071684992,9.591128594984111,11.38582701103826,-16.391684583273648,2.663903251769978,-25.563256275020592,7.220112891526953,0.5490498713997072,33.142098830220526,dbscl-sentinel-1-2019\dbscl-sentinel-1_2019-06\S1_2019-06-23_22-53-45\S1A_IW_GRDH_1SDV_20190623T225345_20190623T225409_027813_0323C6_FACF_metadata.json
2019-06-24 11:18:57,102.56813732466672,105.11081641382964,6.95875213575782,8.921548491494516,-15.901321551973515,2.532707473419718,-25.28360980620897,6.519033297738072,0.5829799563366078,45.97654670413439,dbscl-sentinel-1-2019\dbscl-sentinel-1_2019-06\S1_2019-06-24_11-18-57\S1A_IW_GRDH_1SDV_20190624T111857_20190624T111922_027821_032404_FCE6_metadata.json
2019-06-24 11:19:22,102.25745879950584,104.80809271050416,8.470681588211285,10.430161087118174,-14.66127288709093,2.617701310344513,-22.65909707686356,6.663448697318291,0.5313527243151811,45.0069900437061,dbscl-sentinel-1-2019\dbscl-sentinel-1_2019-06\S1_2019-06-24_11-19-22\S1A_IW_GRDH_1SDV_20190624T111922_20190624T111947_027821_032404_4A98_metadata.json
2019-06-24 11:19:47,101.94691501691892,104.5076205377379,9.98295502811886,11.93903637954701,-14.254223549751124,2.583704648260233,-22.2160671307036,6.292379968798609,0.553688710866494,43.816877691386175,dbscl-sentinel-1-2019\dbscl-sentinel-1_2019-06\S1_2019-06-24_11-19-47\S1A_IW_GRDH_1SDV_20190624T111947_20190624T112012_027821_032404_FFD0_metadata.json
2019-06-25 22:37:12,106.58608657644696,109.1792546729202,9.742548000386892,11.75704702216779,-17.780402829468166,2.50762115605371,-28.684756491007573,6.87604916792855,0.6018530665574412,45.70508001702046,dbscl-sentinel-1-2019\dbscl-sentinel-1_2019-06\S1_2019-06-25_22-37-12\S1A_IW_GRDH_1SDV_20190625T223712_20190625T223740_027842_0324AD_F71B_metadata.json
2019-06-26 11:03:11,106.11886535418516,108.7013970975265,9.462042924973966,11.662443103877076,-15.691090084354874,2.6556825678154934,-23.93080003505025,7.45138013365943,0.5178808376157413,31.81638480419894,dbscl-sentinel-1-2019\dbscl-sentinel-1_2019-06\S1_2019-06-26_11-03-11\S1A_IW_GRDH_1SDV_20190626T110311_20190626T110340_027850_0324ED_DC9D_metadata.json
2019-06-30 22:45:14,104.7059127123254,107.26277769633624,10.517500356409329,12.470866580263058,-15.337032248007286,2.4649881777054765,-24.788383260931653,5.88568123508281,0.6107654250577209,37.77824667921648,dbscl-sentinel-1-2019\dbscl-sentinel-1_2019-06\S1_2019-06-30_22-45-14\S1A_IW_GRDH_1SDV_20190630T224514_20190630T224539_027915_0326D3_53E2_metadata.json
2019-06-30 22:45:39,104.40626671134676,106.9584372359746,9.005147326616644,10.962966832985227,-16.515566716962393,2.5528376283173597,-25.743690071393747,7.287443362531009,0.5497300434847356,38.75002048144151,dbscl-sentinel-1-2019\dbscl-sentinel-1_2019-06\S1_2019-06-30_22-45-39\S1A_IW_GRDH_1SDV_20190630T224539_20190630T224604_027915_0326D3_F66C_metadata.json
2019-06-30 22:46:04,104.17515574807224,106.64780655041088,7.966835738431478,9.454392231492186,-17.815065895200245,2.665338220663806,-28.258543453133345,7.371588337267053,0.5799424811457984,41.00337115397954,dbscl-sentinel-1-2019\dbscl-sentinel-1_2019-06\S1_2019-06-30_22-46-04\S1A_IW_GRDH_1SDV_20190630T224604_20190630T224623_027915_0326D3_40EC_metadata.json
2019-06-01 11:11:00,103.83437352233058,106.42394942161508,10.571021272812956,12.76590667100683,-17.478382407978298,2.45805090067306,-28.78452360685583,6.172241209100786,0.6428251046953952,39.7547704993905,dbscl-sentinel-1-2019\dbscl-sentinel-1_2019-06\S1_2019-06-01_11-11-00\S1B_IW_GRDH_1SDV_20190601T111100_20190601T111129_016502_01F0F6_B2D8_metadata.json
2019-06-12 22:44:29,104.68278379893336,107.28702683876332,10.39331088642942,12.467258725251492,-15.841918580387942,2.53326727567536,-25.345207757528726,6.338629403247015,0.5943560457986596,37.88173796956307,dbscl-sentinel-1-2019\dbscl-sentinel-1_2019-06\S1_2019-06-12_22-44-29\S1B_IW_GRDH_1SDV_20190612T224429_20190612T224458_016669_01F5F0_B94F_metadata.json
2019-06-12 22:44:58,104.3829501617193,106.9333065467858,8.881008732018358,10.838935795384025,-16.843499786665838,2.600195040983252,-26.33823709082172,7.348762482510035,0.5515187654507256,38.88106158590042,dbscl-sentinel-1-2019\dbscl-sentinel-1_2019-06\S1_2019-06-12_22-44-58\S1B_IW_GRDH_1SDV_20190612T224458_20190612T224523_016669_01F5F0_C1A2_metadata.json
2019-06-12 22:45:23,104.07620871558429,106.6227183842168,7.466774002264197,9.330542275477782,-17.799331870986286,2.519972607596974,-28.49380855641484,7.104855185557675,0.594534697642268,41.19942507629112,dbscl-sentinel-1-2019\dbscl-sentinel-1_2019-06\S1_2019-06-12_22-45-23\S1B_IW_GRDH_1SDV_20190612T224523_20190612T224548_016669_01F5F0_F4C3_metadata.json
2019-06-13 11:11:01,103.8346443666706,106.4245149829355,10.570901620865278,12.76588455889935,-16.843462370326392,2.4583130441841057,-27.70181547061222,5.98510927004056,0.6392078972499498,39.75223135803817,dbscl-sentinel-1-2019\dbscl-sentinel-1_2019-06\S1_2019-06-13_11-11-01\S1B_IW_GRDH_1SDV_20190613T111101_20190613T111130_016677_01F62C_C7C0_metadata.json
2019-06-24 22:44:30,104.68274286998516,107.28694692261044,10.393359680153278,12.467247850257994,-15.592478316823383,2.500815852905733,-25.132057658419008,6.05289897522763,0.6072545162626382,37.882347566868425,dbscl-sentinel-1-2019\dbscl-sentinel-1_2019-06\S1_2019-06-24_22-44-30\S1B_IW_GRDH_1SDV_20190624T224430_20190624T224459_016844_01FB20_0BDA_metadata.json
2019-06-24 22:44:59,104.38279627438315,106.9332472831249,8.881055455890488,10.83895420063558,-16.813229610179064,2.5902068382252192,-26.404235140631037,7.222224079727078,0.5602082697522904,38.88152553584976,dbscl-sentinel-1-2019\dbscl-sentinel-1_2019-06\S1_2019-06-24_22-44-59\S1B_IW_GRDH_1SDV_20190624T224459_20190624T224524_016844_01FB20_1E66_metadata.json
2019-06-24 22:45:24,104.07637228707108,106.62263599794429,7.467069108837559,9.330579063800782,-17.779405437472345,2.519382521098065,-28.35926898666169,7.199541888282894,0.5885113770603284,41.19978942285937,dbscl-sentinel-1-2019\dbscl-sentinel-1_2019-06\S1_2019-06-24_22-45-24\S1B_IW_GRDH_1SDV_20190624T224524_20190624T224549_016844_01FB20_7EBA_metadata.json
2019-06-25 11:11:01,103.83461968814692,106.42452531652972,10.57070515256096,12.76596446050028,-16.282699651765036,2.442006806968005,-26.975911054323536,5.589488249206506,0.6506107487678464,39.75379312876108,dbscl-sentinel-1-2019\dbscl-sentinel-1_2019-06\S1_2019-06-25_11-11-01\S1B_IW_GRDH_1SDV_20190625T111101_20190625T111130_016852_01FB58_53B0_metadata.json
2019-07-01 11:10:57,104.4159541507364,106.9883618146071,7.734025912191687,9.936796667604328,-17.479480983639128,2.5695463803938496,-27.55079010145734,7.408171865820837,0.5696339502650872,38.56541799654756,dbscl-sentinel-1-2019\dbscl-sentinel-1_2019-07\S1_2019-07-01_11-10-57\S1A_IW_GRDH_1SDV_20190701T111057_20190701T111126_027923_032713_5943_metadata.json
2019-07-01 11:11:26,104.10808846187972,106.66259566189667,9.488606652163533,11.44533836979851,-16.172247538721116,2.58626822983777,-25.32718746913729,7.017307608304985,0.5580113446834957,40.29874236217358,dbscl-sentinel-1-2019\dbscl-sentinel-1_2019-07\S1_2019-07-01_11-11-26\S1A_IW_GRDH_1SDV_20190701T111126_20190701T111151_027923_032713_B8CB_metadata.json
2019-07-06 11:18:58,102.56785249567292,105.1110233960706,6.958303475863255,8.92143726245956,-15.650797034300972,2.5156130183425707,-25.13448186928865,6.167112199313216,0.596878247490028,45.97509213785582,dbscl-sentinel-1-2019\dbscl-sentinel-1_2019-07\S1_2019-07-06_11-18-58\S1A_IW_GRDH_1SDV_20190706T111858_20190706T111923_027996_032957_EE9F_metadata.json
2019-07-06 11:19:23,102.25722950115244,104.80786189828734,8.470503053007809,10.429670412956892,-14.68216125040052,2.607842393323339,-22.77900726159309,6.585315239208017,0.5377685139016453,45.003690498554,dbscl-sentinel-1-2019\dbscl-sentinel-1_2019-07\S1_2019-07-06_11-19-23\S1A_IW_GRDH_1SDV_20190706T111923_20190706T111948_027996_032957_1158_metadata.json
2019-07-06 11:19:48,101.94669708088333,104.50747443043537,9.982821481025274,11.938887036369923,-14.21368362141012,2.5753337439205004,-22.219586231715404,6.207781011104903,0.5587031350202346,43.81427364504659,dbscl-sentinel-1-2019\dbscl-sentinel-1_2019-07\S1_2019-07-06_11-19-48\S1A_IW_GRDH_1SDV_20190706T111948_20190706T112013_027996_032957_8E2A_metadata.json
2019-07-07 22:37:12,106.5860596885498,109.1789688756064,9.74279834885497,11.757009452281618,-18.32153875884368,2.467100486524078,-30.030059444942733,6.613018072744754,0.6282927074254581,45.70654903388225,dbscl-sentinel-1-2019\dbscl-sentinel-1_2019-07\S1_2019-07-07_22-37-12\S1A_IW_GRDH_1SDV_20190707T223712_20190707T223740_028017_032A03_4192_metadata.json
2019-07-08 11:03:12,106.1186441016774,108.70140389429612,9.46174313957769,11.662462886511692,-15.54776992678239,2.6328512257641625,-23.815150794705648,7.280389058859243,0.523129068102555,31.814029839379728,dbscl-sentinel-1-2019\dbscl-sentinel-1_2019-07\S1_2019-07-08_11-03-12\S1A_IW_GRDH_1SDV_20190708T110312_20190708T110341_028025_032A40_F9F5_metadata.json
2019-07-12 22:45:14,104.70637261011058,107.26314477026202,10.517463127797145,12.470878875143852,-15.73479469282816,2.448331475351317,-25.582952116825947,5.886637268830385,0.6233617369576212,37.780737556613815,dbscl-sentinel-1-2019\dbscl-sentinel-1_2019-07\S1_2019-07-12_22-45-14\S1A_IW_GRDH_1SDV_20190712T224514_20190712T224539_028090_032C22_9794_metadata.json
2019-07-12 22:45:39,104.40674114780516,106.95903200938427,9.005143241496116,10.9629074746604,-16.503481882216644,2.5587613853434146,-26.070563587284752,6.936400177148587,0.5694871186194752,38.75224224682089,dbscl-sentinel-1-2019\dbscl-sentinel-1_2019-07\S1_2019-07-12_22-45-39\S1A_IW_GRDH_1SDV_20190712T224539_20190712T224604_028090_032C22_9A47_metadata.json
2019-07-12 22:46:04,104.17563013673688,106.64832602245588,7.967073617850234,9.454486565747708,-17.8586376508829,2.5212068277344817,-28.54384882333395,7.173426478431865,0.5906954067238254,41.00522117264524,dbscl-sentinel-1-2019\dbscl-sentinel-1_2019-07\S1_2019-07-12_22-46-04\S1A_IW_GRDH_1SDV_20190712T224604_20190712T224624_028090_032C22_3A29_metadata.json
2019-07-13 11:10:57,104.41620142085296,106.98863405972072,7.733555326847013,9.9371322456887,-17.389115344937682,2.5537291141441814,-27.54576351568027,7.2324671741951,0.5781759594724315,38.56327497457493,dbscl-sentinel-1-2019\dbscl-sentinel-1_2019-07\S1_2019-07-13_11-10-57\S1A_IW_GRDH_1SDV_20190713T111057_20190713T111126_028098_032C61_9C57_metadata.json
2019-07-13 11:11:26,104.10827919085467,106.6627281698753,9.488672741768118,11.44539622588748,-15.99755845352495,2.578467033166173,-25.12403917173497,6.871077735314921,0.562327817804399,40.29870251969739,dbscl-sentinel-1-2019\dbscl-sentinel-1_2019-07\S1_2019-07-13_11-11-26\S1A_IW_GRDH_1SDV_20190713T111126_20190713T111151_028098_032C61_6ADE_metadata.json
2019-07-17 22:53:47,102.44179629034612,104.98632736751745,9.591270366178906,11.38596892319902,-15.708290524515723,2.571784966967371,-24.447821742112595,6.968759306918971,0.5479040759111791,33.14211016609934,dbscl-sentinel-1-2019\dbscl-sentinel-1_2019-07\S1_2019-07-17_22-53-47\S1A_IW_GRDH_1SDV_20190717T225347_20190717T225411_028163_032E61_A218_metadata.json
2019-07-18 11:18:59,102.56784321444488,105.1107644898774,6.9583452220838335,8.921514321761158,-15.498209316940992,2.5590281951032146,-24.43868775942415,6.557730874457769,0.5699337497670267,45.97695747522752,dbscl-sentinel-1-2019\dbscl-sentinel-1_2019-07\S1_2019-07-18_11-18-59\S1A_IW_GRDH_1SDV_20190718T111859_20190718T111924_028171_032E9E_45BC_metadata.json
2019-07-18 11:19:24,102.25712253616496,104.80796145382368,8.470638452793564,10.43011607986382,-14.415682250709358,2.0844688532816025,-22.037290318374787,6.7940741830439455,0.5141833742464366,45.0052392039084,dbscl-sentinel-1-2019\dbscl-sentinel-1_2019-07\S1_2019-07-18_11-19-24\S1A_IW_GRDH_1SDV_20190718T111924_20190718T111949_028171_032E9E_1532_metadata.json
2019-07-18 11:19:49,101.94661244903072,104.50730086154452,9.982957169537352,11.938992060766877,-13.895655410579362,2.615585456263848,-21.437352510488083,6.353958310670668,0.5372984771177758,43.81590556470993,dbscl-sentinel-1-2019\dbscl-sentinel-1_2019-07\S1_2019-07-18_11-19-49\S1A_IW_GRDH_1SDV_20190718T111949_20190718T112014_028171_032E9E_EA6F_metadata.json
2019-07-19 22:37:13,106.58561914117536,109.17865894450216,9.743001576832006,11.756900911620464,-18.36405628054566,2.4624627236093444,-30.1719714429169,6.556141118174371,0.6315712541094037,45.70379756442858,dbscl-sentinel-1-2019\dbscl-sentinel-1_2019-07\S1_2019-07-19_22-37-13\S1A_IW_GRDH_1SDV_20190719T223713_20190719T223741_028192_032F49_5877_metadata.json
2019-07-20 11:03:13,106.1184998301038,108.70118503837568,9.461515297438106,11.662484662490252,-15.582202987802956,2.6231146894718256,-24.01816145361015,7.14624452199564,0.5325491105782414,31.817217593498437,dbscl-sentinel-1-2019\dbscl-sentinel-1_2019-07\S1_2019-07-20_11-03-13\S1A_IW_GRDH_1SDV_20190720T110313_20190720T110342_028200_032F86_4CA8_metadata.json
2019-07-25 11:10:58,104.41565119211816,106.9880883986716,7.733963050574751,9.93697120333015,-17.200080112629546,2.5300330748034883,-27.44463244473425,6.955527780524942,0.5883725378333724,38.56768058058497,dbscl-sentinel-1-2019\dbscl-sentinel-1_2019-07\S1_2019-07-25_11-10-58\S1A_IW_GRDH_1SDV_20190725T111058_20190725T111127_028273_0331AB_9856_metadata.json
2019-07-25 11:11:27,104.10774573532284,106.6622517532414,9.48871650881287,11.445508956060756,-15.737873255818071,2.5669595443028004,-24.667099454667937,6.8086470569681,0.5562776407545127,40.30006997804812,dbscl-sentinel-1-2019\dbscl-sentinel-1_2019-07\S1_2019-07-25_11-11-27\S1A_IW_GRDH_1SDV_20190725T111127_20190725T111152_028273_0331AB_9757_metadata.json
2019-07-29 22:53:47,102.44188340274414,104.98644887642747,9.590465745415395,11.38592372510729,-15.761217445085627,2.557561783132834,-24.938980315739023,6.583454574432196,0.5725721831059254,33.14448114157686,dbscl-sentinel-1-2019\dbscl-sentinel-1_2019-07\S1_2019-07-29_22-53-47\S1A_IW_GRDH_1SDV_20190729T225347_20190729T225412_028338_0333B9_5E40_metadata.json
2019-07-30 11:18:59,102.5678607261965,105.11098681729352,6.95868755308661,8.921485219319157,-15.80169803058144,2.5366651456892435,-25.039042227051016,6.564353834111851,0.579849536257859,45.97537313425044,dbscl-sentinel-1-2019\dbscl-sentinel-1_2019-07\S1_2019-07-30_11-18-59\S1A_IW_GRDH_1SDV_20190730T111859_20190730T111924_028346_0333FB_F60F_metadata.json
2019-07-30 11:19:24,102.25719003324302,104.80782414200034,8.470576094145892,10.430095472986896,-14.693906319602386,2.465634168257888,-22.733227481092744,6.654585158112069,0.5350206840581099,45.00401767207263,dbscl-sentinel-1-2019\dbscl-sentinel-1_2019-07\S1_2019-07-30_11-19-24\S1A_IW_GRDH_1SDV_20190730T111924_20190730T111949_028346_0333FB_5589_metadata.json
2019-07-30 11:19:49,101.94667574877424,104.50716888533384,9.982918528183026,11.938951432371915,-14.273024541146045,2.5741416280397087,-22.31986198867055,6.226187093621474,0.5593557921281782,43.81447633792917,dbscl-sentinel-1-2019\dbscl-sentinel-1_2019-07\S1_2019-07-30_11-19-49\S1A_IW_GRDH_1SDV_20190730T111949_20190730T112014_028346_0333FB_396B_metadata.json
2019-07-31 22:37:14,106.5860643647056,109.1790928118161,9.742444755685382,11.75690591287891,-18.11861915227008,2.4714586808173657,-29.61504620070805,6.622192103831971,0.6249644149373283,45.70656086926571,dbscl-sentinel-1-2019\dbscl-sentinel-1_2019-07\S1_2019-07-31_22-37-14\S1A_IW_GRDH_1SDV_20190731T223714_20190731T223742_028367_0334A2_2D54_metadata.json
2019-07-06 22:44:31,104.68248928870162,107.28655257375024,10.393649008992332,12.46736643438486,-15.41679820012278,47.07852028507854,-24.324169698669603,6.509426701575837,0.5729007325673211,37.87883894006283,dbscl-sentinel-1-2019\dbscl-sentinel-1_2019-07\S1_2019-07-06_22-44-31\S1B_IW_GRDH_1SDV_20190706T224431_20190706T224500_017019_02004A_1CB0_metadata.json
2019-07-06 22:45:00,104.38233239339604,106.93277794789084,8.881044676102047,10.838925433091797,-16.701499590313958,2.4564414415443565,-25.87430744844076,7.528691732187103,0.5373724825087302,38.87819927822546,dbscl-sentinel-1-2019\dbscl-sentinel-1_2019-07\S1_2019-07-06_22-45-00\S1B_IW_GRDH_1SDV_20190706T224500_20190706T224525_017019_02004A_7B46_metadata.json
2019-07-06 22:45:25,104.07598683993946,106.62215355319634,7.46704612243845,9.330309738709234,-17.47750698665996,2.5668166214513133,-27.64438330576639,7.310630667553418,0.5744766254129134,41.19658429581816,dbscl-sentinel-1-2019\dbscl-sentinel-1_2019-07\S1_2019-07-06_22-45-25\S1B_IW_GRDH_1SDV_20190706T224525_20190706T224550_017019_02004A_3A1C_metadata.json
2019-07-07 11:11:02,103.8341263839763,106.42396550603556,10.57060446434376,12.76632331986018,-15.816116762851497,2.523003785877428,-25.35149294944999,6.28074057625303,0.5963204457539389,39.75667909408509,dbscl-sentinel-1-2019\dbscl-sentinel-1_2019-07\S1_2019-07-07_11-11-02\S1B_IW_GRDH_1SDV_20190707T111102_20190707T111131_017027_020084_7403_metadata.json
2019-07-18 22:44:31,104.68268663718716,107.28698453551443,10.39326280079356,12.467249354374802,-15.620915244528828,2.590554788097598,-24.75661728912031,6.485213199937352,0.5804447159099743,37.88051094356454,dbscl-sentinel-1-2019\dbscl-sentinel-1_2019-07\S1_2019-07-18_22-44-31\S1B_IW_GRDH_1SDV_20190718T224431_20190718T224500_017194_020568_9232_metadata.json
2019-07-18 22:45:00,104.38276732617756,106.93328222886842,8.880930106930986,10.838831241597138,-16.413511978296526,2.595426146925808,-25.609949354485757,7.217074602107287,0.5506512805818783,38.87974775160797,dbscl-sentinel-1-2019\dbscl-sentinel-1_2019-07\S1_2019-07-18_22-45-00\S1B_IW_GRDH_1SDV_20190718T224500_20190718T224525_017194_020568_44F0_metadata.json
2019-07-18 22:45:25,104.0761599808878,106.62265875310158,7.467116391846104,9.3304508787827,-17.25620158446094,2.5479132072861383,-27.33218225389305,7.180220915029016,0.5767095203163412,41.1981329554209,dbscl-sentinel-1-2019\dbscl-sentinel-1_2019-07\S1_2019-07-18_22-45-25\S1B_IW_GRDH_1SDV_20190718T224525_20190718T224551_017194_020568_837E_metadata.json
2019-07-19 11:11:03,103.83480526367865,106.4243719301015,10.571013029931583,12.766289335304265,-15.479405200036986,2.5911119352145837,-24.158790653324104,6.800019746749903,0.5566229716361832,39.75223803052288,dbscl-sentinel-1-2019\dbscl-sentinel-1_2019-07\S1_2019-07-19_11-11-03\S1B_IW_GRDH_1SDV_20190719T111103_20190719T111132_017202_0205A0_D340_metadata.json
2019-07-30 22:44:32,104.68289599769298,107.28698408452033,10.393589177582736,12.46735426435244,-15.732281103141196,2.550021336799592,-24.917349419993776,6.547212786288544,0.5826064979345638,37.88351699888285,dbscl-sentinel-1-2019\dbscl-sentinel-1_2019-07\S1_2019-07-30_22-44-32\S1B_IW_GRDH_1SDV_20190730T224432_20190730T224501_017369_020A91_A0EA_metadata.json
2019-07-30 22:45:01,104.38294554420888,106.93330969910862,8.880877059247734,10.838845533541376,-16.747327127253303,2.571755764006619,-26.40816795961551,7.086486294891104,0.5682920624850069,38.88276516353655,dbscl-sentinel-1-2019\dbscl-sentinel-1_2019-07\S1_2019-07-30_22-45-01\S1B_IW_GRDH_1SDV_20190730T224501_20190730T224526_017369_020A91_3247_metadata.json
2019-07-30 22:45:26,104.07624513370486,106.62272009310269,7.466534232317346,9.330160448562747,-17.66802981030994,2.53315402176765,-28.049345321008005,7.286714299612082,0.5827247178666678,41.20116076135562,dbscl-sentinel-1-2019\dbscl-sentinel-1_2019-07\S1_2019-07-30_22-45-26\S1B_IW_GRDH_1SDV_20190730T224526_20190730T224551_017369_020A91_5DBF_metadata.json
2019-07-31 11:11:03,103.83514174160103,106.4249393795795,10.571015781991123,12.765896717703516,-16.04921896108555,2.594592963818278,-24.91613958853153,7.182298333639605,0.5547927907513197,39.74842176066878,dbscl-sentinel-1-2019\dbscl-sentinel-1_2019-07\S1_2019-07-31_11-11-03\S1B_IW_GRDH_1SDV_20190731T111103_20190731T111132_017377_020ACD_5257_metadata.json
2019-08-01 11:03:13,106.11921302438503,108.70191664295176,9.461698598515028,11.66243247264448,-15.52116570971552,2.637978925603825,-23.796470041295056,7.245861378135971,0.5264124578176813,31.813459409871765,dbscl-sentinel-1-2019\dbscl-sentinel-1_2019-08\S1_2019-08-01_11-03-13\S1A_IW_GRDH_1SDV_20190801T110313_20190801T110342_028375_0334DE_49FE_metadata.json
2019-08-05 22:45:16,104.70600659614637,107.2628155761758,10.51773473683843,12.47124034837147,-14.992672448076396,2.433119604731582,-23.638558897172537,6.346785998980307,0.5773112884840678,37.780095064954175,dbscl-sentinel-1-2019\dbscl-sentinel-1_2019-08\S1_2019-08-05_22-45-16\S1A_IW_GRDH_1SDV_20190805T224516_20190805T224541_028440_0336C6_E204_metadata.json
2019-08-05 22:45:41,104.4063480635024,106.95843822681196,9.005171980377263,10.96289688870494,-16.199116773009052,2.611364879748366,-25.284374129797317,7.113859416220668,0.5503818569881086,38.75181509397122,dbscl-sentinel-1-2019\dbscl-sentinel-1_2019-08\S1_2019-08-05_22-45-41\S1A_IW_GRDH_1SDV_20190805T224541_20190805T224606_028440_0336C6_0E1E_metadata.json
2019-08-05 22:46:06,104.1746613214948,106.64777533715174,7.966962131966643,9.454496419651784,-17.008965620127753,2.498839575051639,-27.093874704802836,6.924056535452628,0.5840455310297146,41.00482261187133,dbscl-sentinel-1-2019\dbscl-sentinel-1_2019-08\S1_2019-08-05_22-46-06\S1A_IW_GRDH_1SDV_20190805T224606_20190805T224625_028440_0336C6_5BE5_metadata.json
2019-08-06 11:10:59,104.41538083027704,106.98780705535862,7.733906412865155,9.937196476751106,-16.71629776039041,2.5730384872748244,-26.359212151141765,7.073383369639225,0.5666914451527708,38.5676929720893,dbscl-sentinel-1-2019\dbscl-sentinel-1_2019-08\S1_2019-08-06_11-10-59\S1A_IW_GRDH_1SDV_20190806T111059_20190806T111128_028448_033705_9D7E_metadata.json
2019-08-06 11:11:28,104.1074852566068,106.66209531681297,9.48865671369477,11.445415508364828,-15.402824269426915,2.644959062391352,-23.54857785810051,7.25707068075324,0.5394378567249036,40.29977999492301,dbscl-sentinel-1-2019\dbscl-sentinel-1_2019-08\S1_2019-08-06_11-11-28\S1A_IW_GRDH_1SDV_20190806T111128_20190806T111153_028448_033705_9B94_metadata.json
2019-08-10 22:53:48,102.44154142574268,104.98597808562968,9.591599062419832,11.38595046453824,-15.092701173141354,2.581027387399284,-23.750893798345142,6.434508547937367,0.5624527693698383,33.141864295884375,dbscl-sentinel-1-2019\dbscl-sentinel-1_2019-08\S1_2019-08-10_22-53-48\S1A_IW_GRDH_1SDV_20190810T225348_20190810T225413_028513_033938_B2DA_metadata.json
2019-08-11 11:19:00,102.56702261675058,105.110008739504,6.958478560235594,8.921638150195474,-15.740209354459056,2.511015178543124,-25.214362107028784,6.266056601889403,0.5962940694127511,45.97875818105841,dbscl-sentinel-1-2019\dbscl-sentinel-1_2019-08\S1_2019-08-11_11-19-00\S1A_IW_GRDH_1SDV_20190811T111900_20190811T111925_028521_03397F_CB6B_metadata.json
2019-08-11 11:19:25,102.25633999218564,104.8069762308046,8.47076826599666,10.430232559153792,-14.636564116664776,2.675478383071486,-22.596875651963327,6.676252581366253,0.5320782342946083,45.0024442772372,dbscl-sentinel-1-2019\dbscl-sentinel-1_2019-08\S1_2019-08-11_11-19-25\S1A_IW_GRDH_1SDV_20190811T111925_20190811T111950_028521_03397F_2D2F_metadata.json
2019-08-11 11:19:50,101.94580932046084,104.50652082606416,9.983036380966034,11.939105686385435,-14.204933399291214,2.572501299591753,-22.21568167705746,6.194185121524937,0.5594136507421001,43.813352060262055,dbscl-sentinel-1-2019\dbscl-sentinel-1_2019-08\S1_2019-08-11_11-19-50\S1A_IW_GRDH_1SDV_20190811T111950_20190811T112015_028521_03397F_B9CF_metadata.json
2019-08-12 22:37:15,106.58506978463151,109.17818361439694,9.742697585617927,11.756896359588623,-17.56176136301688,2.4786465286387207,-28.67739680784809,6.446125918185752,0.6194527192396649,45.70080244970687,dbscl-sentinel-1-2019\dbscl-sentinel-1_2019-08\S1_2019-08-12_22-37-15\S1A_IW_GRDH_1SDV_20190812T223715_20190812T223743_028542_033A46_CF9E_metadata.json
2019-08-13 11:03:14,106.11807356564633,108.70058121419292,9.461567746336945,11.662536041622396,-15.44542590002547,2.632220499222459,-23.746046320499087,7.1448054795519225,0.5292390705390547,31.818869320615477,dbscl-sentinel-1-2019\dbscl-sentinel-1_2019-08\S1_2019-08-13_11-03-14\S1A_IW_GRDH_1SDV_20190813T110314_20190813T110343_028550_033A8E_29E8_metadata.json
2019-08-17 22:45:17,104.70588129907864,107.26241810871706,10.517613973359843,12.471114158908868,-14.692917245728548,2.668909646652621,-23.039270415288183,6.346564076169053,0.5670820982338888,37.77651405386099,dbscl-sentinel-1-2019\dbscl-sentinel-1_2019-08\S1_2019-08-17_22-45-17\S1A_IW_GRDH_1SDV_20190817T224517_20190817T224542_028615_033CB2_CBA8_metadata.json
2019-08-17 22:45:42,104.40601377392731,106.95820492976586,9.00507407345071,10.962870843913883,-16.026787982636126,2.5872194177218986,-25.34568366404551,6.707892301226764,0.5689114263008038,38.74834714759667,dbscl-sentinel-1-2019\dbscl-sentinel-1_2019-08\S1_2019-08-17_22-45-42\S1A_IW_GRDH_1SDV_20190817T224542_20190817T224607_028615_033CB2_53FD_metadata.json
2019-08-17 22:46:07,104.17468198168146,106.64760703749452,7.967048768163541,9.45437227113707,-17.34202635165603,2.5003231095034435,-27.639243645207017,7.0448090581050105,0.5860944171599719,41.00172202751143,dbscl-sentinel-1-2019\dbscl-sentinel-1_2019-08\S1_2019-08-17_22-46-07\S1A_IW_GRDH_1SDV_20190817T224607_20190817T224626_028615_033CB2_67A7_metadata.json
2019-08-18 11:11:00,104.41565385665912,106.98803299482242,7.734078473506767,9.93717348815986,-17.180971444532705,2.531044944684457,-27.395045954586752,6.9668969344785365,0.5881995466612284,38.5731462006804,dbscl-sentinel-1-2019\dbscl-sentinel-1_2019-08\S1_2019-08-18_11-11-00\S1A_IW_GRDH_1SDV_20190818T111100_20190818T111129_028623_033D00_14EE_metadata.json
2019-08-18 11:11:29,104.10778393418148,106.66229646223552,9.48872947359187,11.445476691129072,-15.806885058488726,2.5784803018290248,-24.77174800852476,6.842022108452729,0.5582381779618502,40.33329556078998,dbscl-sentinel-1-2019\dbscl-sentinel-1_2019-08\S1_2019-08-18_11-11-29\S1A_IW_GRDH_1SDV_20190818T111129_20190818T111154_028623_033D00_0148_metadata.json
2019-08-22 22:53:49,102.4414473166516,104.9860284542063,9.590469116238742,11.38598312635495,-14.92238187314052,2.566166133360352,-23.564780548043377,6.279983198237634,0.5704861987105808,33.14289085664288,dbscl-sentinel-1-2019\dbscl-sentinel-1_2019-08\S1_2019-08-22_22-53-49\S1A_IW_GRDH_1SDV_20190822T225349_20190822T225413_028688_033F41_DB44_metadata.json
2019-08-23 11:19:01,102.56691780971984,105.1098574292583,6.958505360339165,8.922039493826341,-15.466253988033335,2.4944780454228943,-24.988047722203827,5.944460253862688,0.6087907225968129,45.97867874238016,dbscl-sentinel-1-2019\dbscl-sentinel-1_2019-08\S1_2019-08-23_11-19-01\S1A_IW_GRDH_1SDV_20190823T111901_20190823T111926_028696_033F86_A1F0_metadata.json
2019-08-23 11:19:26,102.25622892412804,104.80708166290636,8.470765913048991,10.429857771725846,-14.676840868869595,2.724997381708759,-22.77334367809029,6.5803380596488745,0.5399545707492345,45.00128599991813,dbscl-sentinel-1-2019\dbscl-sentinel-1_2019-08\S1_2019-08-23_11-19-26\S1A_IW_GRDH_1SDV_20190823T111926_20190823T111951_028696_033F86_20A9_metadata.json
2019-08-23 11:19:51,101.94565094185025,104.50615982663147,9.983032521347775,11.939167943893166,-14.219614727902362,2.573239768256228,-22.231452024084497,6.207777431720339,0.5588849782822645,43.81204808126902,dbscl-sentinel-1-2019\dbscl-sentinel-1_2019-08\S1_2019-08-23_11-19-51\S1A_IW_GRDH_1SDV_20190823T111951_20190823T112016_028696_033F86_0C2F_metadata.json
2019-08-24 22:37:15,106.58501484006185,109.17821119604996,9.741820715991244,11.756642325425918,-17.822219391656386,2.483220067977405,-28.997679128042225,6.646759655270452,0.6165024926034776,45.70100040702916,dbscl-sentinel-1-2019\dbscl-sentinel-1_2019-08\S1_2019-08-24_22-37-15\S1A_IW_GRDH_1SDV_20190824T223715_20190824T223743_028717_03404E_DD74_metadata.json
2019-08-25 11:03:15,106.11790183991998,108.7003828396282,9.462127529308718,11.662512228330913,-15.152588626202164,2.6408029337020498,-23.18320080793728,7.12197644446694,0.5249631309808928,31.81871494435888,dbscl-sentinel-1-2019\dbscl-sentinel-1_2019-08\S1_2019-08-25_11-03-15\S1A_IW_GRDH_1SDV_20190825T110315_20190825T110344_028725_034098_108F_metadata.json
2019-08-29 22:45:17,104.7063791063546,107.26295879809744,10.51736014364642,12.471089642494832,-14.599070846275408,2.5966692975007737,-22.568469910851856,6.629671781699024,0.5431942358533163,37.78091855058855,dbscl-sentinel-1-2019\dbscl-sentinel-1_2019-08\S1_2019-08-29_22-45-17\S1A_IW_GRDH_1SDV_20190829T224517_20190829T224542_028790_0342D5_E65C_metadata.json
2019-08-29 22:45:42,104.40673279941548,106.9589025696986,9.005019101325832,10.962803644516338,-15.9985364787568,2.609728376595899,-24.885089243121325,7.111983714392136,0.5451401442559191,38.752720135909165,dbscl-sentinel-1-2019\dbscl-sentinel-1_2019-08\S1_2019-08-29_22-45-42\S1A_IW_GRDH_1SDV_20190829T224542_20190829T224607_028790_0342D5_B28F_metadata.json
2019-08-29 22:46:07,104.17506131388193,106.64835417742638,7.966430880181944,9.454315317029543,-17.162191209932487,2.556297693886896,-27.192719101278165,7.131663318586647,0.578050408659103,41.00595840477292,dbscl-sentinel-1-2019\dbscl-sentinel-1_2019-08\S1_2019-08-29_22-46-07\S1A_IW_GRDH_1SDV_20190829T224607_20190829T224627_028790_0342D5_DF4A_metadata.json
2019-08-30 11:11:00,104.41652063439705,106.98885207225038,7.73421745796112,9.937143407357242,-17.04515503040691,2.56528477579477,-26.825056280115355,7.265253780698461,0.5673335124808497,38.56755269827105,dbscl-sentinel-1-2019\dbscl-sentinel-1_2019-08\S1_2019-08-30_11-11-00\S1A_IW_GRDH_1SDV_20190830T111100_20190830T111129_028798_034323_1B9E_metadata.json
2019-08-30 11:11:29,104.1084619434883,106.66310905204864,9.48868910684469,11.445422087005968,-16.183046949496138,2.642985114982974,-24.86042425104563,7.505669647946618,0.5284193338098326,40.32878560864877,dbscl-sentinel-1-2019\dbscl-sentinel-1_2019-08\S1_2019-08-30_11-11-29\S1A_IW_GRDH_1SDV_20190830T111129_20190830T111154_028798_034323_827A_metadata.json
2019-08-11 22:44:33,104.68254400883788,107.2866262660679,10.393236693287832,12.467274064937474,-15.232091604494254,2.585391243624237,-23.7660198083985,6.698163400589841,0.5545733109482697,37.87767205872041,dbscl-sentinel-1-2019\dbscl-sentinel-1_2019-08\S1_2019-08-11_22-44-33\S1B_IW_GRDH_1SDV_20190811T224433_20190811T224502_017544_020FED_EF2C_metadata.json
2019-08-11 22:45:02,104.38238540575465,106.93292205379112,8.880929186597635,10.838831914648637,-16.411817886429503,2.589961132471194,-25.770776612947127,7.052859159911706,0.5560827372139295,38.87704127258612,dbscl-sentinel-1-2019\dbscl-sentinel-1_2019-08\S1_2019-08-11_22-45-02\S1B_IW_GRDH_1SDV_20190811T224502_20190811T224527_017544_020FED_1D1B_metadata.json
2019-08-11 22:45:27,104.07573820494936,106.62231427805165,7.467224597168351,9.330423183335109,-17.27854780505803,2.551301686665393,-27.36369617192093,7.193399438195208,0.5756267586326667,41.19535528848857,dbscl-sentinel-1-2019\dbscl-sentinel-1_2019-08\S1_2019-08-11_22-45-27\S1B_IW_GRDH_1SDV_20190811T224527_20190811T224552_017544_020FED_A69B_metadata.json
2019-08-12 11:11:04,103.8343139048052,106.42388184909122,10.57113198378043,12.766117459357057,-16.289034708830076,2.6373996469767294,-24.889193456613437,7.688875961046753,0.5239872435094726,39.75518498547269,dbscl-sentinel-1-2019\dbscl-sentinel-1_2019-08\S1_2019-08-12_11-11-04\S1B_IW_GRDH_1SDV_20190812T111104_20190812T111133_017552_021029_8A69_metadata.json
2019-08-23 22:44:33,104.6823264630458,107.28658955520436,10.393226432850003,12.466952113216534,-15.411208450634232,2.5719454202813736,-24.150183703538037,6.672233197730529,0.5642184153893726,37.878444369758434,dbscl-sentinel-1-2019\dbscl-sentinel-1_2019-08\S1_2019-08-23_22-44-33\S1B_IW_GRDH_1SDV_20190823T224433_20190823T224502_017719_021563_E437_metadata.json
2019-08-23 22:45:02,104.38245280340406,106.93278191080188,8.880908234080229,10.838870738503436,-16.46223541766522,2.6257049064654834,-25.888100945702828,7.036369889627657,0.563096423905277,38.8776981315588,dbscl-sentinel-1-2019\dbscl-sentinel-1_2019-08\S1_2019-08-23_22-45-02\S1B_IW_GRDH_1SDV_20190823T224502_20190823T224527_017719_021563_8EA5_metadata.json
2019-08-23 22:45:27,104.07564622960848,106.62226238198848,7.4664407246866,9.330480536475916,-17.088147329056746,2.5121426325957543,-27.26327545118537,6.913019206928094,0.589846732725299,41.19603852198245,dbscl-sentinel-1-2019\dbscl-sentinel-1_2019-08\S1_2019-08-23_22-45-27\S1B_IW_GRDH_1SDV_20190823T224527_20190823T224553_017719_021563_2B26_metadata.json
2019-08-24 11:11:05,103.83406667810644,106.42400630116352,10.570989063356132,12.766136647850624,-16.546659862710708,2.6281183531961765,-25.314346281123026,7.778973444298327,0.5263490064552575,39.75539717178253,dbscl-sentinel-1-2019\dbscl-sentinel-1_2019-08\S1_2019-08-24_11-11-05\S1B_IW_GRDH_1SDV_20190824T111105_20190824T111134_017727_0215A3_B94A_metadata.json
2019-09-03 22:53:49,102.44191996198332,104.98625337460908,9.59048949784107,11.38590419218585,-14.863039277566084,2.585554613746843,-23.143906387201085,6.5821721679310095,0.5488812707172988,33.14316701986752,dbscl-sentinel-1-2019\dbscl-sentinel-1_2019-09\S1_2019-09-03_22-53-49\S1A_IW_GRDH_1SDV_20190903T225349_20190903T225414_028863_034560_AD13_metadata.json
2019-09-04 11:19:01,102.56738169319097,105.11032376145955,6.958457040040551,8.921681961718487,-15.86564761943504,2.5212989987856624,-25.281853100141717,6.449442138728347,0.5893552684210615,45.97743167216097,dbscl-sentinel-1-2019\dbscl-sentinel-1_2019-09\S1_2019-09-04_11-19-01\S1A_IW_GRDH_1SDV_20190904T111901_20190904T111926_028871_0345A8_2BFD_metadata.json
2019-09-04 11:19:26,102.25670323440852,104.80733678395336,8.47075178695598,10.43016363779259,-13.904641453353303,2.77760936659135,-21.14928582345352,6.659997083253106,0.5457295445757885,45.00289274662191,dbscl-sentinel-1-2019\dbscl-sentinel-1_2019-09\S1_2019-09-04_11-19-26\S1A_IW_GRDH_1SDV_20190904T111926_20190904T111951_028871_0345A8_19E9_metadata.json
2019-09-04 11:19:51,101.94613652671116,104.5069603898205,9.98296561193803,11.93913843006404,-13.559252195020552,2.609444254935245,-20.95411508260738,6.1643893074336855,0.5402103961001123,43.81362672195787,dbscl-sentinel-1-2019\dbscl-sentinel-1_2019-09\S1_2019-09-04_11-19-51\S1A_IW_GRDH_1SDV_20190904T111951_20190904T112016_028871_0345A8_09AD_metadata.json
2019-09-05 22:37:16,106.58515548380012,109.17850470486351,9.741659114384325,11.756924100299146,-17.983210300077427,2.509386960467226,-28.94144302116054,7.0249775789943865,0.5995430554750988,45.70150557159868,dbscl-sentinel-1-2019\dbscl-sentinel-1_2019-09\S1_2019-09-05_22-37-16\S1A_IW_GRDH_1SDV_20190905T223716_20190905T223744_028892_03466A_9C04_metadata.json
2019-09-06 11:03:15,106.11797487268174,108.70032629066226,9.463115257412204,11.662435264418434,-15.249966747650406,2.639125735706318,-23.29964619214099,7.2002873031598655,0.5210039636910899,31.818175952074444,dbscl-sentinel-1-2019\dbscl-sentinel-1_2019-09\S1_2019-09-06_11-03-15\S1A_IW_GRDH_1SDV_20190906T110315_20190906T110344_028900_0346B3_9011_metadata.json
2019-09-10 22:45:18,104.70626422076424,107.26302968756768,10.517425034208692,12.47082383934114,-16.86834145191258,2.5406265681967186,-26.76111234130293,6.975570562522271,0.5756112760556789,37.78113420173179,dbscl-sentinel-1-2019\dbscl-sentinel-1_2019-09\S1_2019-09-10_22-45-18\S1A_IW_GRDH_1SDV_20190910T224518_20190910T224543_028965_0348ED_C2CC_metadata.json
2019-09-10 22:45:43,104.40658679148515,106.95878060641418,9.00505408517952,10.962918117142952,-16.61593595005871,2.600792705834013,-25.912899479803244,7.3189724203142,0.5469043442581476,38.75291558573099,dbscl-sentinel-1-2019\dbscl-sentinel-1_2019-09\S1_2019-09-10_22-45-43\S1A_IW_GRDH_1SDV_20190910T224543_20190910T224608_028965_0348ED_1C48_metadata.json
2019-09-10 22:46:08,104.17530604487052,106.64812596935175,7.966490751114915,9.454428834726258,-17.498071992380545,2.538487190453336,-27.87505915907889,7.121084825682266,0.5835741785649065,41.00596232788316,dbscl-sentinel-1-2019\dbscl-sentinel-1_2019-09\S1_2019-09-10_22-46-08\S1A_IW_GRDH_1SDV_20190910T224608_20190910T224627_028965_0348ED_4868_metadata.json
2019-09-11 11:11:01,104.41622247080662,106.98856595336876,7.734711576933889,9.937222560165436,-17.42097191700108,2.554057145198984,-27.60230542195024,7.239638412051677,0.5768503584749581,38.57112193112528,dbscl-sentinel-1-2019\dbscl-sentinel-1_2019-09\S1_2019-09-11_11-11-01\S1A_IW_GRDH_1SDV_20190911T111101_20190911T111130_028973_034937_D705_metadata.json
2019-09-11 11:11:30,104.10825171593996,106.66280823244038,9.489063402772468,11.44550079309852,-16.817449877854735,2.59421336451498,-26.28832805236126,7.346571703348171,0.2600636189068797,40.32993961739858,dbscl-sentinel-1-2019\dbscl-sentinel-1_2019-09\S1_2019-09-11_11-11-30\S1A_IW_GRDH_1SDV_20190911T111130_20190911T111155_028973_034937_F8F8_metadata.json
2019-09-15 22:53:50,102.44232473827084,104.98702584441934,9.59066706234629,11.38588615810314,-14.668971380853396,2.514251369122495,-22.985618167314755,6.352324594392121,0.5598038162520995,33.14291913992118,dbscl-sentinel-1-2019\dbscl-sentinel-1_2019-09\S1_2019-09-15_22-53-50\S1A_IW_GRDH_1SDV_20190915T225350_20190915T225414_029038_034B75_76E5_metadata.json
2019-09-16 11:19:02,102.56819283707031,105.11123858650474,6.958515037930813,8.921670296271209,-15.928612262682206,2.5151268685911266,-25.42880277129692,6.428421754067371,0.593232857566574,45.97550348788185,dbscl-sentinel-1-2019\dbscl-sentinel-1_2019-09\S1_2019-09-16_11-19-02\S1A_IW_GRDH_1SDV_20190916T111902_20190916T111927_029046_034BBF_9E99_metadata.json
2019-09-16 11:19:27,102.2575324964116,104.80816929179332,8.470773107973903,10.430181057890174,-14.571155920523896,2.5759740446731825,-22.493308664362623,6.649003176685163,0.5366252780474559,45.00626929395059,dbscl-sentinel-1-2019\dbscl-sentinel-1_2019-09\S1_2019-09-16_11-19-27\S1A_IW_GRDH_1SDV_20190916T111927_20190916T111952_029046_034BBF_6930_metadata.json
2019-09-16 11:19:52,101.94698319276549,104.5077073667804,9.983000376991832,11.939150206143395,-14.25363713374469,2.569291867724018,-22.33560105182878,6.171673215660625,0.5632060953741371,43.815823552103794,dbscl-sentinel-1-2019\dbscl-sentinel-1_2019-09\S1_2019-09-16_11-19-52\S1A_IW_GRDH_1SDV_20190916T111952_20190916T112017_029046_034BBF_9444_metadata.json
2019-09-17 22:37:16,106.58606787182252,109.1792418800842,9.742614438155709,11.756856859750668,-18.08303286146013,2.526631032675548,-28.97435894744364,7.191706775476571,0.5909791035374706,45.70496301425386,dbscl-sentinel-1-2019\dbscl-sentinel-1_2019-09\S1_2019-09-17_22-37-16\S1A_IW_GRDH_1SDV_20190917T223716_20190917T223744_029067_034C79_AAB9_metadata.json
2019-09-18 11:03:16,106.11885763815675,108.70137688846552,9.462145850962749,11.66255197030448,-15.204702002521438,2.646705489334981,-23.145617541291696,7.263786463751147,0.5112454189948628,31.815673408186665,dbscl-sentinel-1-2019\dbscl-sentinel-1_2019-09\S1_2019-09-18_11-03-16\S1A_IW_GRDH_1SDV_20190918T110316_20190918T110345_029075_034CC1_F226_metadata.json
2019-09-22 22:45:18,104.70580868377928,107.262866443398,10.517630863248186,12.471139499558566,-18.60140241178303,2.5547663908234526,-30.168298641744943,7.034506181821229,0.595600066354737,37.77540148717164,dbscl-sentinel-1-2019\dbscl-sentinel-1_2019-09\S1_2019-09-22_22-45-18\S1A_IW_GRDH_1SDV_20190922T224518_20190922T224543_029140_034EE4_CF2E_metadata.json
2019-09-22 22:45:43,104.40615658404607,106.95846011531133,9.005045249034382,10.962887465792353,-17.31293826183036,2.5960828811311747,-27.23877107861678,7.387105445043949,0.5558221485712369,38.74761487055344,dbscl-sentinel-1-2019\dbscl-sentinel-1_2019-09\S1_2019-09-22_22-45-43\S1A_IW_GRDH_1SDV_20190922T224543_20190922T224608_029140_034EE4_E927_metadata.json
2019-09-22 22:46:08,104.1747425435334,106.64776418313517,7.966914614719189,9.454458300319668,-17.46736054752334,2.537890783232116,-27.773982841622765,7.160738253424007,0.5818329528717583,41.000762131712285,dbscl-sentinel-1-2019\dbscl-sentinel-1_2019-09\S1_2019-09-22_22-46-08\S1A_IW_GRDH_1SDV_20190922T224608_20190922T224628_029140_034EE4_4DF4_metadata.json
2019-09-23 11:11:01,104.415397794491,106.98741634636175,7.735145222854298,9.93729744494068,-17.823850506938054,2.5587061270358693,-28.138555405326883,7.509145608549078,0.5746535792229692,38.57920687721304,dbscl-sentinel-1-2019\dbscl-sentinel-1_2019-09\S1_2019-09-23_11-11-01\S1A_IW_GRDH_1SDV_20190923T111101_20190923T111130_029148_034F2E_0F6E_metadata.json
2019-09-23 11:11:30,104.10745636379488,106.66186313621355,9.48879980297386,11.445582154493996,-17.67324114259936,2.5430562649532664,-27.9290485806692,7.417433704529495,0.556739250679274,40.335693054762814,dbscl-sentinel-1-2019\dbscl-sentinel-1_2019-09\S1_2019-09-23_11-11-30\S1A_IW_GRDH_1SDV_20190923T111130_20190923T111155_029148_034F2E_C988_metadata.json
2019-09-27 22:53:50,102.44159224118584,104.98586914692142,9.591252845584814,11.385682640927492,-16.246410316849968,1.842190234277581,-25.94819501728166,6.544625616417997,0.5787012492857287,33.14043636668921,dbscl-sentinel-1-2019\dbscl-sentinel-1_2019-09\S1_2019-09-27_22-53-50\S1A_IW_GRDH_1SDV_20190927T225350_20190927T225415_029213_03516D_338D_metadata.json
2019-09-28 11:19:02,102.567562676547,105.10998331294944,6.958537572341547,8.921982774696302,-16.026770182142357,2.506356306235039,-25.748196104173772,6.305344260110987,0.5998545857665077,45.97784617857955,dbscl-sentinel-1-2019\dbscl-sentinel-1_2019-09\S1_2019-09-28_11-19-02\S1A_IW_GRDH_1SDV_20190928T111902_20190928T111927_029221_0351B7_9AD3_metadata.json
2019-09-28 11:19:27,102.25668096832456,104.80750285773816,8.470786658219502,10.430173362695438,-14.314911011913054,2.691154823496532,-21.98558093218012,6.644241091646037,0.5205741336489376,45.00298173606007,dbscl-sentinel-1-2019\dbscl-sentinel-1_2019-09\S1_2019-09-28_11-19-27\S1A_IW_GRDH_1SDV_20190928T111927_20190928T111952_029221_0351B7_8404_metadata.json
2019-09-28 11:19:52,101.94611545592194,104.50684876574368,9.983015364036875,11.939133244961909,-13.99032538145632,2.5956573156680083,-21.69252918046292,6.288121582449714,0.5457847619277537,43.81436235756531,dbscl-sentinel-1-2019\dbscl-sentinel-1_2019-09\S1_2019-09-28_11-19-52\S1A_IW_GRDH_1SDV_20190928T111952_20190928T112017_029221_0351B7_91FB_metadata.json
2019-09-29 22:37:17,106.58496061491115,109.1780757374874,9.743437048646236,11.756792480115717,-18.069810959935296,2.541852823962534,-28.81995867928098,7.319663240589864,0.5829902161984509,45.69988428929204,dbscl-sentinel-1-2019\dbscl-sentinel-1_2019-09\S1_2019-09-29_22-37-17\S1A_IW_GRDH_1SDV_20190929T223717_20190929T223745_029242_035280_568A_metadata.json
2019-09-30 11:03:16,106.11796356785445,108.70029402875603,9.46276384195931,11.662150481132873,-16.04906466961793,2.6322286609957533,-24.781906081247325,7.316223257988424,0.530633466593591,31.819044991462416,dbscl-sentinel-1-2019\dbscl-sentinel-1_2019-09\S1_2019-09-30_11-03-16\S1A_IW_GRDH_1SDV_20190930T110316_20190930T110345_029250_0352C9_1037_metadata.json
2019-09-04 22:44:34,104.68251242241536,107.2863931927652,10.393249329849128,12.467287719729836,-16.772507681447692,2.5855391613362126,-26.31464497129468,7.23037039160049,0.5603147984973682,37.87827463852351,dbscl-sentinel-1-2019\dbscl-sentinel-1_2019-09\S1_2019-09-04_22-44-34\S1B_IW_GRDH_1SDV_20190904T224434_20190904T224503_017894_021ACF_E4CA_metadata.json
2019-09-04 22:45:03,104.38244419000048,106.93271715324109,8.880892354728239,10.838852674394916,-16.819447399218813,2.611986279391153,-26.13236451824989,7.506530280187724,0.5428908797871909,38.87759742641462,dbscl-sentinel-1-2019\dbscl-sentinel-1_2019-09\S1_2019-09-04_22-45-03\S1B_IW_GRDH_1SDV_20190904T224503_20190904T224528_017894_021ACF_6051_metadata.json
2019-09-04 22:45:28,104.07569629324992,106.62225797487103,7.466633965406431,9.330504005420268,-17.120319768773065,2.518490369169544,-27.189084861423076,7.05155467612298,0.581549595761169,41.19599272999321,dbscl-sentinel-1-2019\dbscl-sentinel-1_2019-09\S1_2019-09-04_22-45-28\S1B_IW_GRDH_1SDV_20190904T224528_20190904T224553_017894_021ACF_4D26_metadata.json
2019-09-05 11:11:06,103.83383271980296,106.4238232622931,10.571112153681623,12.766141722325123,-18.396711259684864,2.608885396861835,-28.55944003162064,8.23398248774917,0.5372997675280645,39.75541822353495,dbscl-sentinel-1-2019\dbscl-sentinel-1_2019-09\S1_2019-09-05_11-11-06\S1B_IW_GRDH_1SDV_20190905T111106_20190905T111135_017902_021B0B_DD4A_metadata.json
2019-09-16 22:44:34,104.6829396849404,107.286935737959,10.393200478822989,12.46675379449223,-18.603573652974475,2.563126555691357,-29.491535403128204,7.715611902820807,0.5715275681232133,37.881319051131264,dbscl-sentinel-1-2019\dbscl-sentinel-1_2019-09\S1_2019-09-16_22-44-34\S1B_IW_GRDH_1SDV_20190916T224434_20190916T224504_018069_022042_21E1_metadata.json
2019-09-16 22:45:04,104.38288702615678,106.9333238395286,8.880902510916835,10.83879412055638,-17.06958382673147,2.610702872418028,-26.531040602270966,7.60812705119209,0.5429635139737242,38.88043755656985,dbscl-sentinel-1-2019\dbscl-sentinel-1_2019-09\S1_2019-09-16_22-45-04\S1B_IW_GRDH_1SDV_20190916T224504_20190916T224529_018069_022042_D401_metadata.json
2019-09-16 22:45:29,104.07642217375424,106.62268807397972,7.466385615935565,9.330410076855554,-17.225663805954962,2.529479613796681,-27.42578379199996,7.025543819910117,0.5856770285955389,41.19876271373334,dbscl-sentinel-1-2019\dbscl-sentinel-1_2019-09\S1_2019-09-16_22-45-29\S1B_IW_GRDH_1SDV_20190916T224529_20190916T224554_018069_022042_A6C8_metadata.json
2019-09-17 11:11:06,103.83471150289208,106.42428315113092,10.571449331441263,12.766394603796138,-21.212320143931496,2.5680511725424027,-33.464491001621944,8.960149286240965,0.5631982665344513,39.749682630995146,dbscl-sentinel-1-2019\dbscl-sentinel-1_2019-09\S1_2019-09-17_11-11-06\S1B_IW_GRDH_1SDV_20190917T111106_20190917T111135_018077_022084_837C_metadata.json
2019-09-28 22:44:35,104.68173708900214,107.28592830958772,10.393337654441702,12.466784970889249,-19.788687765213613,2.534355906293854,-32.2465782070081,7.330797323418904,0.6002355886451702,37.873661116067495,dbscl-sentinel-1-2019\dbscl-sentinel-1_2019-09\S1_2019-09-28_22-44-35\S1B_IW_GRDH_1SDV_20190928T224435_20190928T224504_018244_0225A5_DC47_metadata.json
2019-09-28 22:45:04,104.38181372575264,106.9323811167319,8.880796508391665,10.838704286660914,-17.603409822106396,2.5942789397519213,-27.67658025426312,7.530239389949588,0.5521572565506286,38.87322652534835,dbscl-sentinel-1-2019\dbscl-sentinel-1_2019-09\S1_2019-09-28_22-45-04\S1B_IW_GRDH_1SDV_20190928T224504_20190928T224529_018244_0225A5_48E3_metadata.json
2019-09-28 22:45:29,104.0753717216761,106.62168990717862,7.467613597048863,9.330086598778296,-17.083812008732462,2.5240956052263983,-27.244976820964386,6.922647196500675,0.588045789105346,41.19184616284601,dbscl-sentinel-1-2019\dbscl-sentinel-1_2019-09\S1_2019-09-28_22-45-29\S1B_IW_GRDH_1SDV_20190928T224529_20190928T224555_018244_0225A5_8AB6_metadata.json
2019-09-29 11:11:07,103.83411868855158,106.4238845448032,10.571184007060562,12.76606580215612,-22.51681351568068,2.4988397972387006,-36.937596159640165,8.096030871721155,0.6155810592816171,39.75525873952792,dbscl-sentinel-1-2019\dbscl-sentinel-1_2019-09\S1_2019-09-29_11-11-07\S1B_IW_GRDH_1SDV_20190929T111107_20190929T111136_018252_0225E7_B82D_metadata.json
2019-10-04 22:45:19,104.70541855511006,107.2624542748926,10.51768162862904,12.47118729645401,-19.173503870454915,2.4821290757833627,-31.31197507503657,7.035032665873096,0.6098742501231029,37.7742025265613,dbscl-sentinel-1-2019\dbscl-sentinel-1_2019-10\S1_2019-10-04_22-45-19\S1A_IW_GRDH_1SDV_20191004T224519_20191004T224544_029315_0354E9_C26E_metadata.json
2019-10-04 22:45:44,104.40575239979648,106.95804504485972,9.005101918883888,10.962942905864226,-17.698711408505464,2.59021744279124,-28.041986740805,7.355436076205821,0.5666016709298631,38.746214124653626,dbscl-sentinel-1-2019\dbscl-sentinel-1_2019-10\S1_2019-10-04_22-45-44\S1A_IW_GRDH_1SDV_20191004T224544_20191004T224609_029315_0354E9_959D_metadata.json
2019-10-04 22:46:09,104.17455358709373,106.64737127427055,7.967733901326046,9.454544240839263,-17.4933181563708,2.521689748796064,-28.02564228054373,6.960994032197821,0.5929235447227129,40.999337618949184,dbscl-sentinel-1-2019\dbscl-sentinel-1_2019-10\S1_2019-10-04_22-46-09\S1A_IW_GRDH_1SDV_20191004T224609_20191004T224628_029315_0354E9_5AF1_metadata.json
2019-10-05 11:11:02,104.41509536992264,106.98703644847662,7.735373600744432,9.937354255927708,-17.900109583159946,2.5505710540620123,-28.403751599883496,7.39646756643631,0.5784548224327154,38.58049227954265,dbscl-sentinel-1-2019\dbscl-sentinel-1_2019-10\S1_2019-10-05_11-11-02\S1A_IW_GRDH_1SDV_20191005T111102_20191005T111131_029323_035539_65FB_metadata.json
2019-10-05 11:11:31,104.1072268168186,106.66163707296926,9.488845699065672,11.445582571146636,-18.042889735461262,2.5588456664987853,-28.96394809989294,7.121831371029369,0.5838377264663017,40.33646464009113,dbscl-sentinel-1-2019\dbscl-sentinel-1_2019-10\S1_2019-10-05_11-11-31\S1A_IW_GRDH_1SDV_20191005T111131_20191005T111156_029323_035539_E66C_metadata.json
2019-10-09 22:53:50,102.44286770752171,104.98708530647306,9.591234089254655,11.38567242636894,-16.205018364490343,2.5519178990468743,-25.959690531555875,6.450346197424836,0.5854308316012361,33.14123459215086,dbscl-sentinel-1-2019\dbscl-sentinel-1_2019-10\S1_2019-10-09_22-53-50\S1A_IW_GRDH_1SDV_20191009T225350_20191009T225415_029388_035774_5B6A_metadata.json
2019-10-10 11:19:02,102.56828643769788,105.11133734937307,6.958538211345849,8.921983012657122,-15.91318114431379,2.5042496982997906,-25.61072395688026,6.215638331747305,0.600933346776007,45.97479904121787,dbscl-sentinel-1-2019\dbscl-sentinel-1_2019-10\S1_2019-10-10_11-19-02\S1A_IW_GRDH_1SDV_20191010T111902_20191010T111927_029396_0357B7_7986_metadata.json
2019-10-10 11:19:27,102.25757292494826,104.80821559677706,8.47073788636843,10.43024710188307,-14.759031221210044,2.7797176947345545,-22.906976209512788,6.61108623290732,0.5422696890699146,45.005958280392335,dbscl-sentinel-1-2019\dbscl-sentinel-1_2019-10\S1_2019-10-10_11-19-27\S1A_IW_GRDH_1SDV_20191010T111927_20191010T111952_029396_0357B7_0016_metadata.json
2019-10-10 11:19:52,101.94700765945922,104.507742560552,9.98305221438752,11.939205798342416,-14.515841954838493,2.5743995789980185,-22.70150641074921,6.330177498927768,0.558956040180209,43.81565821462376,dbscl-sentinel-1-2019\dbscl-sentinel-1_2019-10\S1_2019-10-10_11-19-52\S1A_IW_GRDH_1SDV_20191010T111952_20191010T112017_029396_0357B7_2ED3_metadata.json
2019-10-11 22:37:17,106.58618117870728,109.17944801717404,9.74280783887531,11.756808004288994,-17.976816375925985,2.490739707240096,-29.223285171278476,6.7303475805735244,0.6140056000227041,45.70468154690796,dbscl-sentinel-1-2019\dbscl-sentinel-1_2019-10\S1_2019-10-11_22-37-17\S1A_IW_GRDH_1SDV_20191011T223717_20191011T223745_029417_035883_DB96_metadata.json
2019-10-12 11:03:16,106.1194199220924,108.70146307150893,9.463799621021623,11.66257746031242,-15.952822398264622,2.6159351178901478,-24.79148802890972,7.114156767619466,0.5421002781690422,31.814619807379685,dbscl-sentinel-1-2019\dbscl-sentinel-1_2019-10\S1_2019-10-12_11-03-16\S1A_IW_GRDH_1SDV_20191012T110316_20191012T110345_029425_0358CA_3A7B_metadata.json
2019-10-16 22:45:19,104.7065410675958,107.26331315545984,10.51737228411793,12.470783127590838,-18.53893277147394,2.50137458691063,-30.26324132462056,6.814624218327391,0.6079740205621232,37.78121550639805,dbscl-sentinel-1-2019\dbscl-sentinel-1_2019-10\S1_2019-10-16_22-45-19\S1A_IW_GRDH_1SDV_20191016T224519_20191016T224544_029490_035AF6_588D_metadata.json
2019-10-16 22:45:44,104.40687996205624,106.95918333770942,9.005092205204694,10.9628752625021,-17.526219136216433,2.5602362733729387,-27.916755483020477,7.135682789412444,0.574813441654671,38.75292792196899,dbscl-sentinel-1-2019\dbscl-sentinel-1_2019-10\S1_2019-10-16_22-45-44\S1A_IW_GRDH_1SDV_20191016T224544_20191016T224609_029490_035AF6_DAB7_metadata.json
2019-10-16 22:46:09,104.17578593163958,106.64850565662736,7.967627640397217,9.454519039787373,-17.450194992428347,2.5261458946445,-27.88599039221048,7.0143995926462495,0.5914880468680289,41.00589741196238,dbscl-sentinel-1-2019\dbscl-sentinel-1_2019-10\S1_2019-10-16_22-46-09\S1A_IW_GRDH_1SDV_20191016T224609_20191016T224628_029490_035AF6_60AF_metadata.json
2019-10-17 11:11:02,104.4163534779697,106.98825316889564,7.736121694117256,9.937277944791823,-17.934641650858676,2.7456052304594176,-28.312777182127324,7.556506119590058,0.5735915442421865,38.57338490105556,dbscl-sentinel-1-2019\dbscl-sentinel-1_2019-10\S1_2019-10-17_11-11-02\S1A_IW_GRDH_1SDV_20191017T111102_20191017T111131_029498_035B3E_421D_metadata.json
2019-10-17 11:11:31,104.10836551529904,106.66286256705187,9.488785749974658,11.445531915585905,-17.92127989173265,2.481618272150798,-28.76340084721277,7.079158936252586,0.5864689676033947,40.32951220520969,dbscl-sentinel-1-2019\dbscl-sentinel-1_2019-10\S1_2019-10-17_11-11-31\S1A_IW_GRDH_1SDV_20191017T111131_20191017T111156_029498_035B3E_B220_metadata.json
2019-10-21 22:53:50,102.44321423661452,104.9873854698293,9.5912542875765,11.385836665152192,-17.24116095047686,2.5438308138256374,-27.68306501189444,6.799256889059027,0.5859791431658529,33.14118599856577,dbscl-sentinel-1-2019\dbscl-sentinel-1_2019-10\S1_2019-10-21_22-53-50\S1A_IW_GRDH_1SDV_20191021T225350_20191021T225415_029563_035D7C_333D_metadata.json
2019-10-22 11:19:02,102.56822961186349,105.11130219799308,6.958930306408256,8.92172640839963,-15.571397727182845,2.532944393681495,-24.77541968766764,6.367375766698096,0.5830069364313151,45.97520744087672,dbscl-sentinel-1-2019\dbscl-sentinel-1_2019-10\S1_2019-10-22_11-19-02\S1A_IW_GRDH_1SDV_20191022T111902_20191022T111927_029571_035DC2_61E6_metadata.json
2019-10-22 11:19:27,102.25750254612292,104.80837160905388,8.470807411929822,10.430330019535637,-14.771934618282272,1.3629258178372246,-23.02860335825534,6.515265878309183,0.5482638341151523,45.00560280871626,dbscl-sentinel-1-2019\dbscl-sentinel-1_2019-10\S1_2019-10-22_11-19-27\S1A_IW_GRDH_1SDV_20191022T111927_20191022T111952_029571_035DC2_453F_metadata.json
2019-10-22 11:19:52,101.94692285322093,104.50766772936068,9.983123779807505,11.939217389644114,-14.352442283753522,2.565265585341358,-22.52532777803425,6.179556789472882,0.5650747755379539,43.81448490736367,dbscl-sentinel-1-2019\dbscl-sentinel-1_2019-10\S1_2019-10-22_11-19-52\S1A_IW_GRDH_1SDV_20191022T111952_20191022T112017_029571_035DC2_2E91_metadata.json
2019-10-23 22:37:17,106.5868922257368,109.17995319860992,9.743736597937808,11.756877194378776,-18.056135967418832,2.4796147054651887,-29.41137573867308,6.700896196164564,0.6202739986787527,45.70619646673055,dbscl-sentinel-1-2019\dbscl-sentinel-1_2019-10\S1_2019-10-23_22-37-17\S1A_IW_GRDH_1SDV_20191023T223717_20191023T223745_029592_035E82_EC42_metadata.json
2019-10-24 11:03:16,106.1192813921202,108.7014955147628,9.464113625139166,11.662455692577588,-16.048708407331105,2.620567401420164,-24.77330836710049,7.324108447561906,0.5356238346436046,31.814080083803237,dbscl-sentinel-1-2019\dbscl-sentinel-1_2019-10\S1_2019-10-24_11-03-16\S1A_IW_GRDH_1SDV_20191024T110316_20191024T110345_029600_035ECB_C55A_metadata.json
2019-10-28 22:45:19,104.70674405332598,107.26329574873624,10.517379812049882,12.470763988107452,-18.65993959440208,2.4765886827762627,-30.50215540919278,6.817723779611055,0.6125107417784208,37.78158407842046,dbscl-sentinel-1-2019\dbscl-sentinel-1_2019-10\S1_2019-10-28_22-45-19\S1A_IW_GRDH_1SDV_20191028T224519_20191028T224544_029665_036108_ECCE_metadata.json
2019-10-28 22:45:44,104.406880050869,106.95886311628055,9.005353564744446,10.962855885639526,-17.64551455240441,2.551461814701696,-28.26463209293028,7.026397011878578,0.5809770077927601,38.75334006846101,dbscl-sentinel-1-2019\dbscl-sentinel-1_2019-10\S1_2019-10-28_22-45-44\S1A_IW_GRDH_1SDV_20191028T224544_20191028T224609_029665_036108_41DD_metadata.json
2019-10-28 22:46:09,104.17579346867676,106.64848352842397,7.967407331711385,9.45438691496098,-17.563436240287476,2.528955426137657,-28.04746321604996,7.079409264524876,0.5882411554595411,41.00650265556646,dbscl-sentinel-1-2019\dbscl-sentinel-1_2019-10\S1_2019-10-28_22-46-09\S1A_IW_GRDH_1SDV_20191028T224609_20191028T224628_029665_036108_D407_metadata.json
2019-10-29 11:11:02,104.4164286184019,106.98848163124616,7.735875972661885,9.937103438257374,-18.02361715705794,2.539860314964891,-28.723815793919982,7.3234185201960145,0.5857285648737803,38.57087473070317,dbscl-sentinel-1-2019\dbscl-sentinel-1_2019-10\S1_2019-10-29_11-11-02\S1A_IW_GRDH_1SDV_20191029T111102_20191029T111131_029673_036156_48FE_metadata.json
2019-10-29 11:11:31,104.10837145343012,106.66305741611748,9.488635186459716,11.445397254155036,-18.236277139331172,2.543692070731149,-29.431912221147257,7.0406420575151145,0.5934974764868174,40.32760046088774,dbscl-sentinel-1-2019\dbscl-sentinel-1_2019-10\S1_2019-10-29_11-11-31\S1A_IW_GRDH_1SDV_20191029T111131_20191029T111156_029673_036156_FC88_metadata.json
2019-10-10 22:44:35,104.68322351888736,107.28752176024572,10.393182134056442,12.467246225262668,-19.3193960656176,2.526539063382629,-31.443768818669025,7.195023312566104,0.6003674042661228,37.88295526859142,dbscl-sentinel-1-2019\dbscl-sentinel-1_2019-10\S1_2019-10-10_22-44-35\S1B_IW_GRDH_1SDV_20191010T224435_20191010T224504_018419_022B23_C579_metadata.json
2019-10-10 22:45:04,104.3833607655344,106.9338962120322,8.880892615046111,10.838797615660845,-17.52502537076076,2.614701585875878,-27.58023335618892,7.469817385332603,0.5536597779483519,38.88208194773622,dbscl-sentinel-1-2019\dbscl-sentinel-1_2019-10\S1_2019-10-10_22-45-04\S1B_IW_GRDH_1SDV_20191010T224504_20191010T224529_018419_022B23_9275_metadata.json
2019-10-10 22:45:29,104.07704314482254,106.62331532586396,7.467188562617807,9.33041499368982,-17.51462137171793,2.528133790528021,-27.99699701080058,7.032245732635371,0.5907804381895517,41.2004053001093,dbscl-sentinel-1-2019\dbscl-sentinel-1_2019-10\S1_2019-10-10_22-45-29\S1B_IW_GRDH_1SDV_20191010T224529_20191010T224554_018419_022B23_E365_metadata.json
2019-10-11 11:11:07,103.83531714564394,106.42478087097082,10.571729870572277,12.76634736426608,-20.98876803593244,2.510529098198556,-34.20548231086398,7.772053761000969,0.6083836071598334,39.74562080684802,dbscl-sentinel-1-2019\dbscl-sentinel-1_2019-10\S1_2019-10-11_11-11-07\S1B_IW_GRDH_1SDV_20191011T111107_20191011T111136_018427_022B65_90D6_metadata.json
2019-10-22 22:44:35,104.68280355160354,107.28697064489694,10.393183783407665,12.466967759552288,-19.16219119202373,2.515380819625904,-31.052755592963013,7.271626791084373,0.6062749025157349,37.878519437735626,dbscl-sentinel-1-2019\dbscl-sentinel-1_2019-10\S1_2019-10-22_22-44-35\S1B_IW_GRDH_1SDV_20191022T224435_20191022T224504_018594_023082_64FA_metadata.json
2019-10-22 22:45:04,104.38270427949188,106.93326340500076,8.880871448210412,10.838844829470728,-17.976180758542444,2.5704887003332657,-28.55258325182291,7.399778265261994,0.5682963253962837,38.877855941054506,dbscl-sentinel-1-2019\dbscl-sentinel-1_2019-10\S1_2019-10-22_22-45-04\S1B_IW_GRDH_1SDV_20191022T224504_20191022T224529_018594_023082_5DB2_metadata.json
2019-10-22 22:45:29,104.07672220309676,106.62265083826398,7.467012270716233,9.330481630447183,-17.442533736695374,2.5180798739026256,-27.988196133543333,6.8968713398474,0.5967306795975497,41.1961859647278,dbscl-sentinel-1-2019\dbscl-sentinel-1_2019-10\S1_2019-10-22_22-45-29\S1B_IW_GRDH_1SDV_20191022T224529_20191022T224555_018594_023082_C75C_metadata.json
2019-10-23 11:11:07,103.83436122731948,106.42416777446871,10.571806111551751,12.766138921504874,-20.215172425149984,2.5545733779869444,-32.11508138160059,8.315263468699358,0.5889523958432951,39.74961757531794,dbscl-sentinel-1-2019\dbscl-sentinel-1_2019-10\S1_2019-10-23_11-11-07\S1B_IW_GRDH_1SDV_20191023T111107_20191023T111136_018602_0230BE_4147_metadata.json
2019-11-02 22:53:51,102.44158690600052,104.98608586548808,9.590581012849777,11.385978657169732,-17.149489726295254,2.5657012258811087,-27.33696224979657,6.96201720279391,0.5791720475427002,33.14209048469854,dbscl-sentinel-1-2019\dbscl-sentinel-1_2019-11\S1_2019-11-02_22-53-51\S1A_IW_GRDH_1SDV_20191102T225351_20191102T225415_029738_036394_2E1E_metadata.json
2019-11-03 11:19:02,102.5669698192119,105.10990399996766,6.958502287234215,8.921721677157008,-15.93194130824435,2.526669032897213,-25.418443953861736,6.445438662626941,0.5881951965122986,45.976722209737424,dbscl-sentinel-1-2019\dbscl-sentinel-1_2019-11\S1_2019-11-03_11-19-02\S1A_IW_GRDH_1SDV_20191103T111902_20191103T111927_029746_0363DF_7076_metadata.json
2019-11-03 11:19:27,102.25625564332044,104.80717694366756,8.470796580502912,10.430249492392877,-14.59835666102264,2.538836408164008,-22.623406634073437,6.573306687971888,0.5383480737118312,44.99949444563513,dbscl-sentinel-1-2019\dbscl-sentinel-1_2019-11\S1_2019-11-03_11-19-27\S1A_IW_GRDH_1SDV_20191103T111927_20191103T111952_029746_0363DF_1F20_metadata.json
2019-11-03 11:19:52,101.94567889099976,104.50646065943148,9.98301818061271,11.939103196771129,-13.93205530244554,2.588634719922758,-21.6780742023888,6.186036402502319,0.5505580806890306,43.81011122221658,dbscl-sentinel-1-2019\dbscl-sentinel-1_2019-11\S1_2019-11-03_11-19-52\S1A_IW_GRDH_1SDV_20191103T111952_20191103T112017_029746_0363DF_9F87_metadata.json
2019-11-04 22:37:17,106.58529990451215,109.1783822204822,9.743496420498596,11.756920880875324,-17.76633682763573,2.4625675871200325,-29.161228649607807,6.371445005663637,0.6303309116032952,45.701708185566,dbscl-sentinel-1-2019\dbscl-sentinel-1_2019-11\S1_2019-11-04_22-37-17\S1A_IW_GRDH_1SDV_20191104T223717_20191104T223745_029767_0364A3_08AF_metadata.json
2019-11-05 11:03:16,106.11815987717064,108.70035202769056,9.463238705231216,11.662252771522274,-15.8143115345004,2.6202854096668693,-24.564901094955147,7.063721974045502,0.5410527318017874,31.816627364389092,dbscl-sentinel-1-2019\dbscl-sentinel-1_2019-11\S1_2019-11-05_11-03-16\S1A_IW_GRDH_1SDV_20191105T110316_20191105T110345_029775_0364EE_3174_metadata.json
2019-11-10 11:11:02,104.415803071031,106.98811416371812,7.734739011535827,9.937128195824124,-17.88689539132595,2.5344072911150604,-28.552617322400224,7.22117346025166,0.5879040329387173,38.57329368202048,dbscl-sentinel-1-2019\dbscl-sentinel-1_2019-11\S1_2019-11-10_11-11-02\S1A_IW_GRDH_1SDV_20191110T111102_20191110T111131_029848_036776_D550_metadata.json
2019-11-10 11:11:31,104.10785306439286,106.66241826505468,9.48866727464736,11.44544868592987,-17.75837818240269,2.556520551164159,-28.256482534113907,7.260273830691478,0.5779874638344075,40.33110285303923,dbscl-sentinel-1-2019\dbscl-sentinel-1_2019-11\S1_2019-11-10_11-11-31\S1A_IW_GRDH_1SDV_20191110T111131_20191110T111156_029848_036776_7789_metadata.json
2019-11-14 22:53:50,102.44186582282713,104.98602854335424,9.591911174908644,11.385796943731268,-16.95484996681546,2.554729596668832,-26.77406661760519,7.135633316025812,0.5709264643787424,33.141195884054575,dbscl-sentinel-1-2019\dbscl-sentinel-1_2019-11\S1_2019-11-14_22-53-50\S1A_IW_GRDH_1SDV_20191114T225350_20191114T225415_029913_0369B6_D8C0_metadata.json
2019-11-15 11:19:02,102.5671062347926,105.11018913433068,6.958478105188672,8.921988294370983,-16.27865592872898,2.4933358928988563,-26.199426919403464,6.357884938054401,0.6076403667304227,45.976861300679786,dbscl-sentinel-1-2019\dbscl-sentinel-1_2019-11\S1_2019-11-15_11-19-02\S1A_IW_GRDH_1SDV_20191115T111902_20191115T111927_029921_036A01_4B78_metadata.json
2019-11-15 11:19:27,102.25640085263858,104.80725975783426,8.470768330871836,10.430196634172512,-15.08780898795388,2.9360909599030887,-23.49929989130409,6.676318084603726,0.5435270803438648,45.00059015271359,dbscl-sentinel-1-2019\dbscl-sentinel-1_2019-11\S1_2019-11-15_11-19-27\S1A_IW_GRDH_1SDV_20191115T111927_20191115T111952_029921_036A01_6D2B_metadata.json
2019-11-15 11:19:52,101.94583195843424,104.5066801744418,9.982994681383634,11.939189256216022,-14.659139856050038,2.567238022491832,-22.97246041668497,6.345819295415076,0.5621325701637807,43.81179368006927,dbscl-sentinel-1-2019\dbscl-sentinel-1_2019-11\S1_2019-11-15_11-19-52\S1A_IW_GRDH_1SDV_20191115T111952_20191115T112017_029921_036A01_A89C_metadata.json
2019-11-16 22:37:17,106.58507473054271,109.17817762627512,9.743461584022484,11.756905923158833,-17.992460756194824,2.4748919301379857,-29.34308245985945,6.641839052529899,0.6217867638658179,45.700457317182526,dbscl-sentinel-1-2019\dbscl-sentinel-1_2019-11\S1_2019-11-16_22-37-17\S1A_IW_GRDH_1SDV_20191116T223717_20191116T223745_029942_036AC8_9450_metadata.json
2019-11-17 11:03:16,106.1176889325279,108.69990335179132,9.46404218855784,11.662601680051292,-15.88505787184538,2.594386292926118,-24.574750754776023,7.195364988914564,0.5373456431456661,31.818170995952816,dbscl-sentinel-1-2019\dbscl-sentinel-1_2019-11\S1_2019-11-17_11-03-16\S1A_IW_GRDH_1SDV_20191117T110316_20191117T110345_029950_036B11_2E7F_metadata.json
2019-11-21 22:45:19,104.70627365366,107.26309597735772,10.51744028696037,12.47122803666572,-18.13343110773975,2.6077618538170992,-27.91557370986952,8.351288505610086,0.5409647466009937,37.77947557272039,dbscl-sentinel-1-2019\dbscl-sentinel-1_2019-11\S1_2019-11-21_22-45-19\S1A_IW_GRDH_1SDV_20191121T224519_20191121T224544_030015_036D37_AECC_metadata.json
2019-11-21 22:45:44,104.40659256430204,106.95889491321284,9.005141001444809,10.962970101497946,-17.31546191209683,2.594898376439122,-27.05924080565084,7.571683018542813,0.5547910630669398,38.75112826172604,dbscl-sentinel-1-2019\dbscl-sentinel-1_2019-11\S1_2019-11-21_22-45-44\S1A_IW_GRDH_1SDV_20191121T224544_20191121T224609_030015_036D37_FC27_metadata.json
2019-11-21 22:46:09,104.17540943497262,106.64818470794648,7.968258818494141,9.454580124805204,-17.762565442754127,2.606177309163512,-28.272876457625262,7.252254427882943,0.5845484768648959,41.004059863025525,dbscl-sentinel-1-2019\dbscl-sentinel-1_2019-11\S1_2019-11-21_22-46-09\S1A_IW_GRDH_1SDV_20191121T224609_20191121T224628_030015_036D37_1F6D_metadata.json
2019-11-22 11:11:01,104.41592759409266,106.98795290700508,7.735919816544022,9.93718111926091,-17.959558449760454,2.5329443295110763,-28.55474148968137,7.36437540983975,0.5854437051278893,38.57417923581482,dbscl-sentinel-1-2019\dbscl-sentinel-1_2019-11\S1_2019-11-22_11-11-01\S1A_IW_GRDH_1SDV_20191122T111101_20191122T111130_030023_036D84_7710_metadata.json
2019-11-22 11:11:30,104.10814287987878,106.66253098219975,9.488668755794928,11.445428466882856,-17.69440252543153,2.6072576644477263,-27.468005713030053,7.920799337833,0.5470303341476757,40.33042768929643,dbscl-sentinel-1-2019\dbscl-sentinel-1_2019-11\S1_2019-11-22_11-11-30\S1A_IW_GRDH_1SDV_20191122T111130_20191122T111155_030023_036D84_297A_metadata.json
2019-11-26 22:53:50,102.44238097675006,104.98647758214082,9.591919492768264,11.38577483117812,-16.973759035055433,2.5657407570970863,-26.68219958299593,7.265318487114872,0.5645819235820668,33.14085612058708,dbscl-sentinel-1-2019\dbscl-sentinel-1_2019-11\S1_2019-11-26_22-53-50\S1A_IW_GRDH_1SDV_20191126T225350_20191126T225414_030088_036FCB_61D0_metadata.json
2019-11-27 11:19:02,102.5677907667647,105.11083541692967,6.958469960707089,8.92197756786286,-16.400591877478988,2.492792700605375,-26.41988594431008,6.381297810647806,0.6083941986976971,45.97506541551712,dbscl-sentinel-1-2019\dbscl-sentinel-1_2019-11\S1_2019-11-27_11-19-02\S1A_IW_GRDH_1SDV_20191127T111902_20191127T111927_030096_037015_CF51_metadata.json
2019-11-27 11:19:27,102.25709337185155,104.80792307417737,8.470770753610314,10.4301612248687,-14.65775526330168,2.839350211359564,-22.65282019439847,6.662690332204914,0.5325026875468248,45.00304644216055,dbscl-sentinel-1-2019\dbscl-sentinel-1_2019-11\S1_2019-11-27_11-19-27\S1A_IW_GRDH_1SDV_20191127T111927_20191127T111952_030096_037015_C3D7_metadata.json
2019-11-27 11:19:52,101.94651763009016,104.5073564959955,9.982987785213869,11.939099695808745,-14.129150413617191,2.5922582978137823,-21.9991253004966,6.259175526737768,0.5517504086404087,43.81346396383146,dbscl-sentinel-1-2019\dbscl-sentinel-1_2019-11\S1_2019-11-27_11-19-52\S1A_IW_GRDH_1SDV_20191127T111952_20191127T112017_030096_037015_5CA2_metadata.json
2019-11-28 22:37:16,106.58540466804088,109.17847240527529,9.743661796269537,11.75685707565901,-17.94157433943179,2.4884247051666577,-29.168293683108725,6.714854995755064,0.6145155130770622,45.700767255535176,dbscl-sentinel-1-2019\dbscl-sentinel-1_2019-11\S1_2019-11-28_22-37-16\S1A_IW_GRDH_1SDV_20191128T223716_20191128T223744_030117_0370DA_2FF3_metadata.json
2019-11-29 11:03:16,106.1182763349842,108.70045696953548,9.464098049869616,11.66255251092806,-16.214113791554997,2.6213505746337686,-24.94192930052328,7.486298282586739,0.5355824354381041,31.816377012015295,dbscl-sentinel-1-2019\dbscl-sentinel-1_2019-11\S1_2019-11-29_11-03-16\S1A_IW_GRDH_1SDV_20191129T110316_20191129T110345_030125_037122_8677_metadata.json
2019-11-03 22:44:42,104.64500462912667,107.2015517715565,10.205104319905628,12.159462503889126,-18.033955089843804,2.5874254021856173,-28.4704122058023,7.597497973885295,0.5632263384763855,38.25232765921906,dbscl-sentinel-1-2019\dbscl-sentinel-1_2019-11\S1_2019-11-03_22-44-42\S1B_IW_GRDH_1SDV_20191103T224442_20191103T224507_018769_023608_5D51_metadata.json
2019-11-03 22:45:07,104.24256027399714,106.89492462633352,8.300999662677155,10.651347342565971,-17.788017264706692,2.5458314477195048,-28.36823048307673,7.207804046336652,0.5752016945870131,39.1543887955602,dbscl-sentinel-1-2019\dbscl-sentinel-1_2019-11\S1_2019-11-03_22-45-07\S1B_IW_GRDH_1SDV_20191103T224507_20191103T224541_018769_023608_A04B_metadata.json
2019-11-04 11:11:07,103.8344939958076,106.42442458647244,10.5715752422319,12.766079169752643,-19.965964197106256,2.607086737016296,-30.954763307658403,8.977165086554058,0.5469644549971729,39.74798183475834,dbscl-sentinel-1-2019\dbscl-sentinel-1_2019-11\S1_2019-11-04_11-11-07\S1B_IW_GRDH_1SDV_20191104T111107_20191104T111136_018777_023649_CF08_metadata.json
2019-11-10 22:36:35,106.62140164667323,109.17895281652466,9.800975634376158,11.756898985907428,-17.022713416558478,2.4943635194409493,-27.669640349069184,6.375786484047647,0.6136095390129699,45.69067080048258,dbscl-sentinel-1-2019\dbscl-sentinel-1_2019-11\S1_2019-11-10_22-36-35\S1B_IW_GRDH_1SDV_20191110T223635_20191110T223700_018871_023975_E8EF_metadata.json
2019-11-10 22:37:00,106.18680245132762,108.86838660887472,7.74042796037204,10.248256043640811,-18.271735303874728,2.471734149487453,-29.792380952410063,6.751089655339455,0.6226695456216101,45.673213671712176,dbscl-sentinel-1-2019\dbscl-sentinel-1_2019-11\S1_2019-11-10_22-37-00\S1B_IW_GRDH_1SDV_20191110T223700_20191110T223736_018871_023975_FCF7_metadata.json
2019-11-15 22:44:42,104.64407719737282,107.20050258142636,10.205055397919743,12.159676983154393,-17.74190298321537,2.5839116485742832,-27.706610041632167,7.7771959247984865,0.5548133348054921,38.246644193709976,dbscl-sentinel-1-2019\dbscl-sentinel-1_2019-11\S1_2019-11-15_22-44-42\S1B_IW_GRDH_1SDV_20191115T224442_20191115T224507_018944_023BBB_6281_metadata.json
2019-11-15 22:45:07,104.24166117622792,106.89388282453768,8.30177155780005,10.65130225104994,-17.89392264809597,2.5706774119243474,-28.30035742601912,7.487487870172708,0.5688917381196784,39.14864307697189,dbscl-sentinel-1-2019\dbscl-sentinel-1_2019-11\S1_2019-11-15_22-45-07\S1B_IW_GRDH_1SDV_20191115T224507_20191115T224541_018944_023BBB_690C_metadata.json
2019-11-16 11:11:07,103.83354745927964,106.4234854899555,10.571472013382005,12.76603429664713,-19.759624337882343,2.6586398709751013,-29.93165925711253,9.5875894186521,0.5124592070787881,39.75319425015581,dbscl-sentinel-1-2019\dbscl-sentinel-1_2019-11\S1_2019-11-16_11-11-07\S1B_IW_GRDH_1SDV_20191116T111107_20191116T111136_018952_023C01_E6CF_metadata.json
2019-11-27 22:44:42,104.64472531377142,107.20147368626536,10.20507546933028,12.159656171496588,-17.45367402037429,2.60905027675533,-26.873927396220324,8.033420644528334,0.5381793118926629,38.2508925131279,dbscl-sentinel-1-2019\dbscl-sentinel-1_2019-11\S1_2019-11-27_22-44-42\S1B_IW_GRDH_1SDV_20191127T224442_20191127T224507_019119_024155_C45C_metadata.json
2019-11-27 22:45:07,104.24234532391507,106.8945592882646,8.302164433575886,10.65127523669068,-17.740255913436176,2.601091521185303,-27.54892597719153,7.931585849680876,0.5478011004386264,39.15292408871591,dbscl-sentinel-1-2019\dbscl-sentinel-1_2019-11\S1_2019-11-27_22-45-07\S1B_IW_GRDH_1SDV_20191127T224507_20191127T224540_019119_024155_4917_metadata.json
2019-11-28 11:11:06,103.83455670928257,106.42440625558407,10.571295283937058,12.765954574741668,-19.192074203800363,2.7193340349493837,-28.380346152804734,10.00380225479602,0.4824810552001392,39.74928327264106,dbscl-sentinel-1-2019\dbscl-sentinel-1_2019-11\S1_2019-11-28_11-11-06\S1B_IW_GRDH_1SDV_20191128T111106_20191128T111135_019127_024192_438C_metadata.json
2019-12-03 22:45:18,104.70646444744894,107.263248579227,10.517471397163936,12.470904016475362,-17.651095312088316,2.632283766820145,-27.069667132074542,8.232523492102171,0.5369329622486685,37.78030528764644,dbscl-sentinel-1-2019\dbscl-sentinel-1_2019-12\S1_2019-12-03_22-45-18\S1A_IW_GRDH_1SDV_20191203T224518_20191203T224543_030190_037348_297D_metadata.json
2019-12-03 22:45:43,104.4067834226368,106.9590818216138,9.005220274935606,10.962997399015608,-17.359174040996823,2.5639262589299325,-26.963493441058688,7.754854640934945,0.5478466637004664,38.75196939144769,dbscl-sentinel-1-2019\dbscl-sentinel-1_2019-12\S1_2019-12-03_22-45-43\S1A_IW_GRDH_1SDV_20191203T224543_20191203T224608_030190_037348_8C67_metadata.json
2019-12-03 22:46:08,104.1758512821988,106.648368299889,7.968085392220372,9.454608558714009,-17.869853702968552,2.526633677717818,-28.52393887772082,7.215768528216381,0.5906973683623613,41.00482442790727,dbscl-sentinel-1-2019\dbscl-sentinel-1_2019-12\S1_2019-12-03_22-46-08\S1A_IW_GRDH_1SDV_20191203T224608_20191203T224627_030190_037348_4E57_metadata.json
2019-12-04 11:11:01,104.41624094503,106.988188395896,7.736032761495131,9.937211062782264,-18.049133610931115,2.5368643966533915,-28.755467771594898,7.342799450267178,0.5876618827577684,38.573325956832335,dbscl-sentinel-1-2019\dbscl-sentinel-1_2019-12\S1_2019-12-04_11-11-01\S1A_IW_GRDH_1SDV_20191204T111101_20191204T111130_030198_037396_1E0E_metadata.json
2019-12-04 11:11:30,104.1084490923012,106.66283863823124,9.48869841678181,11.44543834699298,-17.473215016037386,2.5906177168057667,-26.862176473348995,8.08425355872578,0.5977364118441858,40.329186406015104,dbscl-sentinel-1-2019\dbscl-sentinel-1_2019-12\S1_2019-12-04_11-11-30\S1A_IW_GRDH_1SDV_20191204T111130_20191204T111155_030198_037396_A692_metadata.json
2019-12-08 22:53:50,102.44279808696344,104.98696317304316,9.59171071850084,11.386101744516257,-17.138518708951054,2.5705117229053567,-26.93859531754585,7.338442100356487,0.5679969567711654,33.14080516833706,dbscl-sentinel-1-2019\dbscl-sentinel-1_2019-12\S1_2019-12-08_22-53-50\S1A_IW_GRDH_1SDV_20191208T225350_20191208T225414_030263_0375CB_9226_metadata.json
2019-12-09 11:19:02,102.568107554619,105.11117658094028,6.958752132835137,8.921948313624641,-16.39500430000384,2.517134127341865,-26.207730415465942,6.582278184541736,0.5932947790136067,45.97383831014098,dbscl-sentinel-1-2019\dbscl-sentinel-1_2019-12\S1_2019-12-09_11-19-02\S1A_IW_GRDH_1SDV_20191209T111902_20191209T111927_030271_037614_AD06_metadata.json
2019-12-09 11:19:27,102.2574138304464,104.80836083422838,8.470692296196408,10.430207842174427,-15.236718677581234,2.716857777129179,-23.8265955839392,6.646841771223257,0.550524421573552,45.00382894421829,dbscl-sentinel-1-2019\dbscl-sentinel-1_2019-12\S1_2019-12-09_11-19-27\S1A_IW_GRDH_1SDV_20191209T111927_20191209T111952_030271_037614_D7D6_metadata.json
2019-12-09 11:19:52,101.9468378729099,104.5076224929461,9.983060733216847,11.939064262406172,-14.765031859982546,2.562057493718748,-23.201349895433147,6.328713824531989,0.5666150437738846,43.81383244972285,dbscl-sentinel-1-2019\dbscl-sentinel-1_2019-12\S1_2019-12-09_11-19-52\S1A_IW_GRDH_1SDV_20191209T111952_20191209T112017_030271_037614_711F_metadata.json
2019-12-10 22:37:16,106.58582003570189,109.17897649686576,9.743407337076889,11.756876915999978,-17.714440107496415,2.5005697579739725,-28.684655451401245,6.74422476359149,0.6067606298227363,45.70361890182222,dbscl-sentinel-1-2019\dbscl-sentinel-1_2019-12\S1_2019-12-10_22-37-16\S1A_IW_GRDH_1SDV_20191210T223716_20191210T223744_030292_0376DF_F41F_metadata.json
2019-12-11 11:03:15,106.11877679931932,108.70097932298904,9.463675354658632,11.66240827562755,-16.196043310276124,2.6367730340908078,-24.80962987002845,7.5824567505237885,0.5261150213378601,31.814085695883705,dbscl-sentinel-1-2019\dbscl-sentinel-1_2019-12\S1_2019-12-11_11-03-15\S1A_IW_GRDH_1SDV_20191211T110315_20191211T110344_030300_037728_F3F8_metadata.json
2019-12-15 22:45:18,104.7060559852884,107.26259488109608,10.517498835884114,12.4712614486755,-16.804744329393564,2.583925862812685,-26.1550985003686,7.454390158418511,0.555633281976765,37.77620984415422,dbscl-sentinel-1-2019\dbscl-sentinel-1_2019-12\S1_2019-12-15_22-45-18\S1A_IW_GRDH_1SDV_20191215T224518_20191215T224543_030365_037954_054D_metadata.json
2019-12-15 22:45:43,104.40606048916236,106.95833265761772,9.005276017517042,10.9630043600927,-16.917330409076975,2.5982237313715646,-26.26294412267736,7.571716695476585,0.5465873706692161,38.74818523874299,dbscl-sentinel-1-2019\dbscl-sentinel-1_2019-12\S1_2019-12-15_22-45-43\S1A_IW_GRDH_1SDV_20191215T224543_20191215T224608_030365_037954_DA5A_metadata.json
2019-12-15 22:46:08,104.17486615008724,106.6476589396197,7.96781451743898,9.45456250311954,-17.729982203734753,2.534362458466028,-28.067427883336112,7.392536524133249,0.5802025989812016,41.00128521207845,dbscl-sentinel-1-2019\dbscl-sentinel-1_2019-12\S1_2019-12-15_22-46-08\S1A_IW_GRDH_1SDV_20191215T224608_20191215T224627_030365_037954_94F8_metadata.json
2019-12-16 11:11:00,104.4154698258086,106.987563458988,7.73563555233099,9.937138101015726,-18.002022884086266,2.5546974855182545,-28.36095337380279,7.643092394369858,0.5740831038219913,38.57630454018026,dbscl-sentinel-1-2019\dbscl-sentinel-1_2019-12\S1_2019-12-16_11-11-00\S1A_IW_GRDH_1SDV_20191216T111100_20191216T111129_030373_0379A3_F713_metadata.json
2019-12-16 11:11:29,104.107549600743,106.66217151096504,9.488660408185591,11.445431266927809,-17.081683034752018,2.628046938216944,-26.281087640634805,7.882278428869122,0.5346477600234043,40.33180620205793,dbscl-sentinel-1-2019\dbscl-sentinel-1_2019-12\S1_2019-12-16_11-11-29\S1A_IW_GRDH_1SDV_20191216T111129_20191216T111154_030373_0379A3_A4B8_metadata.json
2019-12-20 22:53:49,102.44276966149653,104.98695345586184,9.5918608557795,11.386151868790906,-16.204369481627385,2.5663099744744864,-25.551056218648974,6.85768274460559,0.5706543600052025,33.14168816159157,dbscl-sentinel-1-2019\dbscl-sentinel-1_2019-12\S1_2019-12-20_22-53-49\S1A_IW_GRDH_1SDV_20191220T225349_20191220T225414_030438_037BD7_B816_metadata.json
2019-12-21 11:19:01,102.56772352169386,105.1109053626314,6.958484255880706,8.921599677945999,-16.299947991724757,2.5108928243971484,-26.08240818169618,6.51748780175345,0.5961324998764989,45.97447621436837,dbscl-sentinel-1-2019\dbscl-sentinel-1_2019-12\S1_2019-12-21_11-19-01\S1A_IW_GRDH_1SDV_20191221T111901_20191221T111926_030446_037C21_109E_metadata.json
2019-12-21 11:19:26,102.257012689779,104.80793375992482,8.470682041805963,10.430142630863934,-15.083513552357234,2.232819602510465,-23.64046135566551,6.526565749049017,0.5534031086139465,45.00176805475009,dbscl-sentinel-1-2019\dbscl-sentinel-1_2019-12\S1_2019-12-21_11-19-26\S1A_IW_GRDH_1SDV_20191221T111926_20191221T111951_030446_037C21_65E2_metadata.json
2019-12-21 11:19:51,101.9464127111584,104.50736173949916,9.982906533100277,11.93911952798997,-14.56136294622278,2.559318731011547,-22.916712587535866,6.206013304909581,0.5684389910234471,43.81194582060293,dbscl-sentinel-1-2019\dbscl-sentinel-1_2019-12\S1_2019-12-21_11-19-51\S1A_IW_GRDH_1SDV_20191221T111951_20191221T112016_030446_037C21_C475_metadata.json
2019-12-22 22:37:16,106.5858613117268,109.17893222097992,9.743580758261064,11.756951759974989,-18.01527904478828,2.5478267345520638,-28.68654966588983,7.344008423686514,0.583958209720572,45.70430106680431,dbscl-sentinel-1-2019\dbscl-sentinel-1_2019-12\S1_2019-12-22_22-37-16\S1A_IW_GRDH_1SDV_20191222T223716_20191222T223744_030467_037CEA_70AE_metadata.json
2019-12-23 11:03:15,106.1185857829315,108.70060713248547,9.463798537257984,11.66239359867827,-16.05028750498745,2.537345217652254,-24.573979376295885,7.526595633678882,0.5259342753098513,31.813536482802416,dbscl-sentinel-1-2019\dbscl-sentinel-1_2019-12\S1_2019-12-23_11-03-15\S1A_IW_GRDH_1SDV_20191223T110315_20191223T110344_030475_037D34_326D_metadata.json
2019-12-27 22:45:17,104.70587186620692,107.2625408572792,10.517491937067527,12.471183733046662,-16.262937569488788,2.525635787615237,-26.000733730978645,6.525141407998751,0.5934080044012751,37.77544092044501,dbscl-sentinel-1-2019\dbscl-sentinel-1_2019-12\S1_2019-12-27_22-45-17\S1A_IW_GRDH_1SDV_20191227T224517_20191227T224542_030540_037F5E_5CAD_metadata.json
2019-12-27 22:45:42,104.4059694566363,106.95819150843712,9.005188260480335,10.962963239589834,-16.75492904086652,2.6376133804341584,-26.249960272235988,7.259897809497016,0.5587627890500618,38.74747231902671,dbscl-sentinel-1-2019\dbscl-sentinel-1_2019-12\S1_2019-12-27_22-45-42\S1A_IW_GRDH_1SDV_20191227T224542_20191227T224607_030540_037F5E_EF69_metadata.json
2019-12-27 22:46:07,104.17460067100713,106.64759021653111,7.967951802550859,9.45433725183221,-17.751279783456127,2.526391093012584,-28.21829273609985,7.284266830812391,0.5876802086631371,41.00071548909206,dbscl-sentinel-1-2019\dbscl-sentinel-1_2019-12\S1_2019-12-27_22-46-07\S1A_IW_GRDH_1SDV_20191227T224607_20191227T224626_030540_037F5E_746F_metadata.json
2019-12-28 11:11:00,104.4155918616848,106.9875978723652,7.735851804275301,9.937054754932245,-17.909252296954005,5.680636230135548,-28.41237183133937,7.406132762568831,0.5831280443920143,38.57593476425375,dbscl-sentinel-1-2019\dbscl-sentinel-1_2019-12\S1_2019-12-28_11-11-00\S1A_IW_GRDH_1SDV_20191228T111100_20191228T111129_030548_037FA7_F62E_metadata.json
2019-12-28 11:11:29,104.10763300000455,106.66226065905636,9.488607496412712,11.44534934048447,-16.941893881618288,2.54409816445448,-26.83790265763234,7.045885105604098,0.5767699097157842,40.33115482719621,dbscl-sentinel-1-2019\dbscl-sentinel-1_2019-12\S1_2019-12-28_11-11-29\S1A_IW_GRDH_1SDV_20191228T111129_20191228T111154_030548_037FA7_4542_metadata.json
2019-12-09 22:44:41,104.64472531377142,107.201175591837,10.205097011817593,12.159445950614892,-16.82378992902016,2.5993230189259915,-26.17780536724964,7.469774490790721,0.5523942981206885,38.25078745101288,dbscl-sentinel-1-2019\dbscl-sentinel-1_2019-12\S1_2019-12-09_22-44-41\S1B_IW_GRDH_1SDV_20191209T224441_20191209T224506_019294_0246DE_5551_metadata.json
2019-12-09 22:45:06,104.24242197136928,106.89455685688182,8.3019276098917,10.65096416092439,-17.568155348417772,2.571936122551924,-27.406330461373507,7.7299802354621345,0.5409853986209466,39.152897947457866,dbscl-sentinel-1-2019\dbscl-sentinel-1_2019-12\S1_2019-12-09_22-45-06\S1B_IW_GRDH_1SDV_20191209T224506_20191209T224540_019294_0246DE_14A9_metadata.json
2019-12-10 11:11:06,103.8345385763284,106.42443249391496,10.571371230292062,12.765941672576735,-18.402656461303994,2.622842588369912,-28.29025026635445,8.515062656253534,0.5364690030171628,39.74879365096108,dbscl-sentinel-1-2019\dbscl-sentinel-1_2019-12\S1_2019-12-10_11-11-06\S1B_IW_GRDH_1SDV_20191210T111106_20191210T111135_019302_024721_2C57_metadata.json
2019-12-21 22:44:41,104.64473198531056,107.2011992157622,10.205449760231412,12.159448900653054,-16.34665316830436,2.5670753000570907,-25.686749735411745,7.006556601197095,0.5601899443417392,38.25127104602318,dbscl-sentinel-1-2019\dbscl-sentinel-1_2019-12\S1_2019-12-21_22-44-41\S1B_IW_GRDH_1SDV_20191221T224441_20191221T224506_019469_024C71_FFF3_metadata.json
2019-12-21 22:45:06,104.24246100481076,106.89457468702282,8.30215603947557,10.651404717868624,-17.153481235826188,2.5720799836039694,-26.699065565035557,7.607896906616827,0.5514147458536734,39.15333746448293,dbscl-sentinel-1-2019\dbscl-sentinel-1_2019-12\S1_2019-12-21_22-45-06\S1B_IW_GRDH_1SDV_20191221T224506_20191221T224539_019469_024C71_9EB8_metadata.json
2019-12-22 11:11:05,103.83442323310624,106.42425277938652,10.571065907477168,12.765943219778654,-18.085890886903577,2.556532457464707,-28.559090000316832,7.612691773490432,0.5780487942387303,39.75056564346405,dbscl-sentinel-1-2019\dbscl-sentinel-1_2019-12\S1_2019-12-22_11-11-05\S1B_IW_GRDH_1SDV_20191222T111105_20191222T111134_019477_024CAE_65EB_metadata.json
2020-01-01 22:53:49,102.44265648447744,104.98674128269136,9.5916376309709,11.386156063779218,-15.97034342782835,2.5338587134660795,-25.5701240942015,6.37056276145531,0.5945225377566568,33.141622935743946,dbscl-sentinel-1-2020\dbscl-sentinel-1_2020-01\S1_2020-01-01_22-53-49\S1A_IW_GRDH_1SDV_20200101T225349_20200101T225413_030613_0381E0_FCAA_metadata.json
2020-01-02 11:19:00,102.56761985228655,105.1108041911796,6.958430564880384,8.92192624698726,-16.674228938004624,2.483762136407749,-26.93131395230615,6.417143923703132,0.6129440088764351,45.97401593764941,dbscl-sentinel-1-2020\dbscl-sentinel-1_2020-01\S1_2020-01-02_11-19-00\S1A_IW_GRDH_1SDV_20200102T111900_20200102T111925_030621_038227_600F_metadata.json
2020-01-02 11:19:25,102.25689681855016,104.80790864841948,8.470667156087178,10.430126273077898,-15.21194870178896,2.6346818177491835,-23.804558274493527,6.619339129084393,0.5511191214786366,45.00072506681843,dbscl-sentinel-1-2020\dbscl-sentinel-1_2020-01\S1_2020-01-02_11-19-25\S1A_IW_GRDH_1SDV_20200102T111925_20200102T111950_030621_038227_71D2_metadata.json
2020-01-02 11:19:50,101.94629647329188,104.5071579539762,9.982890962344918,11.939064261624187,-14.662444130936178,2.573669085268475,-23.01908032830332,6.305807933569027,0.5644462285880458,43.81126095446064,dbscl-sentinel-1-2020\dbscl-sentinel-1_2020-01\S1_2020-01-02_11-19-50\S1A_IW_GRDH_1SDV_20200102T111950_20200102T112015_030621_038227_DB9B_metadata.json
2020-01-03 22:37:15,106.58596023033732,109.17910179401709,9.743527928635515,11.7567501193797,-18.24004699185755,2.5359365446627966,-29.10368613458054,7.376407849134498,0.5850992951685713,45.70486269879649,dbscl-sentinel-1-2020\dbscl-sentinel-1_2020-01\S1_2020-01-03_22-37-15\S1A_IW_GRDH_1SDV_20200103T223715_20200103T223743_030642_0382F2_B0A2_metadata.json
2020-01-04 11:03:14,106.11846205752654,108.70051514974192,9.465239345996324,11.662444690053006,-15.984373230512215,2.653310407662272,-24.437364124011303,7.531382337013245,0.5248203921878809,31.813593289254825,dbscl-sentinel-1-2020\dbscl-sentinel-1_2020-01\S1_2020-01-04_11-03-14\S1A_IW_GRDH_1SDV_20200104T110314_20200104T110343_030650_03833D_C58F_metadata.json
2020-01-09 11:10:59,104.41587980990964,106.98806236336526,7.7355868080962304,9.93696363622272,-17.939069609337867,2.571045758363252,-28.276382246973093,7.601756971702825,0.5741500322252407,38.57232217345738,dbscl-sentinel-1-2020\dbscl-sentinel-1_2020-01\S1_2020-01-09_11-10-59\S1A_IW_GRDH_1SDV_20200109T111059_20200109T111128_030723_0385B4_AFA9_metadata.json
2020-01-09 11:11:28,104.1079539236595,106.66257767032398,9.488527925814486,11.445277728929293,-16.673441179630853,2.5384102652677645,-26.73674747357789,6.610134885683877,0.5944583149237092,40.32891284245,dbscl-sentinel-1-2020\dbscl-sentinel-1_2020-01\S1_2020-01-09_11-11-28\S1A_IW_GRDH_1SDV_20200109T111128_20200109T111153_030723_0385B4_F961_metadata.json
2020-01-13 22:53:48,102.4419437517338,104.98595775990763,9.59195297333383,11.386059752990706,-15.914320182018608,2.5066829057996824,-25.736886157646797,6.0917542063905215,0.6092317819054699,33.1431228850135,dbscl-sentinel-1-2020\dbscl-sentinel-1_2020-01\S1_2020-01-13_22-53-48\S1A_IW_GRDH_1SDV_20200113T225348_20200113T225413_030788_0387FD_7B06_metadata.json
2020-01-14 11:19:00,102.56722426329452,105.11036587149206,6.958329508066992,8.921868675205555,-16.62459017716632,2.4955570470173165,-26.73976514391345,6.509415210419233,0.6057300655411366,45.97493047671104,dbscl-sentinel-1-2020\dbscl-sentinel-1_2020-01\S1_2020-01-14_11-19-00\S1A_IW_GRDH_1SDV_20200114T111900_20200114T111925_030796_038847_C849_metadata.json
2020-01-14 11:19:25,102.25645979213346,104.80751933155484,8.470619415043483,10.430039153431174,-15.311365699963352,2.747727996753044,-23.985839587764925,6.636891812161734,0.5498902395954266,44.99881895708265,dbscl-sentinel-1-2020\dbscl-sentinel-1_2020-01\S1_2020-01-14_11-19-25\S1A_IW_GRDH_1SDV_20200114T111925_20200114T111950_030796_038847_07EF_metadata.json
2020-01-14 11:19:50,101.94587148783002,104.506796242023,9.982799707102725,11.938957287696695,-14.761875705964965,2.565411412479987,-23.170590757697024,6.35316065423286,0.5642444320770247,43.81037626586292,dbscl-sentinel-1-2020\dbscl-sentinel-1_2020-01\S1_2020-01-14_11-19-50\S1A_IW_GRDH_1SDV_20200114T111950_20200114T112015_030796_038847_BBA1_metadata.json
2020-01-15 22:37:14,106.5858025900641,109.17884484870156,9.743627960622836,11.757050128711365,-18.23127933975737,2.4921641612776524,-29.60259997306896,6.859958706445972,0.6130743384337493,45.70454871113128,dbscl-sentinel-1-2020\dbscl-sentinel-1_2020-01\S1_2020-01-15_22-37-14\S1A_IW_GRDH_1SDV_20200115T223714_20200115T223742_030817_038911_6D34_metadata.json
2020-01-16 11:03:14,106.1181492003792,108.70045379771764,9.463729934530376,11.662428630362138,-16.053481352755878,2.6088598022877942,-24.94484512395249,7.162117581559272,0.5445314478611798,31.81389153122461,dbscl-sentinel-1-2020\dbscl-sentinel-1_2020-01\S1_2020-01-16_11-03-14\S1A_IW_GRDH_1SDV_20200116T110314_20200116T110343_030825_03895B_5520_metadata.json
2020-01-20 22:45:16,104.70619765657298,107.262968448444,10.517625071637434,12.471336333685006,-16.157053478247406,2.450622453519923,-26.622501313099875,5.69160564339491,0.6411288010123339,37.78020475669542,dbscl-sentinel-1-2020\dbscl-sentinel-1_2020-01\S1_2020-01-20_22-45-16\S1A_IW_GRDH_1SDV_20200120T224516_20200120T224541_030890_038B92_DD03_metadata.json
2020-01-20 22:45:41,104.40648803194532,106.95869602482392,9.005244869620611,10.96308269675824,-16.71081026953141,2.541247013072294,-26.69297081447961,6.728649724583313,0.5890246354358099,38.75188048266455,dbscl-sentinel-1-2020\dbscl-sentinel-1_2020-01\S1_2020-01-20_22-45-41\S1A_IW_GRDH_1SDV_20200120T224541_20200120T224606_030890_038B92_F52B_metadata.json
2020-01-20 22:46:06,104.17505058474316,106.64813442482998,7.967612289158007,9.454602352038853,-17.8286014973557,2.506231726674609,-28.616278091828782,7.04092490288258,0.6023836729060388,41.0049756381319,dbscl-sentinel-1-2020\dbscl-sentinel-1_2020-01\S1_2020-01-20_22-46-06\S1A_IW_GRDH_1SDV_20200120T224606_20200120T224625_030890_038B92_92E2_metadata.json
2020-01-21 11:10:59,104.4158177260221,106.9879908338533,7.735568548446746,9.937016515521073,-18.038581381347612,2.5415921206621417,-28.56910284366249,7.508059919032632,0.581275059239348,38.5725125868288,dbscl-sentinel-1-2020\dbscl-sentinel-1_2020-01\S1_2020-01-21_11-10-59\S1A_IW_GRDH_1SDV_20200121T111059_20200121T111128_030898_038BDC_5925_metadata.json
2020-01-21 11:11:28,104.10804308402032,106.66253368093498,9.488502401308525,11.445280582425418,-16.59570040900202,2.5062430105581552,-26.811502051735552,6.379898766268481,0.6054663220056723,40.32894291011831,dbscl-sentinel-1-2020\dbscl-sentinel-1_2020-01\S1_2020-01-21_11-11-28\S1A_IW_GRDH_1SDV_20200121T111128_20200121T111153_030898_038BDC_D758_metadata.json
2020-01-25 22:53:48,102.44217220356242,104.98591256192972,9.59170518004271,11.386050264595005,-15.914323793396802,2.498496702240465,-25.937565900196667,5.891081686597064,0.6198503382409375,33.142851800928625,dbscl-sentinel-1-2020\dbscl-sentinel-1_2020-01\S1_2020-01-25_22-53-48\S1A_IW_GRDH_1SDV_20200125T225348_20200125T225412_030963_038E28_D1A3_metadata.json
2020-01-26 11:19:00,102.56722907900009,105.11035480868588,6.958641535186129,8.92182082698643,-16.398324669511744,2.5060188647335067,-26.337947887230985,6.458701451792417,0.5996980286617066,45.97534921909312,dbscl-sentinel-1-2020\dbscl-sentinel-1_2020-01\S1_2020-01-26_11-19-00\S1A_IW_GRDH_1SDV_20200126T111900_20200126T111925_030971_038E72_9516_metadata.json
2020-01-26 11:19:25,102.25649533048109,104.80755682062524,8.470577976257546,10.42999474862762,-15.189250771817855,2.562738768313487,-23.857449678541297,6.521051865094339,0.6422602282253104,44.99942303377043,dbscl-sentinel-1-2020\dbscl-sentinel-1_2020-01\S1_2020-01-26_11-19-25\S1A_IW_GRDH_1SDV_20200126T111925_20200126T111950_030971_038E72_11EA_metadata.json
2020-01-26 11:19:50,101.94591867933045,104.50686245213076,9.9828144299666,11.938911293055328,-14.631419316388223,2.5584746333532093,-23.036306707126304,6.226531925650128,0.5690585216857834,43.81134944714189,dbscl-sentinel-1-2020\dbscl-sentinel-1_2020-01\S1_2020-01-26_11-19-50\S1A_IW_GRDH_1SDV_20200126T111950_20200126T112015_030971_038E72_D1EF_metadata.json
2020-01-27 22:37:14,106.58532040758502,109.17833458767625,9.74332787181033,11.757060211006236,-18.351308885866384,2.460640198208707,-30.10567437483237,6.5969433969004365,0.6302664231982789,45.702016311802986,dbscl-sentinel-1-2020\dbscl-sentinel-1_2020-01\S1_2020-01-27_22-37-14\S1A_IW_GRDH_1SDV_20200127T223714_20200127T223742_030992_038F3B_6521_metadata.json
2020-01-28 11:03:14,106.11801596483733,108.70033381239924,9.463510221030024,11.662356491797938,-16.04959620065682,2.587017465148847,-25.179830219840813,6.919362181472823,0.5618157321325558,31.81508930302052,dbscl-sentinel-1-2020\dbscl-sentinel-1_2020-01\S1_2020-01-28_11-03-14\S1A_IW_GRDH_1SDV_20200128T110314_20200128T110343_031000_038F86_512A_metadata.json
2020-01-02 22:44:40,104.645242759214,107.2014679155289,10.205212592348628,12.159570651295804,-16.515964198272805,2.534076857474412,-26.418401522067075,6.613526874478748,0.5899516536595428,38.25227211053532,dbscl-sentinel-1-2020\dbscl-sentinel-1_2020-01\S1_2020-01-02_22-44-40\S1B_IW_GRDH_1SDV_20200102T224440_20200102T224505_019644_025201_2BAE_metadata.json
2020-01-02 22:45:05,104.24257145176504,106.89483394463385,8.30218817205689,10.65144145200465,-17.177089722046592,2.584650604246548,-27.04664257119861,7.307536872894414,0.5676618496114032,39.15447242777846,dbscl-sentinel-1-2020\dbscl-sentinel-1_2020-01\S1_2020-01-02_22-45-05\S1B_IW_GRDH_1SDV_20200102T224505_20200102T224539_019644_025201_8C7A_metadata.json
2020-01-03 11:11:05,103.8344292479344,106.42399623716643,10.57147419958072,12.765978135325554,-17.946919167885245,2.474220556453622,-29.388610323502387,6.505228012268141,0.6336051640182819,39.74780632484887,dbscl-sentinel-1-2020\dbscl-sentinel-1_2020-01\S1_2020-01-03_11-11-05\S1B_IW_GRDH_1SDV_20200103T111105_20200103T111134_019652_025240_5A7C_metadata.json
2020-01-14 22:44:40,104.64495944049312,107.2013407790255,10.2054813144106,12.159479592852248,-16.40180523630275,2.507691095714051,-26.303819563162254,6.499790909443274,0.5946108331952541,38.25128915007221,dbscl-sentinel-1-2020\dbscl-sentinel-1_2020-01\S1_2020-01-14_22-44-40\S1B_IW_GRDH_1SDV_20200114T224440_20200114T224505_019819_025796_679C_metadata.json
2020-01-14 22:45:05,104.24224472419353,106.89446779624876,8.302137589089881,10.65145703117483,-17.20330125817028,2.542672190321987,-27.400094129284035,7.00650838705647,0.5846998352631467,39.15328574503516,dbscl-sentinel-1-2020\dbscl-sentinel-1_2020-01\S1_2020-01-14_22-45-05\S1B_IW_GRDH_1SDV_20200114T224505_20200114T224538_019819_025796_0365_metadata.json
2020-01-15 11:11:04,103.83441040737056,106.42424828652533,10.571254397992377,12.765967702485344,-17.567820161324835,2.450810541580361,-29.01847036369244,6.117169958957209,0.6472899414250985,39.74968655780941,dbscl-sentinel-1-2020\dbscl-sentinel-1_2020-01\S1_2020-01-15_11-11-04\S1B_IW_GRDH_1SDV_20200115T111104_20200115T111133_019827_0257D3_EB26_metadata.json
2020-01-26 22:44:39,104.64442616225594,107.2006487428286,10.205235595038207,12.159461769671312,-15.847480228784912,2.515060411773385,-25.50604215670144,6.188918300868382,0.6024513982803342,38.24768233904837,dbscl-sentinel-1-2020\dbscl-sentinel-1_2020-01\S1_2020-01-26_22-44-39\S1B_IW_GRDH_1SDV_20200126T224439_20200126T224504_019994_025D2C_DF1F_metadata.json
2020-01-26 22:45:04,104.24211041391663,106.89398701350936,8.302017621599076,10.651444916216688,-16.83082936884914,2.5228747927740858,-27.01793770926152,6.6437210284368735,0.5941953432406603,39.14955636404183,dbscl-sentinel-1-2020\dbscl-sentinel-1_2020-01\S1_2020-01-26_22-45-04\S1B_IW_GRDH_1SDV_20200126T224504_20200126T224538_019994_025D2C_1098_metadata.json
2020-01-27 11:11:04,103.83390817020606,106.42374859110656,10.570961729138396,12.766178511724451,-16.87970227504569,2.413304819395625,-28.28410702859987,5.475297521491524,0.6699251579759836,39.75377924765679,dbscl-sentinel-1-2020\dbscl-sentinel-1_2020-01\S1_2020-01-27_11-11-04\S1B_IW_GRDH_1SDV_20200127T111104_20200127T111133_020002_025D70_7A4D_metadata.json
2020-02-01 22:45:16,104.70639779418144,107.26300695964372,10.51790278970958,12.471061594753031,-15.694109861847124,2.459992785583027,-25.67011755466926,5.718102169025329,0.6310536894536012,38.10208349722938,dbscl-sentinel-1-2020\dbscl-sentinel-1_2020-02\S1_2020-02-01_22-45-16\S1A_IW_GRDH_1SDV_20200201T224516_20200201T224541_031065_0391AD_85B0_metadata.json
2020-02-01 22:45:41,104.4066728508864,106.95889725519667,9.005256066606147,10.963093639685544,-16.721280586332842,2.547513893580134,-26.508890539422097,6.93367063324364,0.5779005913230185,38.753367844195445,dbscl-sentinel-1-2020\dbscl-sentinel-1_2020-02\S1_2020-02-01_22-45-41\S1A_IW_GRDH_1SDV_20200201T224541_20200201T224606_031065_0391AD_C36E_metadata.json
2020-02-01 22:46:06,104.175276340181,106.64819811078269,7.967343554107417,9.454392417217395,-17.920385479809095,2.5121774171276683,-28.58994407946373,7.250826880154546,0.5933586972451429,41.00797608769391,dbscl-sentinel-1-2020\dbscl-sentinel-1_2020-02\S1_2020-02-01_22-46-06\S1A_IW_GRDH_1SDV_20200201T224606_20200201T224625_031065_0391AD_44C7_metadata.json
2020-02-02 11:10:59,104.41590681063568,106.98800695952224,7.735518358571917,9.937074798628782,-18.17401823496342,2.529385790953901,-28.9858294116247,7.362207058302202,0.5931953239915007,38.57369275134346,dbscl-sentinel-1-2020\dbscl-sentinel-1_2020-02\S1_2020-02-02_11-10-59\S1A_IW_GRDH_1SDV_20200202T111059_20200202T111128_031073_0391F7_040E_metadata.json
2020-02-02 11:11:28,104.10797395371576,106.66262219946913,9.48854245761486,11.445307142251016,-16.630766688531686,2.497578653805728,-27.003706565893303,6.25782681117012,0.6140948142792565,40.32832653276342,dbscl-sentinel-1-2020\dbscl-sentinel-1_2020-02\S1_2020-02-02_11-11-28\S1A_IW_GRDH_1SDV_20200202T111128_20200202T111153_031073_0391F7_A167_metadata.json
2020-02-06 22:53:47,102.44193194432025,104.98774857284972,9.591503636478697,11.38608447966294,-16.14319600793624,2.5008888680296235,-26.144691046450895,6.141700969421775,0.6116438390692756,33.13913646089796,dbscl-sentinel-1-2020\dbscl-sentinel-1_2020-02\S1_2020-02-06_22-53-47\S1A_IW_GRDH_1SDV_20200206T225347_20200206T225412_031138_039442_5CFF_metadata.json
2020-02-07 11:18:59,102.56743930663286,105.1106327173094,6.958581708623387,8.921380516216974,-16.57310357856245,2.490587769740854,-26.73503053102518,6.411176626099642,0.6094839181193297,45.97606737354521,dbscl-sentinel-1-2020\dbscl-sentinel-1_2020-02\S1_2020-02-07_11-18-59\S1A_IW_GRDH_1SDV_20200207T111859_20200207T111924_031146_03948B_885F_metadata.json
2020-02-07 11:19:24,102.25681255657962,104.80771416796158,8.470460078826761,10.42996841535571,-15.35247153611947,2.628091303686966,-24.169635293012988,6.535307779225999,0.5589711246681902,45.00264267657293,dbscl-sentinel-1-2020\dbscl-sentinel-1_2020-02\S1_2020-02-07_11-19-24\S1A_IW_GRDH_1SDV_20200207T111924_20200207T111949_031146_03948B_96FF_metadata.json
2020-02-07 11:19:49,101.94626939467592,104.5070470407338,9.982774795328607,11.93880629433264,-14.751887068481508,2.550383448623436,-23.255673522401345,6.248100614561676,0.570942952816047,43.81418403286551,dbscl-sentinel-1-2020\dbscl-sentinel-1_2020-02\S1_2020-02-07_11-19-49\S1A_IW_GRDH_1SDV_20200207T111949_20200207T112014_031146_03948B_F3B9_metadata.json
2020-02-08 22:37:14,106.58492131742244,109.17800787212776,9.743313233502624,11.75699084442904,-18.345806241133225,2.47082193864907,-29.96246136134119,6.729151120925415,0.6255531742424341,45.6336375163329,dbscl-sentinel-1-2020\dbscl-sentinel-1_2020-02\S1_2020-02-08_22-37-14\S1A_IW_GRDH_1SDV_20200208T223714_20200208T223742_031167_039559_BD7E_metadata.json
2020-02-09 11:03:13,106.1180855882472,108.7003049035556,9.463641507320892,11.661958826124287,-16.07340365084827,2.5915156713724024,-25.22794274009569,6.918864561600871,0.5605326098338264,31.808884236572908,dbscl-sentinel-1-2020\dbscl-sentinel-1_2020-02\S1_2020-02-09_11-03-13\S1A_IW_GRDH_1SDV_20200209T110313_20200209T110342_031175_03959E_BE9C_metadata.json
2020-02-13 22:45:15,104.7061453307316,107.26291731063056,10.517960429635098,12.471404836021271,-15.258976891007697,2.47259733129464,-24.88969542424673,5.628258357768455,0.6281115417477162,38.1013696954117,dbscl-sentinel-1-2020\dbscl-sentinel-1_2020-02\S1_2020-02-13_22-45-15\S1A_IW_GRDH_1SDV_20200213T224515_20200213T224540_031240_0397BF_4A5D_metadata.json
2020-02-13 22:45:40,104.40640490346316,106.95864576229602,9.005313799033564,10.96315212207903,-16.39609735967175,2.5258627480882234,-26.102310763862253,6.689883955481228,0.5822289724568852,38.75269659145202,dbscl-sentinel-1-2020\dbscl-sentinel-1_2020-02\S1_2020-02-13_22-45-40\S1A_IW_GRDH_1SDV_20200213T224540_20200213T224605_031240_0397BF_57E9_metadata.json
2020-02-13 22:46:05,104.17523280287112,106.64794813453015,7.967831346352836,9.454664390563044,-17.856793971907127,2.494006965730687,-28.903143917726,6.810444026088365,0.6122118999625923,41.00725549283778,dbscl-sentinel-1-2020\dbscl-sentinel-1_2020-02\S1_2020-02-13_22-46-05\S1A_IW_GRDH_1SDV_20200213T224605_20200213T224625_031240_0397BF_1AAB_metadata.json
2020-02-14 11:10:58,104.41559914476066,106.9878349824735,7.735384380292201,9.937038788261688,-17.97315495315628,2.5057857884883257,-28.92291957413496,7.023390332177536,0.6041193053709736,38.57443032171778,dbscl-sentinel-1-2020\dbscl-sentinel-1_2020-02\S1_2020-02-14_11-10-58\S1A_IW_GRDH_1SDV_20200214T111058_20200214T111127_031248_03980A_5C0F_metadata.json
2020-02-14 11:11:27,104.10765905674462,106.66229295388352,9.488496667070631,11.445295486472622,-16.181080728849455,2.4968395912774755,-26.23011222592849,6.132049231770536,0.6135914466661706,40.32925148873342,dbscl-sentinel-1-2020\dbscl-sentinel-1_2020-02\S1_2020-02-14_11-11-27\S1A_IW_GRDH_1SDV_20200214T111127_20200214T111152_031248_03980A_B29E_metadata.json
2020-02-18 22:53:47,102.44202334247944,104.9880860017532,9.591602970627331,11.386045920018775,-16.279716785277103,2.4927472407590736,-26.380414164822085,6.179019405732286,0.6124495925115296,33.140319530804355,dbscl-sentinel-1-2020\dbscl-sentinel-1_2020-02\S1_2020-02-18_22-53-47\S1A_IW_GRDH_1SDV_20200218T225347_20200218T225412_031313_039A4E_8158_metadata.json
2020-02-19 11:18:59,102.56753605875448,105.11055117360672,6.958322850496919,8.921610637431185,-16.655172669938317,2.45011455677866,-27.28863502593535,6.021710313941244,0.6368289522165947,45.97529564654808,dbscl-sentinel-1-2020\dbscl-sentinel-1_2020-02\S1_2020-02-19_11-18-59\S1A_IW_GRDH_1SDV_20200219T111859_20200219T111924_031321_039A98_BBC6_metadata.json
2020-02-19 11:19:24,102.25713860273608,104.80780152385164,8.470471982983032,10.429881441203584,-15.148661551394506,2.633915201566434,-23.89124812798692,6.406074974802093,0.5625837797564618,45.00210337695432,dbscl-sentinel-1-2020\dbscl-sentinel-1_2020-02\S1_2020-02-19_11-19-24\S1A_IW_GRDH_1SDV_20200219T111924_20200219T111949_031321_039A98_CEC2_metadata.json
2020-02-19 11:19:49,101.9462733128032,104.50705486153667,9.982784565687687,11.938751278950557,-14.53260478344546,2.55309977848254,-22.894763462046896,6.170446104843962,0.5695904880763635,43.8133952447977,dbscl-sentinel-1-2020\dbscl-sentinel-1_2020-02\S1_2020-02-19_11-19-49\S1A_IW_GRDH_1SDV_20200219T111949_20200219T112014_031321_039A98_7431_metadata.json
2020-02-20 22:37:14,106.58547597921026,109.17842341152227,9.74359172755559,11.756927429971327,-18.41051144188135,2.4600042417485244,-30.17237189502468,6.648650988738161,0.6305601125424022,45.63527422440941,dbscl-sentinel-1-2020\dbscl-sentinel-1_2020-02\S1_2020-02-20_22-37-14\S1A_IW_GRDH_1SDV_20200220T223714_20200220T223742_031342_039B5C_9291_metadata.json
2020-02-21 11:03:13,106.11818975424566,108.7004530727307,9.46367926138084,11.662134386365024,-16.0166030437581,2.59634869204484,-24.894121343678712,7.139084743837605,0.5507631970701121,31.80781105106068,dbscl-sentinel-1-2020\dbscl-sentinel-1_2020-02\S1_2020-02-21_11-03-13\S1A_IW_GRDH_1SDV_20200221T110313_20200221T110342_031350_039BA2_7EC7_metadata.json
2020-02-25 22:45:15,104.70631449988504,107.26268642398448,10.517561483878678,12.47117789795306,-15.713026248148909,2.4981307448685346,-25.31626357997952,6.109788916318235,0.6078329935309447,38.10240074617539,dbscl-sentinel-1-2020\dbscl-sentinel-1_2020-02\S1_2020-02-25_22-45-15\S1A_IW_GRDH_1SDV_20200225T224515_20200225T224540_031415_039DCB_45F1_metadata.json
2020-02-25 22:45:40,104.4066305760865,106.95860216541682,9.00526915789451,10.962887735730996,-16.596439100169032,2.5598021060542924,-26.182585802426107,7.010292397911956,0.5701849158563862,38.75376081145784,dbscl-sentinel-1-2020\dbscl-sentinel-1_2020-02\S1_2020-02-25_22-45-40\S1A_IW_GRDH_1SDV_20200225T224540_20200225T224605_031415_039DCB_C337_metadata.json
2020-02-25 22:46:05,104.17539480429322,106.64794012881828,7.967780608541157,9.454517679185347,-17.985565283600327,2.5246125669380137,-28.808534548439628,7.162596018761155,0.5986239054557337,41.008350424659184,dbscl-sentinel-1-2020\dbscl-sentinel-1_2020-02\S1_2020-02-25_22-46-05\S1A_IW_GRDH_1SDV_20200225T224605_20200225T224624_031415_039DCB_8CFF_metadata.json
2020-02-26 11:10:58,104.4160474987094,106.98808299341744,7.735810074946723,9.936566477040534,-18.261356749540138,2.5178760321413183,-29.225824313371263,7.296889185708948,0.5998642786124101,38.57317268710132,dbscl-sentinel-1-2020\dbscl-sentinel-1_2020-02\S1_2020-02-26_11-10-58\S1A_IW_GRDH_1SDV_20200226T111058_20200226T111127_031423_039E11_BF25_metadata.json
2020-02-26 11:11:27,104.10812391334254,106.66264100066644,9.48847194228154,11.445105527463513,-16.136700980407397,2.536838630092796,-25.65331350162312,6.620088459191599,0.5822026355232297,40.3273183339674,dbscl-sentinel-1-2020\dbscl-sentinel-1_2020-02\S1_2020-02-26_11-11-27\S1A_IW_GRDH_1SDV_20200226T111127_20200226T111152_031423_039E11_D4E4_metadata.json
2020-02-07 22:44:39,104.64391663643428,107.20047724438766,10.2051991588212,12.159689799165104,-16.13146201631254,2.522837056784835,-25.858986784872265,6.403937247752747,0.5965962633236858,38.29705356893284,dbscl-sentinel-1-2020\dbscl-sentinel-1_2020-02\S1_2020-02-07_22-44-39\S1B_IW_GRDH_1SDV_20200207T224439_20200207T224504_020169_0262DD_5739_metadata.json
2020-02-07 22:45:04,104.24176461432324,106.89371614029156,8.302139146612184,10.651403023061324,-16.990305279478974,2.5355661319869336,-27.078864644051038,6.901745914906991,0.5854235487578234,39.14993898477042,dbscl-sentinel-1-2020\dbscl-sentinel-1_2020-02\S1_2020-02-07_22-45-04\S1B_IW_GRDH_1SDV_20200207T224504_20200207T224538_020169_0262DD_6495_metadata.json
2020-02-08 11:11:04,103.83382520130084,106.42363950472824,10.571300608880485,12.766145504889003,-16.4492742430572,2.4503566454360293,-27.186635882569806,5.711912603544668,0.6575487341018253,39.83802067689665,dbscl-sentinel-1-2020\dbscl-sentinel-1_2020-02\S1_2020-02-08_11-11-04\S1B_IW_GRDH_1SDV_20200208T111104_20200208T111133_020177_02631F_9E7F_metadata.json
2020-02-19 22:44:39,104.64457364752684,107.20061700388624,10.205273649690268,12.159377110041325,-16.070973366721915,2.5522253680147644,-25.499638340619576,6.642308392824284,0.5809404966239742,38.30056950393509,dbscl-sentinel-1-2020\dbscl-sentinel-1_2020-02\S1_2020-02-19_22-44-39\S1B_IW_GRDH_1SDV_20200219T224439_20200219T224504_020344_02687B_087E_metadata.json
2020-02-19 22:45:04,104.2420056448909,106.89412695279049,8.30197782296808,10.651375626833172,-17.098086536365187,2.558223085032815,-27.057558076127023,7.138614996603415,0.5437209830403618,39.15359230651394,dbscl-sentinel-1-2020\dbscl-sentinel-1_2020-02\S1_2020-02-19_22-45-04\S1B_IW_GRDH_1SDV_20200219T224504_20200219T224537_020344_02687B_934B_metadata.json
2020-02-20 11:11:03,103.8343437135646,106.42380484160078,10.57127321561022,12.766030524596587,-16.556095479789295,2.525650528189265,-26.45687655612172,6.655314403456925,0.5991930906293335,39.835484841654846,dbscl-sentinel-1-2020\dbscl-sentinel-1_2020-02\S1_2020-02-20_11-11-03\S1B_IW_GRDH_1SDV_20200220T111103_20200220T111132_020352_0268BC_A9BD_metadata.json
2020-03-01 22:53:47,102.44239357137444,104.98835496474386,9.591639032473298,11.386046108523916,-16.11412012781611,2.5439196293544017,-25.627905090399707,6.600335165232531,0.5835133137069956,33.140016225430045,dbscl-sentinel-1-2020\dbscl-sentinel-1_2020-03\S1_2020-03-01_22-53-47\S1A_IW_GRDH_1SDV_20200301T225347_20200301T225411_031488_03A050_2CC0_metadata.json
2020-03-02 11:18:59,102.56758999481411,105.11058168557828,6.958252857989152,8.921600439071467,-16.622878552870993,2.4732274596570507,-26.991634247979608,6.25412285776233,0.6205252697400683,45.97533374324584,dbscl-sentinel-1-2020\dbscl-sentinel-1_2020-03\S1_2020-03-02_11-18-59\S1A_IW_GRDH_1SDV_20200302T111859_20200302T111924_031496_03A09B_A250_metadata.json
2020-03-02 11:19:24,102.25687332997371,104.80771051700292,8.470456820342665,10.429884762247712,-15.266802261796352,2.520519463354616,-24.131770858335845,6.401833665256812,0.5668821242726626,45.002641671765566,dbscl-sentinel-1-2020\dbscl-sentinel-1_2020-03\S1_2020-03-02_11-19-24\S1A_IW_GRDH_1SDV_20200302T111924_20200302T111949_031496_03A09B_0AC2_metadata.json
2020-03-02 11:19:49,101.94628071371068,104.50706970328866,9.9827606255589,11.938752025461818,-14.635569000877547,2.5416298980914727,-23.15140310719258,6.119734894562529,0.5762271193488976,43.81350372732267,dbscl-sentinel-1-2020\dbscl-sentinel-1_2020-03\S1_2020-03-02_11-19-49\S1A_IW_GRDH_1SDV_20200302T111949_20200302T112014_031496_03A09B_8BF3_metadata.json
2020-03-03 22:37:14,106.58594044661156,109.17876328311124,9.74400615048007,11.757005418044873,-18.41911911105035,2.472242181885026,-29.934552865454886,6.903685356645748,0.6193968357317623,45.635784014642645,dbscl-sentinel-1-2020\dbscl-sentinel-1_2020-03\S1_2020-03-03_22-37-14\S1A_IW_GRDH_1SDV_20200303T223714_20200303T223742_031517_03A168_CC58_metadata.json
2020-03-04 11:03:13,106.11818051298772,108.70031759082212,9.46418182302771,11.662272366201009,-16.108259058906846,2.602554489311084,-25.00205616130419,7.214461956509572,0.546890808061636,31.80799126587253,dbscl-sentinel-1-2020\dbscl-sentinel-1_2020-03\S1_2020-03-04_11-03-13\S1A_IW_GRDH_1SDV_20200304T110313_20200304T110342_031525_03A1B2_2D28_metadata.json
2020-03-08 22:45:15,104.70513325634865,107.26181212313011,10.517526118183184,12.471147995916374,-16.195046242089173,2.5392707058799298,-25.825476430320563,6.564616053857798,0.5923010039594683,38.09537560483807,dbscl-sentinel-1-2020\dbscl-sentinel-1_2020-03\S1_2020-03-08_22-45-15\S1A_IW_GRDH_1SDV_20200308T224515_20200308T224540_031590_03A3D5_052B_metadata.json
2020-03-08 22:45:40,104.40550763395696,106.95711942600846,9.00527503040921,10.962797790042188,-16.90430234243919,2.549615441336748,-26.86115497752142,6.947449707356999,0.5799676194493742,38.74723106850328,dbscl-sentinel-1-2020\dbscl-sentinel-1_2020-03\S1_2020-03-08_22-45-40\S1A_IW_GRDH_1SDV_20200308T224540_20200308T224605_031590_03A3D5_2675_metadata.json
2020-03-08 22:46:05,104.17415519219404,106.64684604761788,7.96668129993552,9.454399344687786,-18.32648619969158,2.483290650819721,-29.752929089869937,6.9000433095131966,0.6173755939744197,41.00237987531848,dbscl-sentinel-1-2020\dbscl-sentinel-1_2020-03\S1_2020-03-08_22-46-05\S1A_IW_GRDH_1SDV_20200308T224605_20200308T224625_031590_03A3D5_5A03_metadata.json
2020-03-09 11:10:58,104.41500681870544,106.987134373246,7.734728313307628,9.936442414664478,-18.165723321851253,2.5087741277869875,-29.22956379283586,7.101882850866676,0.6035606851422303,38.57717827286432,dbscl-sentinel-1-2020\dbscl-sentinel-1_2020-03\S1_2020-03-09_11-10-58\S1A_IW_GRDH_1SDV_20200309T111058_20200309T111127_031598_03A424_FD7E_metadata.json
2020-03-09 11:11:27,104.10738032077832,106.66156600657796,9.488386413102422,11.444982906148248,-16.327787257860894,2.5509611362071705,-25.800917763959745,6.854656751762072,0.5742446854939562,40.33231519171952,dbscl-sentinel-1-2020\dbscl-sentinel-1_2020-03\S1_2020-03-09_11-11-27\S1A_IW_GRDH_1SDV_20200309T111127_20200309T111152_031598_03A424_FD3B_metadata.json
2020-03-13 22:53:47,102.44193518042609,104.98719718790808,9.591517686265256,11.386036564910825,-16.14074599827688,2.536383761951729,-25.89620824277249,6.3852837537811125,0.5995886577374657,33.14151302671358,dbscl-sentinel-1-2020\dbscl-sentinel-1_2020-03\S1_2020-03-13_22-53-47\S1A_IW_GRDH_1SDV_20200313T225347_20200313T225412_031663_03A665_6CD1_metadata.json
2020-03-14 11:18:59,102.56680100734349,105.10979774382832,6.958233211427304,8.92151773627778,-16.558597555918833,2.466123643180621,-27.00110405648184,6.116091055355738,0.6263959998827521,45.97649789726485,dbscl-sentinel-1-2020\dbscl-sentinel-1_2020-03\S1_2020-03-14_11-18-59\S1A_IW_GRDH_1SDV_20200314T111859_20200314T111924_031671_03A6B0_04CA_metadata.json
2020-03-14 11:19:24,102.25610580636396,104.80701220593946,8.470416397842522,10.429743190653456,-15.189537924532,2.387845094371685,-24.03772382451149,6.341352024552566,0.5548374153787524,44.998943100034566,dbscl-sentinel-1-2020\dbscl-sentinel-1_2020-03\S1_2020-03-14_11-19-24\S1A_IW_GRDH_1SDV_20200314T111924_20200314T111949_031671_03A6B0_1A92_metadata.json
2020-03-14 11:19:49,101.9455099772478,104.5063108206258,9.982615860860532,11.938629246013384,-14.52033471008002,2.543993818303176,-22.97490201315236,6.065767407007715,0.5767131801056176,43.81060367956153,dbscl-sentinel-1-2020\dbscl-sentinel-1_2020-03\S1_2020-03-14_11-19-49\S1A_IW_GRDH_1SDV_20200314T111949_20200314T112014_031671_03A6B0_70F2_metadata.json
2020-03-15 22:37:14,106.58529729666532,109.17813525577914,9.743461345599464,11.757022989577028,-18.404826452783123,2.475164144682561,-29.994588490145475,6.8150644154205215,0.6201913606488547,45.63569485557733,dbscl-sentinel-1-2020\dbscl-sentinel-1_2020-03\S1_2020-03-15_22-37-14\S1A_IW_GRDH_1SDV_20200315T223714_20200315T223742_031692_03A777_DB16_metadata.json
2020-03-16 11:03:13,106.11771701511633,108.6998853177682,9.46359510532128,11.662188819589623,-16.233715116794894,2.6106993663650915,-24.99829493059165,7.469135302998104,0.5357453004135913,31.808720683186323,dbscl-sentinel-1-2020\dbscl-sentinel-1_2020-03\S1_2020-03-16_11-03-13\S1A_IW_GRDH_1SDV_20200316T110313_20200316T110342_031700_03A7C0_4FB2_metadata.json
2020-03-20 22:45:16,104.70535679669328,107.26200332544828,10.517591364882527,12.471202204267026,-16.76354367655806,2.5426020535173945,-26.47457495939354,7.052512393722632,0.570622374083687,38.097574575449634,dbscl-sentinel-1-2020\dbscl-sentinel-1_2020-03\S1_2020-03-20_22-45-16\S1A_IW_GRDH_1SDV_20200320T224516_20200320T224541_031765_03A9F6_39D9_metadata.json
2020-03-20 22:45:41,104.40569005374212,106.95755836488958,9.005299547823137,10.96290963378849,-16.769535012773016,2.5695306653760057,-26.403863907719824,7.135206117826111,0.5655342787949367,38.7493762058788,dbscl-sentinel-1-2020\dbscl-sentinel-1_2020-03\S1_2020-03-20_22-45-41\S1A_IW_GRDH_1SDV_20200320T224541_20200320T224606_031765_03A9F6_A305_metadata.json
2020-03-20 22:46:06,104.1743322663084,106.64691279154074,7.967294724080439,9.454467829542985,-18.19162251725404,2.4931938447953725,-29.4094929649456,6.973752069562618,0.6071654470734916,41.00421556715644,dbscl-sentinel-1-2020\dbscl-sentinel-1_2020-03\S1_2020-03-20_22-46-06\S1A_IW_GRDH_1SDV_20200320T224606_20200320T224625_031765_03A9F6_817B_metadata.json
2020-03-21 11:10:58,104.41504323394376,106.98707392474049,7.735354746115338,9.936741292358343,-18.31691257461903,2.5133571237644845,-29.315107359010007,7.318717790228039,0.5966558227300923,38.57773446608442,dbscl-sentinel-1-2020\dbscl-sentinel-1_2020-03\S1_2020-03-21_11-10-58\S1A_IW_GRDH_1SDV_20200321T111058_20200321T111127_031773_03AA42_1AF0_metadata.json
2020-03-21 11:11:27,104.1073570115635,106.66164768795122,9.488379781346175,11.444990524916504,-16.640730285417654,2.589935180979365,-26.02053477291323,7.260925797922163,0.5584525860879942,40.331477434849454,dbscl-sentinel-1-2020\dbscl-sentinel-1_2020-03\S1_2020-03-21_11-11-27\S1A_IW_GRDH_1SDV_20200321T111127_20200321T111152_031773_03AA42_B7F7_metadata.json
2020-03-25 22:53:47,102.44178946829368,104.9872044980922,9.59149144930416,11.385960703685228,-16.130782200141937,2.5112913563603385,-25.903630911310238,6.357933488973952,0.5991564476887881,33.14306365601991,dbscl-sentinel-1-2020\dbscl-sentinel-1_2020-03\S1_2020-03-25_22-53-47\S1A_IW_GRDH_1SDV_20200325T225347_20200325T225412_031838_03AC90_2685_metadata.json
2020-03-26 11:18:59,102.56699871338432,105.11007591915664,6.958006625927895,8.92135803843076,-16.840747296281606,2.4629833711524296,-27.48782027058184,6.193674321981429,0.6288372606936561,45.97555754569913,dbscl-sentinel-1-2020\dbscl-sentinel-1_2020-03\S1_2020-03-26_11-18-59\S1A_IW_GRDH_1SDV_20200326T111859_20200326T111924_031846_03ACD9_C741_metadata.json
2020-03-26 11:19:24,102.25635151812254,104.80722868025472,8.470259678680668,10.429582893225286,-15.378424491838246,2.5869494081360918,-24.294962096435,6.4618868872414845,0.5577835463049668,44.99941680783392,dbscl-sentinel-1-2020\dbscl-sentinel-1_2020-03\S1_2020-03-26_11-19-24\S1A_IW_GRDH_1SDV_20200326T111924_20200326T111949_031846_03ACD9_FBBB_metadata.json
2020-03-26 11:19:49,101.94579495405712,104.50664391445024,9.982478354078475,11.938459756560386,-14.7353172033147,2.5420405405101905,-23.330128218905607,6.140506187723653,0.5780411644020463,43.81177757672983,dbscl-sentinel-1-2020\dbscl-sentinel-1_2020-03\S1_2020-03-26_11-19-49\S1A_IW_GRDH_1SDV_20200326T111949_20200326T112014_031846_03ACD9_DA95_metadata.json
2020-03-27 22:37:14,106.5851533255835,109.17788266600982,9.743171755294272,11.757004096878951,-18.83483379253736,2.4576059353096693,-30.973547852814768,6.696119732259966,0.6349270636917086,45.63620895238949,dbscl-sentinel-1-2020\dbscl-sentinel-1_2020-03\S1_2020-03-27_22-37-14\S1A_IW_GRDH_1SDV_20200327T223714_20200327T223742_031867_03ADA0_0F53_metadata.json
2020-03-28 11:03:13,106.11772661523533,108.70007109543482,9.463395952934489,11.662183227273555,-16.456017445168847,2.5977071779463787,-25.60916091720869,7.302873973128824,0.5468000960906455,31.807621842098087,dbscl-sentinel-1-2020\dbscl-sentinel-1_2020-03\S1_2020-03-28_11-03-13\S1A_IW_GRDH_1SDV_20200328T110313_20200328T110342_031875_03ADE8_FC2F_metadata.json
2020-03-02 22:44:39,104.64532059411958,107.20143590597752,10.205300596471613,12.1597220743769,-16.140484105503212,2.48333176488347,-25.450582791382917,6.830385419623496,0.5717810774830068,38.30540848229807,dbscl-sentinel-1-2020\dbscl-sentinel-1_2020-03\S1_2020-03-02_22-44-39\S1B_IW_GRDH_1SDV_20200302T224439_20200302T224504_020519_026E1A_BFE0_metadata.json
2020-03-02 22:45:04,104.242688374818,106.8949492103556,8.301789015940148,10.65142232595758,-17.162689999715592,2.557484397718594,-27.07949267614749,7.245887323283653,0.5705619361211688,39.15861335460109,dbscl-sentinel-1-2020\dbscl-sentinel-1_2020-03\S1_2020-03-02_22-45-04\S1B_IW_GRDH_1SDV_20200302T224504_20200302T224537_020519_026E1A_26EA_metadata.json
2020-03-03 11:11:03,103.8348206546064,106.42428189312956,10.571292861732864,12.76601612196604,-17.225940727626377,2.6589918054165524,-27.11937811865253,7.332503336600266,0.5720820151625834,39.8326732255019,dbscl-sentinel-1-2020\dbscl-sentinel-1_2020-03\S1_2020-03-03_11-11-03\S1B_IW_GRDH_1SDV_20200303T111103_20200303T111132_020527_026E57_6C4A_metadata.json
2020-03-14 22:44:39,104.64454464860223,107.20065613656008,10.205341222396362,12.159743330229482,-16.397745193521175,2.578986428868555,-25.718915043083214,7.076575343958996,0.5635496386088829,38.30178005282411,dbscl-sentinel-1-2020\dbscl-sentinel-1_2020-03\S1_2020-03-14_22-44-39\S1B_IW_GRDH_1SDV_20200314T224439_20200314T224504_020694_0273A6_4D80_metadata.json
2020-03-14 22:45:04,104.2419658131645,106.89407310227192,8.30188383997944,10.651426638002038,-17.25188141959427,2.524592730217169,-27.165103813546185,7.338659025642429,0.5661535488208915,39.15485044877326,dbscl-sentinel-1-2020\dbscl-sentinel-1_2020-03\S1_2020-03-14_22-45-04\S1B_IW_GRDH_1SDV_20200314T224504_20200314T224537_020694_0273A6_316E_metadata.json
2020-03-15 11:11:03,103.83376231125834,106.42358226585245,10.571183181470593,12.76600907454417,-17.998487698776415,2.5889915024843324,-28.08030051951089,7.916674878041989,0.5576978241407353,39.83777596886681,dbscl-sentinel-1-2020\dbscl-sentinel-1_2020-03\S1_2020-03-15_11-11-03\S1B_IW_GRDH_1SDV_20200315T111103_20200315T111132_020702_0273E7_E9EB_metadata.json
2020-03-26 22:44:39,104.64428517074003,107.20039582324546,10.205217995766503,12.159382193075876,-16.827838593302474,2.5753930406511443,-26.50163868119639,7.154038505408645,0.5685950255273408,38.30154499010546,dbscl-sentinel-1-2020\dbscl-sentinel-1_2020-03\S1_2020-03-26_22-44-39\S1B_IW_GRDH_1SDV_20200326T224439_20200326T224504_020869_027929_BA5B_metadata.json
2020-03-26 22:45:04,104.2422651280114,106.89382789346531,8.30218010822942,10.651282297597618,-17.56970563236159,2.5682689982206397,-27.813573943100785,7.325837321622304,0.5724667585039468,39.15458173360511,dbscl-sentinel-1-2020\dbscl-sentinel-1_2020-03\S1_2020-03-26_22-45-04\S1B_IW_GRDH_1SDV_20200326T224504_20200326T224537_020869_027929_DF4E_metadata.json
2020-03-27 11:11:03,103.83389251402284,106.42371696144237,10.57061200403005,12.765912802966817,-18.515727673139388,2.603624740483597,-28.668861819383,8.362593526895752,0.5458083934027226,39.83973736534027,dbscl-sentinel-1-2020\dbscl-sentinel-1_2020-03\S1_2020-03-27_11-11-03\S1B_IW_GRDH_1SDV_20200327T111103_20200327T111132_020877_027968_8B4B_metadata.json
2020-04-01 22:45:16,104.7058782734405,107.26228029850034,10.517922983388408,12.471241186379716,-17.484643253885334,2.5754393795427006,-27.262241678612984,7.707044829157701,0.5572699417733853,38.10219955784698,dbscl-sentinel-1-2020\dbscl-sentinel-1_2020-04\S1_2020-04-01_22-45-16\S1A_IW_GRDH_1SDV_20200401T224516_20200401T224541_031940_03B021_6ED8_metadata.json
2020-04-01 22:45:41,104.40618908935366,106.95809287520602,9.005272580740515,10.962957333895742,-17.17635937018548,2.5597068798626363,-27.007058494410987,7.345660245959903,0.5637478155103082,38.75378199492787,dbscl-sentinel-1-2020\dbscl-sentinel-1_2020-04\S1_2020-04-01_22-45-41\S1A_IW_GRDH_1SDV_20200401T224541_20200401T224606_031940_03B021_D394_metadata.json
2020-04-01 22:46:06,104.17474830710778,106.6474573579515,7.967368667891528,9.454518737666348,-18.333017003546274,2.49053724736921,-29.6799707815265,6.986063225566124,0.6137660494664036,41.008432405614215,dbscl-sentinel-1-2020\dbscl-sentinel-1_2020-04\S1_2020-04-01_22-46-06\S1A_IW_GRDH_1SDV_20200401T224606_20200401T224625_031940_03B021_8946_metadata.json
2020-04-02 11:10:59,104.41528686100162,106.98738022135257,7.735604606875898,9.93674912002798,-18.608110787226053,2.514672586486216,-29.6670428189566,7.549178755495583,0.5919696843840074,38.5759161600128,dbscl-sentinel-1-2020\dbscl-sentinel-1_2020-04\S1_2020-04-02_11-10-59\S1A_IW_GRDH_1SDV_20200402T111059_20200402T111128_031948_03B06C_8D50_metadata.json
2020-04-02 11:11:28,104.10745166649778,106.66193492236242,9.488354902198408,11.445056457210626,-17.026520650829465,2.6094173175777,-26.565763452677707,7.487277848981242,0.5477226992675613,40.32943814221835,dbscl-sentinel-1-2020\dbscl-sentinel-1_2020-04\S1_2020-04-02_11-11-28\S1A_IW_GRDH_1SDV_20200402T111128_20200402T111153_031948_03B06C_EA75_metadata.json
2020-04-06 22:53:48,102.44152410826467,104.98697244448276,9.591359081452,11.385822355057346,-16.219378779835203,2.5318410651303607,-25.918715330952296,6.520042228717877,0.5904832399159637,33.14487893490994,dbscl-sentinel-1-2020\dbscl-sentinel-1_2020-04\S1_2020-04-06_22-53-48\S1A_IW_GRDH_1SDV_20200406T225348_20200406T225412_032013_03B2BA_181E_metadata.json
2020-04-07 11:19:00,102.56720114791074,105.11027469257937,6.9580181236657,8.921286833818103,-16.76645537410126,2.4686482892139487,-27.315676619283945,6.2172341289184665,0.624061136153383,45.97583380873957,dbscl-sentinel-1-2020\dbscl-sentinel-1_2020-04\S1_2020-04-07_11-19-00\S1A_IW_GRDH_1SDV_20200407T111900_20200407T111925_032021_03B303_3F14_metadata.json
2020-04-07 11:19:25,102.25657557558792,104.80743651725072,8.470171224626467,10.42957081180337,-15.150302420286245,2.610243044406375,-23.786631095938752,6.51397374463373,0.568605433850385,45.00069924667875,dbscl-sentinel-1-2020\dbscl-sentinel-1_2020-04\S1_2020-04-07_11-19-25\S1A_IW_GRDH_1SDV_20200407T111925_20200407T111950_032021_03B303_AAB4_metadata.json
2020-04-07 11:19:50,101.9460568582531,104.50688511465762,9.98248985817818,11.938350052727031,-14.575131372057236,2.53998420198901,-22.981432336772368,6.168830407341932,0.571404624953435,43.81343118667094,dbscl-sentinel-1-2020\dbscl-sentinel-1_2020-04\S1_2020-04-07_11-19-50\S1A_IW_GRDH_1SDV_20200407T111950_20200407T112015_032021_03B303_DA97_metadata.json
2020-04-08 22:37:14,106.5855423444812,109.17858536311503,9.74244080742974,11.756846727904556,-18.82213998972384,2.4639671683829567,-30.8038311749536,6.840448804493933,0.6290049366872522,45.634423718306415,dbscl-sentinel-1-2020\dbscl-sentinel-1_2020-04\S1_2020-04-08_22-37-14\S1A_IW_GRDH_1SDV_20200408T223714_20200408T223742_032042_03B3CE_D837_metadata.json
2020-04-09 11:03:14,106.11875239514856,108.70078248881266,9.463183131204987,11.662231197720365,-16.398852154467498,2.619948249719424,-25.31103082501023,7.486673483924815,0.5384259104815785,31.81047237548883,dbscl-sentinel-1-2020\dbscl-sentinel-1_2020-04\S1_2020-04-09_11-03-14\S1A_IW_GRDH_1SDV_20200409T110314_20200409T110343_032050_03B419_F315_metadata.json
2020-04-13 22:45:16,104.70652478247428,107.26302075874018,10.517623556399244,12.471280037188786,-16.5423843921287,2.6201094880004288,-25.358268458027265,7.726500326230091,0.5307234846784613,38.102488657703695,dbscl-sentinel-1-2020\dbscl-sentinel-1_2020-04\S1_2020-04-13_22-45-16\S1A_IW_GRDH_1SDV_20200413T224516_20200413T224541_032115_03B64A_DB1C_metadata.json
2020-04-13 22:45:41,104.40681601689552,106.95890383076689,9.005279091202192,10.96302476716954,-16.430380197959938,2.5906541397859866,-25.71763567296764,7.143124722952312,0.5527694916385758,38.75356132543537,dbscl-sentinel-1-2020\dbscl-sentinel-1_2020-04\S1_2020-04-13_22-45-41\S1A_IW_GRDH_1SDV_20200413T224541_20200413T224606_032115_03B64A_95B0_metadata.json
2020-04-13 22:46:06,104.17553109134676,106.64826323598524,7.967640384021862,9.454554996839418,-18.067927462606367,2.493287020387192,-29.28859500459222,6.847259920620396,0.6132590921687802,41.00804445094382,dbscl-sentinel-1-2020\dbscl-sentinel-1_2020-04\S1_2020-04-13_22-46-06\S1A_IW_GRDH_1SDV_20200413T224606_20200413T224625_032115_03B64A_10E5_metadata.json
2020-04-14 11:10:59,104.41590974163584,106.98779939792448,7.735836817090771,9.93697226946144,-18.499581838754207,2.5541632012639663,-29.3262189960209,7.672944681487783,0.5822253408833088,38.576941861473166,dbscl-sentinel-1-2020\dbscl-sentinel-1_2020-04\S1_2020-04-14_11-10-59\S1A_IW_GRDH_1SDV_20200414T111059_20200414T111128_032123_03B699_8CF5_metadata.json
2020-04-14 11:11:28,104.10796863600144,106.6623789535022,9.488587457824249,11.445208931969978,-17.06280326748795,2.583606892498496,-26.553194652353604,7.572411882622256,0.5495537546459784,40.33099145224577,dbscl-sentinel-1-2020\dbscl-sentinel-1_2020-04\S1_2020-04-14_11-11-28\S1A_IW_GRDH_1SDV_20200414T111128_20200414T111153_032123_03B699_B22C_metadata.json
2020-04-18 22:53:48,102.44196168151228,104.98749075446558,9.59183798253774,11.386026955870165,-15.535441798091822,2.571338163680199,-24.579175325054045,6.49170827112986,0.5725864823904303,33.13954840772256,dbscl-sentinel-1-2020\dbscl-sentinel-1_2020-04\S1_2020-04-18_22-53-48\S1A_IW_GRDH_1SDV_20200418T225348_20200418T225412_032188_03B8E2_A2B0_metadata.json
2020-04-19 11:19:00,102.56738598355264,105.11002818859052,6.958200006916618,8.921601931665945,-16.74521589943004,2.462547094047288,-27.34402141547907,6.146410383381018,0.6283651070302622,45.978111894634594,dbscl-sentinel-1-2020\dbscl-sentinel-1_2020-04\S1_2020-04-19_11-19-00\S1A_IW_GRDH_1SDV_20200419T111900_20200419T111925_032196_03B92D_C439_metadata.json
2020-04-19 11:19:25,102.2567468060916,104.80752280441372,8.470500439975451,10.429793303421356,-15.06030071468432,2.579400254906285,-23.704377854382248,6.416223574986406,0.5562951797798334,45.00419771009224,dbscl-sentinel-1-2020\dbscl-sentinel-1_2020-04\S1_2020-04-19_11-19-25\S1A_IW_GRDH_1SDV_20200419T111925_20200419T111950_032196_03B92D_38C8_metadata.json
2020-04-19 11:19:50,101.94619521149306,104.5068706284146,9.982719063166156,11.9386913151161,-14.494688314570592,2.5506665174798915,-22.84811065109153,6.141265978049621,0.5705629000979221,43.81617920545762,dbscl-sentinel-1-2020\dbscl-sentinel-1_2020-04\S1_2020-04-19_11-19-50\S1A_IW_GRDH_1SDV_20200419T111950_20200419T112015_032196_03B92D_2B71_metadata.json
2020-04-20 22:37:15,106.58515647298276,109.1780656665577,9.74328616791498,11.756902011610045,-18.876980803575425,2.4905385919818945,-30.53587315400756,7.218088453142966,0.6117783038329209,45.63406959789706,dbscl-sentinel-1-2020\dbscl-sentinel-1_2020-04\S1_2020-04-20_22-37-15\S1A_IW_GRDH_1SDV_20200420T223715_20200420T223743_032217_03B9F3_B777_metadata.json
2020-04-21 11:03:14,106.11831024952224,108.70036507745206,9.46333401554677,11.662184199512849,-16.668316688309925,2.036236580113564,-25.7061476206943,7.630485755925409,0.5347847848430118,31.81069060512073,dbscl-sentinel-1-2020\dbscl-sentinel-1_2020-04\S1_2020-04-21_11-03-14\S1A_IW_GRDH_1SDV_20200421T110314_20200421T110343_032225_03BA3D_470C_metadata.json
2020-04-25 22:45:17,104.7061843971319,107.26296213513312,10.517566447144755,12.471241828481071,-16.33699162732079,2.6092501322364177,-25.1848193619951,7.489163892646548,0.540041558921686,38.09861767866937,dbscl-sentinel-1-2020\dbscl-sentinel-1_2020-04\S1_2020-04-25_22-45-17\S1A_IW_GRDH_1SDV_20200425T224517_20200425T224542_032290_03BC6B_2FC7_metadata.json
2020-04-25 22:45:42,104.4065460265232,106.95867188439698,9.005304001969284,10.96296343094772,-17.305836004751008,2.5848527361720106,-27.13116927699785,7.480502732504137,0.560010273522089,38.749933460995486,dbscl-sentinel-1-2020\dbscl-sentinel-1_2020-04\S1_2020-04-25_22-45-42\S1A_IW_GRDH_1SDV_20200425T224542_20200425T224607_032290_03BC6B_DF00_metadata.json
2020-04-25 22:46:07,104.17501999340146,106.64805733606752,7.967819578578855,9.45452183589878,-18.23920158632776,2.504274773210084,-29.302878005172147,7.175525167483553,0.6037085331552229,41.00446554640674,dbscl-sentinel-1-2020\dbscl-sentinel-1_2020-04\S1_2020-04-25_22-46-07\S1A_IW_GRDH_1SDV_20200425T224607_20200425T224626_032290_03BC6B_7940_metadata.json
2020-04-26 11:11:00,104.41593514363971,106.9877217425476,7.735502124585722,9.936947924401396,-18.71782457394027,2.5552948338062045,-29.47650931875025,7.959139829130182,0.5719741136086498,38.57827288934759,dbscl-sentinel-1-2020\dbscl-sentinel-1_2020-04\S1_2020-04-26_11-11-00\S1A_IW_GRDH_1SDV_20200426T111100_20200426T111129_032298_03BCB9_C4B3_metadata.json
2020-04-26 11:11:29,104.1079443517752,106.6622607490141,9.488617510275471,11.445247768182206,-16.713455361276054,2.061875670098891,-26.05287812874777,7.374032593804384,0.552963762662831,40.33286943925364,dbscl-sentinel-1-2020\dbscl-sentinel-1_2020-04\S1_2020-04-26_11-11-29\S1A_IW_GRDH_1SDV_20200426T111129_20200426T111154_032298_03BCB9_3CBA_metadata.json
2020-04-30 22:53:49,102.44256456103112,104.98841638857246,9.59191212812534,11.38609870117769,-16.125522849736367,2.7403484610712385,-25.668046603085106,6.582999096387672,0.582683367526343,33.13780574574944,dbscl-sentinel-1-2020\dbscl-sentinel-1_2020-04\S1_2020-04-30_22-53-49\S1A_IW_GRDH_1SDV_20200430T225349_20200430T225413_032363_03BF08_7297_metadata.json
2020-04-07 22:44:39,104.64391334515918,107.20020746369649,10.20525380556401,12.159332066167426,-17.20604601548434,2.5684081676078745,-27.04099448658552,7.371097544383218,0.5672433491412348,38.32287295808007,dbscl-sentinel-1-2020\dbscl-sentinel-1_2020-04\S1_2020-04-07_22-44-39\S1B_IW_GRDH_1SDV_20200407T224439_20200407T224504_021044_027EB7_2657_metadata.json
2020-04-07 22:45:04,104.2417246052398,106.8933247794855,8.302140838785036,10.65123851977174,-17.757552869016127,2.5616932782711017,-28.15912188852759,7.355983849504513,0.5787062914065337,39.152862109466895,dbscl-sentinel-1-2020\dbscl-sentinel-1_2020-04\S1_2020-04-07_22-45-04\S1B_IW_GRDH_1SDV_20200407T224504_20200407T224538_021044_027EB7_3B87_metadata.json
2020-04-08 11:11:04,103.8343270843449,106.42378812819356,10.570581751383855,12.765850886876544,-19.26523346706177,2.6174248171305328,-29.699852169953207,8.830614764170212,0.5361659896642957,39.8389480449151,dbscl-sentinel-1-2020\dbscl-sentinel-1_2020-04\S1_2020-04-08_11-11-04\S1B_IW_GRDH_1SDV_20200408T111104_20200408T111133_021052_027EF6_30F9_metadata.json
2020-04-19 22:44:40,104.64416303750072,107.2003489362212,10.205257867258686,12.159348898765458,-16.80006906129794,2.5954990214054448,-25.919739005404036,7.680399117191796,0.5413754281071916,38.29831739692896,dbscl-sentinel-1-2020\dbscl-sentinel-1_2020-04\S1_2020-04-19_22-44-40\S1B_IW_GRDH_1SDV_20200419T224440_20200419T224505_021219_02843B_3113_metadata.json
2020-04-19 22:45:05,104.2420056448909,106.89387832199024,8.301995416665669,10.65135404893496,-17.584948470728435,2.590159043414075,-27.63577995700214,7.534116984454779,0.5614501351361563,39.15131204740283,dbscl-sentinel-1-2020\dbscl-sentinel-1_2020-04\S1_2020-04-19_22-45-05\S1B_IW_GRDH_1SDV_20200419T224505_20200419T224538_021219_02843B_C45D_metadata.json
2020-04-20 11:11:04,103.834173175706,106.4238776258092,10.570945587784736,12.76608185880713,-19.119589224142807,2.684500453098327,-28.683866992326536,9.555311455959124,0.4981246347414295,39.84113850381191,dbscl-sentinel-1-2020\dbscl-sentinel-1_2020-04\S1_2020-04-20_11-11-04\S1B_IW_GRDH_1SDV_20200420T111104_20200420T111133_021227_02847B_FA96_metadata.json
2020-05-01 11:19:01,102.56776143460009,105.11063280652576,6.958374773917896,8.921732708442388,-16.720184344303163,2.460587944209216,-27.31698570683866,6.123382981767757,0.6295997128067329,45.97789504625084,dbscl-sentinel-1-2020\dbscl-sentinel-1_2020-05\S1_2020-05-01_11-19-01\S1A_IW_GRDH_1SDV_20200501T111901_20200501T111926_032371_03BF52_BB1E_metadata.json
2020-05-01 11:19:26,102.25709983340536,104.80782449819168,8.47088514578165,10.42994409061955,-15.131528458271529,-0.3340121946718353,-23.82904718663133,6.434009729911744,0.5604388529532219,45.00647056268845,dbscl-sentinel-1-2020\dbscl-sentinel-1_2020-05\S1_2020-05-01_11-19-26\S1A_IW_GRDH_1SDV_20200501T111926_20200501T111951_032371_03BF52_E6CB_metadata.json
2020-05-01 11:19:51,101.94652598878127,104.50711627262784,9.982937651973064,11.938926582701235,-14.563159799901728,2.5488520958331358,-23.01311853363167,6.113201066171844,0.5747760301813061,43.81708640220801,dbscl-sentinel-1-2020\dbscl-sentinel-1_2020-05\S1_2020-05-01_11-19-51\S1A_IW_GRDH_1SDV_20200501T111951_20200501T112016_032371_03BF52_6EF8_metadata.json
2020-05-02 22:37:15,106.58593882794317,109.17886281309386,9.743354211374946,11.756954673787492,-18.973105955566137,2.4839164667515705,-30.817701941003225,7.128509970128881,0.6165834526655616,45.63491001701147,dbscl-sentinel-1-2020\dbscl-sentinel-1_2020-05\S1_2020-05-02_22-37-15\S1A_IW_GRDH_1SDV_20200502T223715_20200502T223743_032392_03C01B_20CE_metadata.json
2020-05-03 11:03:15,106.1186445502832,108.70079309175598,9.463337999957526,11.662313268579137,-16.62319120086639,2.600500377373875,-25.754818184488943,7.491564217243464,0.5413485029209056,31.810446159168865,dbscl-sentinel-1-2020\dbscl-sentinel-1_2020-05\S1_2020-05-03_11-03-15\S1A_IW_GRDH_1SDV_20200503T110315_20200503T110344_032400_03C066_9416_metadata.json
2020-05-07 22:45:17,104.70690192141338,107.26340686317944,10.517533433210666,12.471165787367044,-17.002805037235095,2.558432701482834,-26.678737373099228,7.326872701370989,0.5664301081396713,38.10407292173457,dbscl-sentinel-1-2020\dbscl-sentinel-1_2020-05\S1_2020-05-07_22-45-17\S1A_IW_GRDH_1SDV_20200507T224517_20200507T224542_032465_03C27A_EE6C_metadata.json
2020-05-07 22:45:42,104.4073209179834,106.9593771822316,9.00524570350535,10.962901062826148,-17.03465686992001,2.571516029794485,-26.761773165676903,7.307540574163114,0.5609775173788218,38.75499349228974,dbscl-sentinel-1-2020\dbscl-sentinel-1_2020-05\S1_2020-05-07_22-45-42\S1A_IW_GRDH_1SDV_20200507T224542_20200507T224607_032465_03C27A_463E_metadata.json
2020-05-07 22:46:07,104.1758863072734,106.64882138855508,7.967255782095817,9.454473552056072,-18.18036029329418,2.493785579605314,-29.505335543894294,6.855385042694012,0.6138308369468628,41.00940698125325,dbscl-sentinel-1-2020\dbscl-sentinel-1_2020-05\S1_2020-05-07_22-46-07\S1A_IW_GRDH_1SDV_20200507T224607_20200507T224626_032465_03C27A_0A42_metadata.json
2020-05-08 11:11:00,104.41675458265884,106.98879846997735,7.73511033450849,9.93691885692868,-18.697964228082636,2.5376276296759666,-29.813535683155752,7.582392773009464,0.5874447831294555,38.56566298523499,dbscl-sentinel-1-2020\dbscl-sentinel-1_2020-05\S1_2020-05-08_11-11-00\S1A_IW_GRDH_1SDV_20200508T111100_20200508T111129_032473_03C2BA_AC2B_metadata.json
2020-05-08 11:11:29,104.10875238062977,106.66314314616314,9.488603888064068,11.445199305574686,-16.774481225847566,2.516678140105526,-26.419925123342328,7.129037328352715,0.5685342807808494,40.29586632904354,dbscl-sentinel-1-2020\dbscl-sentinel-1_2020-05\S1_2020-05-08_11-11-29\S1A_IW_GRDH_1SDV_20200508T111129_20200508T111154_032473_03C2BA_ED5D_metadata.json
2020-05-12 22:53:49,102.44309642360123,104.98887604281455,9.591898696926824,11.38605213538464,-16.348550101998654,2.551535168689861,-25.86658946717909,6.8305107368181615,0.5724441066660231,33.13798238618405,dbscl-sentinel-1-2020\dbscl-sentinel-1_2020-05\S1_2020-05-12_22-53-49\S1A_IW_GRDH_1SDV_20200512T225349_20200512T225414_032538_03C4C1_6F08_metadata.json
2020-05-13 11:19:01,102.56823994383129,105.11086887309705,6.958365729765181,8.921722798109528,-16.601653504634236,2.475457814315656,-26.99259958319752,6.210707426070891,0.6206901996248938,45.97703708515386,dbscl-sentinel-1-2020\dbscl-sentinel-1_2020-05\S1_2020-05-13_11-19-01\S1A_IW_GRDH_1SDV_20200513T111901_20200513T111926_032546_03C4FF_B0B7_metadata.json
2020-05-13 11:19:26,102.25754611811996,104.8082578946107,8.470633510478594,10.43000747632114,-15.045628232460537,2.5995709976088177,-23.55190165936145,6.539354805559627,0.5425295380051279,45.00828483396366,dbscl-sentinel-1-2020\dbscl-sentinel-1_2020-05\S1_2020-05-13_11-19-26\S1A_IW_GRDH_1SDV_20200513T111926_20200513T111951_032546_03C4FF_467A_metadata.json
2020-05-13 11:19:51,101.94696656238256,104.5075638367118,9.982912926389837,11.938902498819502,-14.508631700669332,2.566049344651911,-22.768780364331533,6.248483037007106,0.5635673458886473,43.81841355029983,dbscl-sentinel-1-2020\dbscl-sentinel-1_2020-05\S1_2020-05-13_11-19-51\S1A_IW_GRDH_1SDV_20200513T111951_20200513T112016_032546_03C4FF_4676_metadata.json
2020-05-14 22:37:16,106.58663800389668,109.1792762665024,9.744247635303678,11.756949960346605,-18.94825502976624,2.485887215189101,-30.795311915093453,7.101198144439128,0.6159697342602846,45.63597232724578,dbscl-sentinel-1-2020\dbscl-sentinel-1_2020-05\S1_2020-05-14_22-37-16\S1A_IW_GRDH_1SDV_20200514T223716_20200514T223744_032567_03C5A7_4DEA_metadata.json
2020-05-15 11:03:15,106.11872583767205,108.70118376964608,9.462427513831557,11.662310276611674,-16.68184476518228,2.6090459990876917,-25.8786396470508,7.485049883313718,0.5423530671658323,31.809753656965423,dbscl-sentinel-1-2020\dbscl-sentinel-1_2020-05\S1_2020-05-15_11-03-15\S1A_IW_GRDH_1SDV_20200515T110315_20200515T110344_032575_03C5E7_7450_metadata.json
2020-05-19 22:45:18,104.70620646653784,107.26281250971236,10.517494890245796,12.471143900237132,-16.66228205886413,2.560912498027917,-26.357954509723484,6.966609608004735,0.5773809262286638,38.10125434401044,dbscl-sentinel-1-2020\dbscl-sentinel-1_2020-05\S1_2020-05-19_22-45-18\S1A_IW_GRDH_1SDV_20200519T224518_20200519T224543_032640_03C7CB_DF5B_metadata.json
2020-05-19 22:45:43,104.40656272328184,106.95853298691452,9.005212142616466,10.962820258178382,-16.91900476390906,2.575055822121913,-26.673679394347985,7.164330133469897,0.5660993461447766,38.75268611067355,dbscl-sentinel-1-2020\dbscl-sentinel-1_2020-05\S1_2020-05-19_22-45-43\S1A_IW_GRDH_1SDV_20200519T224543_20200519T224608_032640_03C7CB_AD9B_metadata.json
2020-05-19 22:46:08,104.1753864692402,106.64793482166112,7.967772587381619,9.454454409240263,-17.92231772481675,2.4991665852439398,-28.9544854725516,6.890149977081817,0.6057635803755262,41.00739565036693,dbscl-sentinel-1-2020\dbscl-sentinel-1_2020-05\S1_2020-05-19_22-46-08\S1A_IW_GRDH_1SDV_20200519T224608_20200519T224627_032640_03C7CB_E576_metadata.json
2020-05-20 11:11:01,104.41612166198412,106.98849766686116,7.733430414061321,9.936891397550015,-18.31255055581069,2.5671387440674955,-28.998980168094032,7.626120943527262,0.5757245093572284,38.5627334700896,dbscl-sentinel-1-2020\dbscl-sentinel-1_2020-05\S1_2020-05-20_11-11-01\S1A_IW_GRDH_1SDV_20200520T111101_20200520T111130_032648_03C808_5DDF_metadata.json
2020-05-20 11:11:30,104.10825597011996,106.66263470361454,9.488549853705514,11.44512538884032,-16.37721085965969,2.551363136916886,-25.91799440416292,6.836427315156484,0.5729642593011477,40.29643677313504,dbscl-sentinel-1-2020\dbscl-sentinel-1_2020-05\S1_2020-05-20_11-11-30\S1A_IW_GRDH_1SDV_20200520T111130_20200520T111155_032648_03C808_9BE8_metadata.json
2020-05-24 22:53:50,102.44251689381194,104.988153665917,9.591799344720387,11.385990096458794,-15.858083730144116,2.5602634004722287,-24.954476516521904,6.761690943766308,0.5613901482996332,33.13811151250449,dbscl-sentinel-1-2020\dbscl-sentinel-1_2020-05\S1_2020-05-24_22-53-50\S1A_IW_GRDH_1SDV_20200524T225350_20200524T225414_032713_03CA10_FF41_metadata.json
2020-05-25 11:19:02,102.56786247737185,105.11050950960798,6.958339634270973,8.921709895101856,-16.21901997533476,2.5038328109622867,-26.11746949856287,6.320570452106582,0.6032333509904306,45.97781880042883,dbscl-sentinel-1-2020\dbscl-sentinel-1_2020-05\S1_2020-05-25_11-19-02\S1A_IW_GRDH_1SDV_20200525T111902_20200525T111927_032721_03CA4E_D7A4_metadata.json
2020-05-25 11:19:27,102.2571983284883,104.80785415112392,8.470614349856355,10.429992160567208,-14.814838665770884,2.587928565179686,-23.09211937155219,6.53755795998967,0.5442724461827815,45.007107084868295,dbscl-sentinel-1-2020\dbscl-sentinel-1_2020-05\S1_2020-05-25_11-19-27\S1A_IW_GRDH_1SDV_20200525T111927_20200525T111952_032721_03CA4E_5CC7_metadata.json
2020-05-25 11:19:52,101.94665023731878,104.50722763028594,9.982923135602327,11.938885582574642,-14.350872829754096,2.568264664067834,-22.491581681560373,6.210163977947782,0.5617468084011482,43.8175797054634,dbscl-sentinel-1-2020\dbscl-sentinel-1_2020-05\S1_2020-05-25_11-19-52\S1A_IW_GRDH_1SDV_20200525T111952_20200525T112017_032721_03CA4E_3F95_metadata.json
2020-05-26 22:37:17,106.58620662780154,109.17903991663609,9.743307300023185,11.756915893058508,-18.82130024898501,2.498061142990376,-30.46954338319264,7.17305711477746,0.6085827891785283,45.63570454733089,dbscl-sentinel-1-2020\dbscl-sentinel-1_2020-05\S1_2020-05-26_22-37-17\S1A_IW_GRDH_1SDV_20200526T223717_20200526T223745_032742_03CAF7_2B61_metadata.json
2020-05-27 11:03:16,106.11877527405856,108.70131272696968,9.461626793477706,11.662072609743491,-16.275730325690173,2.6610011117105485,-24.91868531760141,7.6327753337789295,0.5217398232183191,31.810019252745136,dbscl-sentinel-1-2020\dbscl-sentinel-1_2020-05\S1_2020-05-27_11-03-16\S1A_IW_GRDH_1SDV_20200527T110316_20200527T110345_032750_03CB35_7CA2_metadata.json
2020-05-31 22:45:19,104.70663281604482,107.26315658518114,10.517526466934829,12.471217976116884,-15.910152700469784,2.524131077517377,-25.312130204067778,6.508175196871749,0.5847920047106488,38.10456002969066,dbscl-sentinel-1-2020\dbscl-sentinel-1_2020-05\S1_2020-05-31_22-45-19\S1A_IW_GRDH_1SDV_20200531T224519_20200531T224544_032815_03CD12_F1E3_metadata.json
2020-05-31 22:45:44,104.40698529400656,106.9590151651066,9.005262315303257,10.962898655358394,-16.578671493797778,2.561271517372834,-26.2272923259088,6.930050661686841,0.5710301624257056,38.75564649555227,dbscl-sentinel-1-2020\dbscl-sentinel-1_2020-05\S1_2020-05-31_22-45-44\S1A_IW_GRDH_1SDV_20200531T224544_20200531T224609_032815_03CD12_2E7D_metadata.json
2020-05-31 22:46:09,104.17600805272636,106.64844358972113,7.967286300095006,9.454548988598209,-17.55661877518492,2.503896330508041,-28.39963837482645,6.71359917554356,0.6067883334301694,41.01001516738861,dbscl-sentinel-1-2020\dbscl-sentinel-1_2020-05\S1_2020-05-31_22-46-09\S1A_IW_GRDH_1SDV_20200531T224609_20200531T224628_032815_03CD12_DF4F_metadata.json
2020-05-01 22:44:40,104.64486328126036,107.20090058066144,10.205241875872453,12.159397261226673,-17.148535875414996,2.6074916561411143,-26.595902498322115,7.701169252507886,0.5484633610999033,38.30066540811303,dbscl-sentinel-1-2020\dbscl-sentinel-1_2020-05\S1_2020-05-01_22-44-40\S1B_IW_GRDH_1SDV_20200501T224440_20200501T224505_021394_0289C5_F1AC_metadata.json
2020-05-01 22:45:05,104.24252310348946,106.89449751313968,8.302490047967947,10.651384658136925,-18.079144791539377,2.5635894073630325,-28.423189587536648,7.735099995542017,0.5640786895607143,39.1537429314908,dbscl-sentinel-1-2020\dbscl-sentinel-1_2020-05\S1_2020-05-01_22-45-05\S1B_IW_GRDH_1SDV_20200501T224505_20200501T224539_021394_0289C5_0E86_metadata.json
2020-05-02 11:11:05,103.83433009175684,106.42402939444432,10.570772657670986,12.766162593196071,-18.99291890153952,2.635631889725854,-28.963210118842923,9.022627684236047,0.5264287839748428,39.840127459678094,dbscl-sentinel-1-2020\dbscl-sentinel-1_2020-05\S1_2020-05-02_11-11-05\S1B_IW_GRDH_1SDV_20200502T111105_20200502T111134_021402_028A05_5741_metadata.json
2020-05-13 22:44:41,104.64613479408936,107.2022567944939,10.205244594592855,12.159423552205109,-16.869178758954497,2.62158908900095,-26.25790398658067,7.480453531328488,0.5525522612804649,38.30856805514439,dbscl-sentinel-1-2020\dbscl-sentinel-1_2020-05\S1_2020-05-13_22-44-41\S1B_IW_GRDH_1SDV_20200513T224441_20200513T224506_021569_028F31_5DDC_metadata.json
2020-05-13 22:45:06,104.24387171598644,106.8958448630081,8.302229070593778,10.65139664117426,-17.653299784400534,2.5720969193352894,-27.90549438739988,7.401105181401117,0.5701128746138171,39.1619959831032,dbscl-sentinel-1-2020\dbscl-sentinel-1_2020-05\S1_2020-05-13_22-45-06\S1B_IW_GRDH_1SDV_20200513T224506_20200513T224539_021569_028F31_9DA4_metadata.json
2020-05-14 11:11:05,103.8357606544072,106.42534445768408,10.570546354552722,12.766166318325238,-18.2174618691464,2.607781513088123,-28.107371857427857,8.327551880864885,0.5417302617772076,39.83524867936158,dbscl-sentinel-1-2020\dbscl-sentinel-1_2020-05\S1_2020-05-14_11-11-05\S1B_IW_GRDH_1SDV_20200514T111105_20200514T111134_021577_028F69_7662_metadata.json
2020-05-25 22:44:42,104.64520575428998,107.20124393892448,10.20521449957137,12.15963639903254,-15.810069421603588,2.607347605685157,-24.627884230178974,6.992254613028138,0.5469102785485601,38.3035896985956,dbscl-sentinel-1-2020\dbscl-sentinel-1_2020-05\S1_2020-05-25_22-44-42\S1B_IW_GRDH_1SDV_20200525T224442_20200525T224507_021744_02944E_73B3_metadata.json
2020-05-25 22:45:07,104.242930294062,106.89484312986892,8.301704700369534,10.651334563575626,-17.053840514515205,2.5745884579780816,-26.95361697592376,7.154064053106651,0.567176011280053,39.15672631681986,dbscl-sentinel-1-2020\dbscl-sentinel-1_2020-05\S1_2020-05-25_22-45-07\S1B_IW_GRDH_1SDV_20200525T224507_20200525T224540_021744_02944E_F571_metadata.json
2020-05-26 11:11:06,103.83478943048466,106.42447283984792,10.570791026592577,12.766154954351045,-17.447274651316672,2.512196630912298,-28.015837281641463,6.878712020991907,0.6046725185996342,39.83807856058666,dbscl-sentinel-1-2020\dbscl-sentinel-1_2020-05\S1_2020-05-26_11-11-06\S1B_IW_GRDH_1SDV_20200526T111106_20200526T111135_021752_02948C_AF12_metadata.json
2020-06-01 11:11:01,104.41634335266616,106.9886835179173,7.734091419578302,9.936916985763736,-17.882031775506217,2.5455306048873165,-28.38462851310002,7.379435037912431,0.5782339094155066,38.564026980330055,dbscl-sentinel-1-2020\dbscl-sentinel-1_2020-06\S1_2020-06-01_11-11-01\S1A_IW_GRDH_1SDV_20200601T111101_20200601T111130_032823_03CD4C_2BD1_metadata.json
2020-06-01 11:11:30,104.1084399635276,106.6628213663022,9.488609979776262,11.44525302438138,-16.401951057203245,2.5509254278725426,-26.062147327255264,6.741754787151199,0.5795909894477052,40.295905816814376,dbscl-sentinel-1-2020\dbscl-sentinel-1_2020-06\S1_2020-06-01_11-11-30\S1A_IW_GRDH_1SDV_20200601T111130_20200601T111155_032823_03CD4C_A43A_metadata.json
2020-06-05 22:53:51,102.44276703760764,104.9888275454858,9.591447640698272,11.385828963505276,-16.40370861177977,2.5712624436257285,-25.70687529569117,7.10054192786833,0.5552875396795026,33.13760429360818,dbscl-sentinel-1-2020\dbscl-sentinel-1_2020-06\S1_2020-06-05_22-53-51\S1A_IW_GRDH_1SDV_20200605T225351_20200605T225415_032888_03CF3C_B724_metadata.json
2020-06-06 11:19:03,102.56865585008497,105.1114287073096,6.958430484841967,8.921606701059174,-16.09377275941564,2.541546906166007,-25.54798625457307,6.639559264258249,0.5796245553056453,45.97654437645686,dbscl-sentinel-1-2020\dbscl-sentinel-1_2020-06\S1_2020-06-06_11-19-03\S1A_IW_GRDH_1SDV_20200606T111903_20200606T111928_032896_03CF78_DC1E_metadata.json
2020-06-06 11:19:28,102.258029864487,104.80861479973406,8.470585041599692,10.42993311641468,-14.694275399835218,2.676337734290568,-22.732424362306183,6.656126437364272,0.5326393158291739,45.010661913800845,dbscl-sentinel-1-2020\dbscl-sentinel-1_2020-06\S1_2020-06-06_11-19-28\S1A_IW_GRDH_1SDV_20200606T111928_20200606T111953_032896_03CF78_58BB_metadata.json
2020-06-06 11:19:53,101.94748898402344,104.50806268205729,9.982904400359368,11.938864626549192,-14.44265544218602,2.4188340317343364,-22.56342422833194,6.321886656040094,0.5570995692768245,43.82127117970303,dbscl-sentinel-1-2020\dbscl-sentinel-1_2020-06\S1_2020-06-06_11-19-53\S1A_IW_GRDH_1SDV_20200606T111953_20200606T112018_032896_03CF78_75AC_metadata.json
2020-06-08 11:03:17,106.11950811836276,108.70187767475436,9.4617376168654,11.662269063798272,-15.949596495803512,2.657816611029035,-24.42411084521118,7.475082146395988,0.5197265011285302,31.80897125202376,dbscl-sentinel-1-2020\dbscl-sentinel-1_2020-06\S1_2020-06-08_11-03-17\S1A_IW_GRDH_1SDV_20200608T110317_20200608T110346_032925_03D05D_1BB6_metadata.json
2020-06-12 22:45:20,104.7064283176368,107.2629409404478,10.51784409254157,12.471174312660514,-16.066295362331577,2.5312777107216027,-25.615051653307177,6.5175390713557775,0.589701697960442,38.10208072960568,dbscl-sentinel-1-2020\dbscl-sentinel-1_2020-06\S1_2020-06-12_22-45-20\S1A_IW_GRDH_1SDV_20200612T224520_20200612T224545_032990_03D241_07A5_metadata.json
2020-06-12 22:45:45,104.4067538480159,106.95882384302172,9.005163480684915,10.9628639755492,-17.04297003827688,2.5760457782001267,-26.84266914332327,7.243270933230493,0.5667202665424694,38.75326211680429,dbscl-sentinel-1-2020\dbscl-sentinel-1_2020-06\S1_2020-06-12_22-45-45\S1A_IW_GRDH_1SDV_20200612T224545_20200612T224610_032990_03D241_DC8C_metadata.json
2020-06-12 22:46:10,104.17532156224812,106.64820017967692,7.967163837958048,9.454438289754206,-17.48370681944379,2.5340411683837654,-28.06800485934067,6.899408779546966,0.5958628354538128,41.00794202551172,dbscl-sentinel-1-2020\dbscl-sentinel-1_2020-06\S1_2020-06-12_22-46-10\S1A_IW_GRDH_1SDV_20200612T224610_20200612T224629_032990_03D241_A47A_metadata.json
2020-06-13 11:11:02,104.41603488651548,106.98839136336656,7.733651456756119,9.937047717905608,-17.580249864820285,2.567435655603993,-27.674076087978246,7.486423641662386,0.5647516083633484,38.56482253360743,dbscl-sentinel-1-2020\dbscl-sentinel-1_2020-06\S1_2020-06-13_11-11-02\S1A_IW_GRDH_1SDV_20200613T111102_20200613T111131_032998_03D27E_E312_metadata.json
2020-06-13 11:11:31,104.10810361737896,106.66252432531968,9.488674917299589,11.44531365291758,-15.885975976128751,2.620534553863903,-25.016693096118946,6.755258856138635,0.5635194978753708,40.29808288291193,dbscl-sentinel-1-2020\dbscl-sentinel-1_2020-06\S1_2020-06-13_11-11-31\S1A_IW_GRDH_1SDV_20200613T111131_20200613T111156_032998_03D27E_43D0_metadata.json
2020-06-17 22:53:51,102.44203882332326,104.98795236734196,9.591191293191942,11.385870807222243,-16.797335335775067,2.5808089541957067,-26.290843277646545,7.303827393903434,0.5731558607157026,33.136892347167745,dbscl-sentinel-1-2020\dbscl-sentinel-1_2020-06\S1_2020-06-17_22-53-51\S1A_IW_GRDH_1SDV_20200617T225351_20200617T225416_033063_03D480_6F9C_metadata.json
2020-06-18 11:19:03,102.5679310359061,105.11051138314946,6.958472243788172,8.921790195080014,-15.949864453525404,2.525062585926893,-25.469526282839976,6.43020262421082,0.5884198051693331,45.978885966787175,dbscl-sentinel-1-2020\dbscl-sentinel-1_2020-06\S1_2020-06-18_11-19-03\S1A_IW_GRDH_1SDV_20200618T111903_20200618T111928_033071_03D4C1_4B37_metadata.json
2020-06-18 11:19:28,102.25707503501174,104.8076993860319,8.47073860367519,10.430004156609948,-14.848754242802006,2.773303847340642,-23.050217948567838,6.647290537036172,0.5354947918329671,45.0073068209446,dbscl-sentinel-1-2020\dbscl-sentinel-1_2020-06\S1_2020-06-18_11-19-28\S1A_IW_GRDH_1SDV_20200618T111928_20200618T111953_033071_03D4C1_A4BA_metadata.json
2020-06-18 11:19:53,101.94652851380266,104.50710729647548,9.982960479569837,11.93899470442688,-14.401191654660805,2.5775625377056697,-22.4896155679549,6.312767741366758,0.5565639154296169,43.81851323078549,dbscl-sentinel-1-2020\dbscl-sentinel-1_2020-06\S1_2020-06-18_11-19-53\S1A_IW_GRDH_1SDV_20200618T111953_20200618T112018_033071_03D4C1_E982_metadata.json
2020-06-20 11:03:18,106.1185081741658,108.70097216373313,9.461521692529326,11.661964237923096,-15.941117197606696,2.655826855211396,-24.273571272517746,7.608663122695599,0.5108812260038148,31.816539607791555,dbscl-sentinel-1-2020\dbscl-sentinel-1_2020-06\S1_2020-06-20_11-03-18\S1A_IW_GRDH_1SDV_20200620T110318_20200620T110347_033100_03D5AA_2206_metadata.json
2020-06-24 22:45:20,104.70634529029276,107.26274820417936,10.517845804561103,12.471163427877856,-15.47812402775491,2.567394161370469,-24.57802491876674,6.378223136743142,0.5828827585513007,38.10220045680895,dbscl-sentinel-1-2020\dbscl-sentinel-1_2020-06\S1_2020-06-24_22-45-20\S1A_IW_GRDH_1SDV_20200624T224520_20200624T224545_033165_03D795_F52E_metadata.json
2020-06-24 22:45:45,104.4066784460814,106.95873971179694,9.005184376923536,10.962906449029411,-16.419420405228784,2.5938839176800297,-25.81715749499285,7.021683315464708,0.5585450889792298,38.753454597692766,dbscl-sentinel-1-2020\dbscl-sentinel-1_2020-06\S1_2020-06-24_22-45-45\S1A_IW_GRDH_1SDV_20200624T224545_20200624T224610_033165_03D795_E1F0_metadata.json
2020-06-24 22:46:10,104.17537840019996,106.6481272286783,7.967274669337816,9.454372607754982,-17.132516276544166,2.516774460610013,-27.476050526992783,6.788982026095516,0.5802933123776806,41.00817766635203,dbscl-sentinel-1-2020\dbscl-sentinel-1_2020-06\S1_2020-06-24_22-46-10\S1A_IW_GRDH_1SDV_20200624T224610_20200624T224629_033165_03D795_A580_metadata.json
2020-06-25 11:11:03,104.41614715284284,106.9885269453745,7.733784211440266,9.936926989221382,-17.67552178672158,2.561457360894196,-27.980865164169412,7.370178409273863,0.57380531011617,38.56383974114885,dbscl-sentinel-1-2020\dbscl-sentinel-1_2020-06\S1_2020-06-25_11-11-03\S1A_IW_GRDH_1SDV_20200625T111103_20200625T111132_033173_03D7CC_ED0E_metadata.json
2020-06-25 11:11:32,104.10826332630651,106.6626447788977,9.4886296640166,11.445264199153453,-16.06304013088674,2.5694929608381183,-25.374056531344984,6.752023730428437,0.5692315129082665,40.29698349095749,dbscl-sentinel-1-2020\dbscl-sentinel-1_2020-06\S1_2020-06-25_11-11-32\S1A_IW_GRDH_1SDV_20200625T111132_20200625T111157_033173_03D7CC_6845_metadata.json
2020-06-29 22:53:52,102.44260418168916,104.98834079001752,9.591385324905255,11.385909571371528,-16.44684039719109,2.5909694991831147,-25.79011693613857,7.103563858243419,0.5551756966116024,33.140950237765445,dbscl-sentinel-1-2020\dbscl-sentinel-1_2020-06\S1_2020-06-29_22-53-52\S1A_IW_GRDH_1SDV_20200629T225352_20200629T225416_033238_03D9D2_438B_metadata.json
2020-06-30 11:19:04,102.56827671863948,105.11108656139268,6.958369242268623,8.921654320113255,-15.6946500175691,2.524193629022893,-25.03672724680632,6.352572788331869,0.5887487250141212,45.97559535081199,dbscl-sentinel-1-2020\dbscl-sentinel-1_2020-06\S1_2020-06-30_11-19-04\S1A_IW_GRDH_1SDV_20200630T111904_20200630T111929_033246_03DA13_F03C_metadata.json
2020-06-30 11:19:29,102.25752009716577,104.80824346882191,8.470546060118506,10.429934132245968,-14.729989979179152,2.8935503871860337,-22.851154537971183,6.608825420387123,0.5366900032933501,45.00663749565797,dbscl-sentinel-1-2020\dbscl-sentinel-1_2020-06\S1_2020-06-30_11-19-29\S1A_IW_GRDH_1SDV_20200630T111929_20200630T111954_033246_03DA13_A09C_metadata.json
2020-06-30 11:19:54,101.94696917448442,104.50763413532262,9.982849921549098,11.93876370352026,-14.335742417082995,2.5768531837290585,-22.41294505291848,6.258539781247364,0.5581960667188058,43.81710108713163,dbscl-sentinel-1-2020\dbscl-sentinel-1_2020-06\S1_2020-06-30_11-19-54\S1A_IW_GRDH_1SDV_20200630T111954_20200630T112019_033246_03DA13_EF7D_metadata.json
2020-06-06 22:44:43,104.64479967921092,107.2009831741494,10.205136375551044,12.159601891900572,-15.972150584415004,2.564974712979261,-25.0482444732318,6.896056695597964,0.5569354663837345,38.30100109773081,dbscl-sentinel-1-2020\dbscl-sentinel-1_2020-06\S1_2020-06-06_22-44-43\S1B_IW_GRDH_1SDV_20200606T224443_20200606T224508_021919_029991_A4A1_metadata.json
2020-06-06 22:45:08,104.24259673481473,106.89459611921436,8.301488240695747,10.65123235832004,-17.201521908144677,2.571721839815206,-27.12879869969056,7.274245116598852,0.5660332266746548,39.154138542939975,dbscl-sentinel-1-2020\dbscl-sentinel-1_2020-06\S1_2020-06-06_22-45-08\S1B_IW_GRDH_1SDV_20200606T224508_20200606T224541_021919_029991_D073_metadata.json
2020-06-07 11:11:07,103.83511679762547,106.42447814142992,10.57066497831996,12.765889980150437,-16.9690607395057,2.459756173495211,-27.87135518477976,6.066766294231654,0.6371686863221565,39.83891595016775,dbscl-sentinel-1-2020\dbscl-sentinel-1_2020-06\S1_2020-06-07_11-11-07\S1B_IW_GRDH_1SDV_20200607T111107_20200607T111136_021927_0299CC_938C_metadata.json
2020-06-18 22:44:43,104.64505853527004,107.20150939270026,10.205312295726392,12.159313170143852,-16.084203097870752,2.6159750504694483,-25.171176156893427,6.997230038848063,0.5568002726909128,38.3022023856581,dbscl-sentinel-1-2020\dbscl-sentinel-1_2020-06\S1_2020-06-18_22-44-43\S1B_IW_GRDH_1SDV_20200618T224443_20200618T224508_022094_029EDB_8DB1_metadata.json
2020-06-18 22:45:08,104.2426389619532,106.89486231080218,8.301353649473263,10.651203227648942,-17.195134810859447,2.5803896411083103,-27.086142686775897,7.304126934943063,0.5640935576109171,39.15537660330006,dbscl-sentinel-1-2020\dbscl-sentinel-1_2020-06\S1_2020-06-18_22-45-08\S1B_IW_GRDH_1SDV_20200618T224508_20200618T224542_022094_029EDB_92AB_metadata.json
2020-06-19 11:11:08,103.8351917180198,106.4245614391848,10.570532360992487,12.766151844245394,-16.605116396465107,2.4252356756900024,-27.687301093003523,5.522931699926772,0.6586027828831454,39.83961879513856,dbscl-sentinel-1-2020\dbscl-sentinel-1_2020-06\S1_2020-06-19_11-11-08\S1B_IW_GRDH_1SDV_20200619T111108_20200619T111137_022102_029F17_8A65_metadata.json
2020-06-30 22:44:44,104.645367295082,107.20173733693214,10.205183609731211,12.15957140821908,-15.229418836085935,2.589076602703539,-23.7984523670853,6.660385305086619,0.5533224938551192,38.30607399951796,dbscl-sentinel-1-2020\dbscl-sentinel-1_2020-06\S1_2020-06-30_22-44-44\S1B_IW_GRDH_1SDV_20200630T224444_20200630T224509_022269_02A43E_1D45_metadata.json
2020-06-30 22:45:09,104.24310221931688,106.89492174469008,8.3016202043248,10.651275422791072,-16.67923273654888,2.6080674102194084,-26.051977799071715,7.306487674026142,0.5477566015666757,39.159127385581925,dbscl-sentinel-1-2020\dbscl-sentinel-1_2020-06\S1_2020-06-30_22-45-09\S1B_IW_GRDH_1SDV_20200630T224509_20200630T224542_022269_02A43E_092D_metadata.json
2020-07-01 22:37:18,106.58654744811756,109.17940047498472,9.743190375478571,11.756747607748729,-17.69194348295337,2.5455968729228613,-28.097346393067657,7.286540572839203,0.5786417298965534,45.637413556550605,dbscl-sentinel-1-2020\dbscl-sentinel-1_2020-07\S1_2020-07-01_22-37-18\S1A_IW_GRDH_1SDV_20200701T223718_20200701T223746_033267_03DAB8_986B_metadata.json
2020-07-02 11:03:18,106.11946496229874,108.70181487252844,9.461455074783618,11.662244581801769,-15.294282434142444,2.6650709711334573,-23.16263848370135,7.42592638458367,0.5028456109923255,31.811367058736803,dbscl-sentinel-1-2020\dbscl-sentinel-1_2020-07\S1_2020-07-02_11-03-18\S1A_IW_GRDH_1SDV_20200702T110318_20200702T110347_033275_03DAF7_B726_metadata.json
2020-07-06 22:45:21,104.70675802473416,107.26317372132436,10.517425820199524,12.470934634676938,-15.030020875898318,2.549043288901512,-23.853647753179608,6.206393998617211,0.5935147537902825,38.10541006648275,dbscl-sentinel-1-2020\dbscl-sentinel-1_2020-07\S1_2020-07-06_22-45-21\S1A_IW_GRDH_1SDV_20200706T224521_20200706T224546_033340_03DCE2_9CFD_metadata.json
2020-07-06 22:45:46,104.4070043887611,106.95873439729874,9.005122813355353,10.962694755725533,-16.111088924230977,2.6101248604205045,-25.15484929245303,7.067328556008826,0.5463086866027786,38.75661630598317,dbscl-sentinel-1-2020\dbscl-sentinel-1_2020-07\S1_2020-07-06_22-45-46\S1A_IW_GRDH_1SDV_20200706T224546_20200706T224611_033340_03DCE2_A6D9_metadata.json
2020-07-06 22:46:11,104.17611986710524,106.64840787877002,7.967990382095227,9.454360356774885,-17.698973792266735,2.532549696776588,-28.372194745765874,7.0257528387674615,0.5930250246841531,41.01120154907917,dbscl-sentinel-1-2020\dbscl-sentinel-1_2020-07\S1_2020-07-06_22-46-11\S1A_IW_GRDH_1SDV_20200706T224611_20200706T224630_033340_03DCE2_8924_metadata.json
2020-07-07 11:11:04,104.41660554496092,106.98900215868008,7.734372298999719,9.93676266243624,-18.03858821574219,2.546798698215258,-28.69071982165137,7.3864566098330515,0.5809725926628387,38.56132681669828,dbscl-sentinel-1-2020\dbscl-sentinel-1_2020-07\S1_2020-07-07_11-11-04\S1A_IW_GRDH_1SDV_20200707T111104_20200707T111133_033348_03DD20_EDD1_metadata.json
2020-07-07 11:11:33,104.1087319073176,106.6631707632994,9.488587373646148,11.444898007393444,-15.996009390026112,2.588650191081225,-25.019646981418923,6.972371798633298,0.5554114639755332,40.2936217873394,dbscl-sentinel-1-2020\dbscl-sentinel-1_2020-07\S1_2020-07-07_11-11-33\S1A_IW_GRDH_1SDV_20200707T111133_20200707T111158_033348_03DD20_4DC1_metadata.json
2020-07-11 22:53:53,102.44274062379618,104.98827071874716,9.591371629593391,11.38589348811981,-16.018467008272218,2.557558885957822,-25.338497272144537,6.69843674439979,0.5714844221786697,33.14186722799305,dbscl-sentinel-1-2020\dbscl-sentinel-1_2020-07\S1_2020-07-11_22-53-53\S1A_IW_GRDH_1SDV_20200711T225353_20200711T225417_033413_03DF24_CC36_metadata.json
2020-07-12 11:19:05,102.5679204412896,105.11093828351407,6.958355389257364,8.92163043488178,-15.810690869952593,2.5255572939252544,-25.206347611106285,6.415034128798855,0.5874675896251226,45.97595550785641,dbscl-sentinel-1-2020\dbscl-sentinel-1_2020-07\S1_2020-07-12_11-19-05\S1A_IW_GRDH_1SDV_20200712T111905_20200712T111930_033421_03DF63_2D9F_metadata.json
2020-07-12 11:19:30,102.25725054488866,104.80805094700295,8.470562802596232,10.429953637360326,-14.17428908852776,2.821432574772768,-21.777221371151622,6.571356805903899,0.5217082375546891,45.00511522702867,dbscl-sentinel-1-2020\dbscl-sentinel-1_2020-07\S1_2020-07-12_11-19-30\S1A_IW_GRDH_1SDV_20200712T111930_20200712T111955_033421_03DF63_5669_metadata.json
2020-07-12 11:19:55,101.94669507827696,104.5071759062876,9.983025937512332,11.93881745244408,-13.89441533822335,2.5939110887411863,-21.584157676683617,6.204672999763142,0.5478542765660878,43.81548674003914,dbscl-sentinel-1-2020\dbscl-sentinel-1_2020-07\S1_2020-07-12_11-19-55\S1A_IW_GRDH_1SDV_20200712T111955_20200712T112020_033421_03DF63_9E7A_metadata.json
2020-07-13 22:37:19,106.58620132215977,109.17892904545548,9.743307130956673,11.756879429813525,-17.999967410203723,2.530951267366036,-28.85589671120957,7.144038109197592,0.5898774683052515,45.63769023578883,dbscl-sentinel-1-2020\dbscl-sentinel-1_2020-07\S1_2020-07-13_22-37-19\S1A_IW_GRDH_1SDV_20200713T223719_20200713T223747_033442_03E00D_C687_metadata.json
2020-07-14 11:03:19,106.11874602494272,108.70129016170044,9.461869163196797,11.662332122604964,-15.682117466346604,2.650421436254609,-23.968829721797988,7.395405210895158,0.517057014009042,31.81197016389461,dbscl-sentinel-1-2020\dbscl-sentinel-1_2020-07\S1_2020-07-14_11-03-19\S1A_IW_GRDH_1SDV_20200714T110319_20200714T110348_033450_03E04E_E686_metadata.json
2020-07-18 22:45:22,104.7061843971319,107.2629433755818,10.517744210699757,12.471060275567485,-14.732267080415644,2.540083225540253,-23.506897251278268,5.957636909553007,0.5921122324374339,38.10058300547316,dbscl-sentinel-1-2020\dbscl-sentinel-1_2020-07\S1_2020-07-18_22-45-22\S1A_IW_GRDH_1SDV_20200718T224522_20200718T224547_033515_03E23C_1BD9_metadata.json
2020-07-18 22:45:47,104.40654078658336,106.9586930523085,9.005157549619321,10.962753306425798,-15.974095082005675,2.6113313983413127,-25.258247882134,6.689942281877369,0.5675630084277019,38.75189344043623,dbscl-sentinel-1-2020\dbscl-sentinel-1_2020-07\S1_2020-07-18_22-45-47\S1A_IW_GRDH_1SDV_20200718T224547_20200718T224612_033515_03E23C_7B72_metadata.json
2020-07-18 22:46:12,104.17545988866034,106.64808189292822,7.967593506963467,9.454316266757438,-17.783100125283813,2.5073674407374416,-28.73438170879057,6.831818541777081,0.604529722725327,41.006777302323975,dbscl-sentinel-1-2020\dbscl-sentinel-1_2020-07\S1_2020-07-18_22-46-12\S1A_IW_GRDH_1SDV_20200718T224612_20200718T224631_033515_03E23C_7068_metadata.json
2020-07-19 11:11:04,104.4160935065808,106.9884308217767,7.734447044243224,9.937010233668426,-17.744780180646554,2.5269844148122624,-28.397705837006058,7.091854524287138,0.5932753380305801,38.566393973119546,dbscl-sentinel-1-2020\dbscl-sentinel-1_2020-07\S1_2020-07-19_11-11-04\S1A_IW_GRDH_1SDV_20200719T111104_20200719T111133_033523_03E278_3E77_metadata.json
2020-07-19 11:11:33,104.10849207731098,106.66259665143322,9.48866548835924,11.445276609906529,-15.742813334749831,2.5785765302369232,-24.792486902352607,6.693139767147107,0.5658408111872522,40.29787255629947,dbscl-sentinel-1-2020\dbscl-sentinel-1_2020-07\S1_2020-07-19_11-11-33\S1A_IW_GRDH_1SDV_20200719T111133_20200719T111158_033523_03E278_7A83_metadata.json
2020-07-23 22:53:54,102.4421490260014,104.98781177942534,9.591647859873117,11.385766646341851,-15.640830839639678,2.5122574253643304,-25.202474977404435,6.079186701875135,0.598204419050562,33.137852644794165,dbscl-sentinel-1-2020\dbscl-sentinel-1_2020-07\S1_2020-07-23_22-53-54\S1A_IW_GRDH_1SDV_20200723T225354_20200723T225418_033588_03E485_FA5E_metadata.json
2020-07-24 11:19:06,102.5677171299118,105.11061416031444,6.958788060152905,8.921586351450634,-15.687263504211598,2.503452222464415,-25.24782949578913,6.126697512634041,0.6031890947032218,45.97849287420276,dbscl-sentinel-1-2020\dbscl-sentinel-1_2020-07\S1_2020-07-24_11-19-06\S1A_IW_GRDH_1SDV_20200724T111906_20200724T111931_033596_03E4C4_3F32_metadata.json
2020-07-24 11:19:31,102.25705957967767,104.80765682120608,8.470688054284969,10.430018636354085,-14.783848885771048,2.64633642862562,-22.970987211688453,6.596710559853664,0.6083845876257412,45.006536012333854,dbscl-sentinel-1-2020\dbscl-sentinel-1_2020-07\S1_2020-07-24_11-19-31\S1A_IW_GRDH_1SDV_20200724T111931_20200724T111956_033596_03E4C4_79D6_metadata.json
2020-07-24 11:19:56,101.94652860087236,104.50710285283589,9.982979581722146,11.93887294139668,-14.22885790643635,2.5848797068979565,-22.1668141427816,6.290901670091115,0.5525839154514358,43.81772785931439,dbscl-sentinel-1-2020\dbscl-sentinel-1_2020-07\S1_2020-07-24_11-19-56\S1A_IW_GRDH_1SDV_20200724T111956_20200724T112021_033596_03E4C4_0B11_metadata.json
2020-07-25 22:37:20,106.5855819118612,109.17832887173988,9.74403387781718,11.756777493075878,-18.51007925490913,2.5377363904346217,-29.5847254673058,7.43543304251229,0.5864520462663224,45.633584103062745,dbscl-sentinel-1-2020\dbscl-sentinel-1_2020-07\S1_2020-07-25_22-37-20\S1A_IW_GRDH_1SDV_20200725T223720_20200725T223748_033617_03E56D_353B_metadata.json
2020-07-26 11:03:20,106.11810057163892,108.7004139234384,9.462224530901238,11.662384076538467,-15.813700448062134,2.62527773570228,-24.483793798131323,7.1436070979930655,0.5355654179925504,31.817475393975997,dbscl-sentinel-1-2020\dbscl-sentinel-1_2020-07\S1_2020-07-26_11-03-20\S1A_IW_GRDH_1SDV_20200726T110320_20200726T110349_033625_03E5AD_745B_metadata.json
2020-07-30 22:45:22,104.70538064576196,107.26204896149495,10.517762578592071,12.471037656265771,-15.165385158064447,2.5294235208107123,-24.14703915441947,6.183731161709455,0.5895214234929198,38.09583133680773,dbscl-sentinel-1-2020\dbscl-sentinel-1_2020-07\S1_2020-07-30_22-45-22\S1A_IW_GRDH_1SDV_20200730T224522_20200730T224547_033690_03E79C_93B8_metadata.json
2020-07-30 22:45:47,104.4057025762381,106.95778679718995,9.005083250392902,10.96282864022079,-16.267287244073547,2.589988099766765,-25.54174890291968,6.9928255852274415,0.5605136217522882,38.7475883999883,dbscl-sentinel-1-2020\dbscl-sentinel-1_2020-07\S1_2020-07-30_22-45-47\S1A_IW_GRDH_1SDV_20200730T224547_20200730T224612_033690_03E79C_3D32_metadata.json
2020-07-30 22:46:12,104.17393564542586,106.64693321050775,7.966398207250766,9.45429341823389,-17.81832079569611,2.56996163097162,-28.450923261388787,7.185718330003465,0.5910491876923745,41.00269990387767,dbscl-sentinel-1-2020\dbscl-sentinel-1_2020-07\S1_2020-07-30_22-46-12\S1A_IW_GRDH_1SDV_20200730T224612_20200730T224632_033690_03E79C_C9F0_metadata.json
2020-07-31 11:11:05,104.41523960993302,106.98745751626684,7.734403492420546,9.937030196671897,-17.641343895775137,2.5898961041820825,-27.73091802198424,7.551769769566032,0.5652909796908439,38.56515838115945,dbscl-sentinel-1-2020\dbscl-sentinel-1_2020-07\S1_2020-07-31_11-11-05\S1A_IW_GRDH_1SDV_20200731T111105_20200731T111134_033698_03E7D9_0C7E_metadata.json
2020-07-31 11:11:34,104.10762653013444,106.66173260782548,9.488684731003108,11.445310289526269,-15.640914675669892,2.6130176638231237,-24.399360933430348,6.882468417909474,0.5515442423375831,40.28509562404108,dbscl-sentinel-1-2020\dbscl-sentinel-1_2020-07\S1_2020-07-31_11-11-34\S1A_IW_GRDH_1SDV_20200731T111134_20200731T111159_033698_03E7D9_EDF8_metadata.json
2020-07-01 11:11:08,103.83528839811758,106.42491610648256,10.570410295130271,12.766132971482826,-15.912068222741508,2.429099302318268,-26.466048746988577,5.358087698494403,0.6557319055605689,39.83595640673709,dbscl-sentinel-1-2020\dbscl-sentinel-1_2020-07\S1_2020-07-01_11-11-08\S1B_IW_GRDH_1SDV_20200701T111108_20200701T111137_022277_02A477_B32C_metadata.json
2020-07-12 22:44:44,104.64492154609816,107.20142643836456,10.205206187309203,12.159302975455184,-14.912299940627618,2.6037138274566622,-23.294039862404876,6.530560018850276,0.5531626431072919,38.30451076445274,dbscl-sentinel-1-2020\dbscl-sentinel-1_2020-07\S1_2020-07-12_22-44-44\S1B_IW_GRDH_1SDV_20200712T224444_20200712T224509_022444_02A98D_CCB9_metadata.json
2020-07-12 22:45:09,104.24237903459591,106.89453749587167,8.301366416333773,10.65130530282262,-16.547098325483763,2.589972424594217,-25.97438436390029,7.119812287067242,0.5549668807499607,39.15755268823028,dbscl-sentinel-1-2020\dbscl-sentinel-1_2020-07\S1_2020-07-12_22-45-09\S1B_IW_GRDH_1SDV_20200712T224509_20200712T224543_022444_02A98D_BA92_metadata.json
2020-07-13 11:11:09,103.83450284114788,106.42419338376908,10.570801342704836,12.766178000796716,-15.236563464253829,2.4814845685636,-24.87509290232369,5.5980340261839565,0.6381615327238187,39.837623273599206,dbscl-sentinel-1-2020\dbscl-sentinel-1_2020-07\S1_2020-07-13_11-11-09\S1B_IW_GRDH_1SDV_20200713T111109_20200713T111138_022452_02A9CD_55F1_metadata.json
2020-07-24 22:44:45,104.64515362717664,107.20136746866898,10.205081593739962,12.159294014697064,-14.887669235194348,2.5894224254784555,-23.373407622525637,6.40193084786291,0.5612126175519286,38.30316590055373,dbscl-sentinel-1-2020\dbscl-sentinel-1_2020-07\S1_2020-07-24_22-44-45\S1B_IW_GRDH_1SDV_20200724T224445_20200724T224510_022619_02AEDB_11EA_metadata.json
2020-07-24 22:45:10,104.24300357074507,106.89496650021889,8.302057064514953,10.651201662486676,-16.499518371118686,2.5787403506230047,-25.99640060645137,7.002636135785986,0.5538832499632079,39.15638665842282,dbscl-sentinel-1-2020\dbscl-sentinel-1_2020-07\S1_2020-07-24_22-45-10\S1B_IW_GRDH_1SDV_20200724T224510_20200724T224544_022619_02AEDB_D2A0_metadata.json
2020-07-25 11:11:10,103.83496439180342,106.4246686390415,10.570695464080051,12.766006346941513,-14.87405317917056,2.53675633274742,-23.691766418844235,6.056339939496905,0.5885702142477677,39.83872665442476,dbscl-sentinel-1-2020\dbscl-sentinel-1_2020-07\S1_2020-07-25_11-11-10\S1B_IW_GRDH_1SDV_20200725T111110_20200725T111139_022627_02AF18_5D60_metadata.json
2020-08-04 22:53:54,102.44195223557983,104.98794844478584,9.59059043000064,11.38582954565175,-15.91728833358814,2.519870619173378,-25.38555021059096,6.4490264565853,0.5835971344014474,33.14031943527818,dbscl-sentinel-1-2020\dbscl-sentinel-1_2020-08\S1_2020-08-04_22-53-54\S1A_IW_GRDH_1SDV_20200804T225354_20200804T225419_033763_03E9DF_AC20_metadata.json
2020-08-05 11:19:06,102.56795721599572,105.1109802152712,6.958411610722704,8.921749957103621,-15.41804662318046,2.511535440606939,-24.73030300553275,6.1057902408281866,0.5990526903159321,45.97648508397451,dbscl-sentinel-1-2020\dbscl-sentinel-1_2020-08\S1_2020-08-05_11-19-06\S1A_IW_GRDH_1SDV_20200805T111906_20200805T111931_033771_03EA25_ABE0_metadata.json
2020-08-05 11:19:31,102.25732397970069,104.80809190907226,8.470662411282902,10.429885873527406,-14.518114855514714,2.632382348138508,-22.447489631015237,6.588740080014122,0.5320665730946796,45.006288202961706,dbscl-sentinel-1-2020\dbscl-sentinel-1_2020-08\S1_2020-08-05_11-19-31\S1A_IW_GRDH_1SDV_20200805T111931_20200805T111956_033771_03EA25_AF51_metadata.json
2020-08-05 11:19:56,101.9467781429366,104.50735240784024,9.983106732448784,11.93891424187385,-14.243222093640297,2.567433271728096,-22.32359149112139,6.162852696159202,0.5625824998498129,43.81715912887944,dbscl-sentinel-1-2020\dbscl-sentinel-1_2020-08\S1_2020-08-05_11-19-56\S1A_IW_GRDH_1SDV_20200805T111956_20200805T112021_033771_03EA25_E411_metadata.json
2020-08-06 22:37:21,106.5858360425254,109.17874531872292,9.742598556519924,11.756733692019688,-18.354836432771087,2.548860547267452,-29.190665203779705,7.51900766176263,0.5789432768968727,45.63552011197892,dbscl-sentinel-1-2020\dbscl-sentinel-1_2020-08\S1_2020-08-06_22-37-21\S1A_IW_GRDH_1SDV_20200806T223721_20200806T223749_033792_03EAE2_5DE3_metadata.json
2020-08-07 11:03:20,106.1185571618918,108.70090446799084,9.462123318316504,11.662355102446416,-15.45074523490879,2.6444389878578702,-23.728107679176645,7.173382790640626,0.5229679953039215,31.809403305959396,dbscl-sentinel-1-2020\dbscl-sentinel-1_2020-08\S1_2020-08-07_11-03-20\S1A_IW_GRDH_1SDV_20200807T110320_20200807T110349_033800_03EB2C_B0A1_metadata.json
2020-08-11 22:45:23,104.70586866259026,107.26257170226172,10.517402488611008,12.471115638400802,-15.098045730455016,2.5346093526875797,-23.97988269102161,6.216208769888481,0.5856452789290568,38.09949588194371,dbscl-sentinel-1-2020\dbscl-sentinel-1_2020-08\S1_2020-08-11_22-45-23\S1A_IW_GRDH_1SDV_20200811T224523_20200811T224548_033865_03ED61_4F1B_metadata.json
2020-08-11 22:45:48,104.40618695785788,106.9581560184843,9.005104574148158,10.962784277178883,-16.28978961876833,2.5622437951282344,-25.842600631117325,6.736978606419349,0.5744990078717407,38.751063960559165,dbscl-sentinel-1-2020\dbscl-sentinel-1_2020-08\S1_2020-08-11_22-45-48\S1A_IW_GRDH_1SDV_20200811T224548_20200811T224613_033865_03ED61_3E53_metadata.json
2020-08-11 22:46:13,104.17460439515912,106.6475293192574,7.96667617575318,9.45440353596182,-17.8271662161656,2.531981553876685,-28.53417095566011,7.120161476671066,0.5914544190595562,41.00577404605497,dbscl-sentinel-1-2020\dbscl-sentinel-1_2020-08\S1_2020-08-11_22-46-13\S1A_IW_GRDH_1SDV_20200811T224613_20200811T224632_033865_03ED61_A2A5_metadata.json
2020-08-12 11:11:06,104.41516624646182,106.98751895583229,7.73388758993705,9.937113648821768,-17.55930770927695,2.543478542540003,-27.9097875009729,7.208827917580963,0.5806340821100547,38.57522287109871,dbscl-sentinel-1-2020\dbscl-sentinel-1_2020-08\S1_2020-08-12_11-11-06\S1A_IW_GRDH_1SDV_20200812T111106_20200812T111135_033873_03EDAD_E282_metadata.json
2020-08-12 11:11:35,104.10731952184584,106.661641211013,9.48871289354842,11.445355661220656,-15.746724974654018,2.601560801087533,-24.75002663862359,6.7434233106845305,0.5614710878236978,40.333124626418936,dbscl-sentinel-1-2020\dbscl-sentinel-1_2020-08\S1_2020-08-12_11-11-35\S1A_IW_GRDH_1SDV_20200812T111135_20200812T111200_033873_03EDAD_3F3D_metadata.json
2020-08-16 22:53:55,102.44205071821035,104.98779466283258,9.590539680909089,11.38580520966772,-15.70917191179882,2.484590994885861,-25.2652864303269,6.153057393270744,0.5984208968674902,33.14172890546009,dbscl-sentinel-1-2020\dbscl-sentinel-1_2020-08\S1_2020-08-16_22-53-55\S1A_IW_GRDH_1SDV_20200816T225355_20200816T225419_033938_03EFF3_A9B3_metadata.json
2020-08-17 11:19:07,102.56765163605608,105.11064074677904,6.958376457478911,8.921682230674831,-16.06500760907928,2.5071586224474167,-25.777653920908108,6.352361297250546,0.5986981851598487,45.9764977912261,dbscl-sentinel-1-2020\dbscl-sentinel-1_2020-08\S1_2020-08-17_11-19-07\S1A_IW_GRDH_1SDV_20200817T111907_20200817T111932_033946_03F039_37DC_metadata.json
2020-08-17 11:19:32,102.25697138826456,104.80770401651576,8.470586353331731,10.429973255302375,-14.647640280445524,2.703144166199409,-22.609915422341057,6.685365138549986,0.4919156415028978,45.00397171865504,dbscl-sentinel-1-2020\dbscl-sentinel-1_2020-08\S1_2020-08-17_11-19-32\S1A_IW_GRDH_1SDV_20200817T111932_20200817T111957_033946_03F039_121E_metadata.json
2020-08-17 11:19:57,101.94642472676529,104.50709520977608,9.982895666615368,11.93885697358103,-14.453755631651482,2.567905312305794,-22.603716569805524,6.303794693497426,0.5592173624763827,43.8146957976504,dbscl-sentinel-1-2020\dbscl-sentinel-1_2020-08\S1_2020-08-17_11-19-57\S1A_IW_GRDH_1SDV_20200817T111957_20200817T112022_033946_03F039_A9C9_metadata.json
2020-08-18 22:37:21,106.58595537433172,109.1788590931944,9.741789076691786,11.756767982342918,-17.92813602397761,2.508313020348334,-28.892135162621237,6.964136885333658,0.6014515790055063,45.63810233304615,dbscl-sentinel-1-2020\dbscl-sentinel-1_2020-08\S1_2020-08-18_22-37-21\S1A_IW_GRDH_1SDV_20200818T223721_20200818T223749_033967_03F109_597B_metadata.json
2020-08-19 11:03:21,106.11891811029447,108.70136392929244,9.461921222370687,11.662344609103313,-15.455752691292778,2.6268968569186657,-23.793134176484852,7.118371206100707,0.5307320291084503,31.80598714518809,dbscl-sentinel-1-2020\dbscl-sentinel-1_2020-08\S1_2020-08-19_11-03-21\S1A_IW_GRDH_1SDV_20200819T110321_20200819T110350_033975_03F152_C53D_metadata.json
2020-08-23 22:45:24,104.70603925527094,107.262796365685,10.517744101986231,12.471070011982894,-15.353523302871924,2.5617225304596425,-24.23566890711091,6.471377698632945,0.5748740087501998,38.10036075673991,dbscl-sentinel-1-2020\dbscl-sentinel-1_2020-08\S1_2020-08-23_22-45-24\S1A_IW_GRDH_1SDV_20200823T224524_20200823T224549_034040_03F38B_0FFE_metadata.json
2020-08-23 22:45:49,104.40637230929546,106.95843957795384,9.005091948143715,10.962808527799378,-16.362113913745414,2.570727343306075,-25.88180539583838,6.84242243165249,0.5689080528684609,38.751779765514,dbscl-sentinel-1-2020\dbscl-sentinel-1_2020-08\S1_2020-08-23_22-45-49\S1A_IW_GRDH_1SDV_20200823T224549_20200823T224614_034040_03F38B_7099_metadata.json
2020-08-23 22:46:14,104.17492555930129,106.64779503658566,7.966289890779844,9.454272362757957,-17.594730344405203,2.5116373108457277,-28.34678985462484,6.8426708341855935,0.6018403517599118,41.00661479249451,dbscl-sentinel-1-2020\dbscl-sentinel-1_2020-08\S1_2020-08-23_22-46-14\S1A_IW_GRDH_1SDV_20200823T224614_20200823T224633_034040_03F38B_8648_metadata.json
2020-08-24 11:11:06,104.41542443985716,106.98763102452396,7.734550151439804,9.937126061702104,-17.556850155809734,2.5150477988704987,-28.20263756533578,6.911062746283671,0.5991865207296783,38.57632837898807,dbscl-sentinel-1-2020\dbscl-sentinel-1_2020-08\S1_2020-08-24_11-11-06\S1A_IW_GRDH_1SDV_20200824T111106_20200824T111136_034048_03F3D7_D1F9_metadata.json
2020-08-24 11:11:36,104.10758833131848,106.66190955432216,9.48874693007909,11.445359063407825,-16.085926746779336,2.45386714448139,-25.2339627756867,6.9378907178718565,0.559227633820435,40.33276131625435,dbscl-sentinel-1-2020\dbscl-sentinel-1_2020-08\S1_2020-08-24_11-11-36\S1A_IW_GRDH_1SDV_20200824T111136_20200824T111201_034048_03F3D7_1CB0_metadata.json
2020-08-28 22:53:56,102.44118326934938,104.98726993316969,9.590355614848198,11.385811292627402,-15.614351487532064,2.526226235810868,-25.0384505335338,6.190252441530417,0.594853012226387,33.139888628452695,dbscl-sentinel-1-2020\dbscl-sentinel-1_2020-08\S1_2020-08-28_22-53-56\S1A_IW_GRDH_1SDV_20200828T225356_20200828T225420_034113_03F620_1848_metadata.json
2020-08-29 11:19:08,102.56703793942393,105.10967007596344,6.95849214392391,8.921881699455332,-16.178396588689328,2.50690459590085,-25.971618857305288,6.385174320073274,0.5993390427233022,45.97917383632908,dbscl-sentinel-1-2020\dbscl-sentinel-1_2020-08\S1_2020-08-29_11-19-08\S1A_IW_GRDH_1SDV_20200829T111908_20200829T111933_034121_03F666_347E_metadata.json
2020-08-29 11:19:33,102.256372299739,104.80696875082712,8.470768262824583,10.430034474379598,-14.803283841553824,5.03975291958822,-22.942784112198478,6.663783570909245,0.5382253519275144,45.003020904081104,dbscl-sentinel-1-2020\dbscl-sentinel-1_2020-08\S1_2020-08-29_11-19-33\S1A_IW_GRDH_1SDV_20200829T111933_20200829T111958_034121_03F666_3F3B_metadata.json
2020-08-29 11:19:58,101.94580461872852,104.5063891171597,9.982956129916216,11.93901736780221,-14.406452452599046,2.574458772035868,-22.51925991193968,6.293644993258358,0.5583217607877711,43.81448277630607,dbscl-sentinel-1-2020\dbscl-sentinel-1_2020-08\S1_2020-08-29_11-19-58\S1A_IW_GRDH_1SDV_20200829T111958_20200829T112023_034121_03F666_DCCF_metadata.json
2020-08-30 22:37:22,106.58530098362122,109.17829176351977,9.74208827604746,11.756739974521349,-18.0269091053599,2.461183802280764,-29.71818938048182,6.335628830237731,0.6343053822516627,45.634868455275765,dbscl-sentinel-1-2020\dbscl-sentinel-1_2020-08\S1_2020-08-30_22-37-22\S1A_IW_GRDH_1SDV_20200830T223722_20200830T223750_034142_03F733_47CC_metadata.json
2020-08-31 11:03:22,106.11856039185216,108.70065915032282,9.462705784561145,11.662381988375907,-15.1272417526294,2.632261380877717,-23.38305957677758,6.871423928481268,0.5324651211716265,31.810660978089285,dbscl-sentinel-1-2020\dbscl-sentinel-1_2020-08\S1_2020-08-31_11-03-22\S1A_IW_GRDH_1SDV_20200831T110322_20200831T110351_034150_03F77B_15C7_metadata.json
2020-08-05 22:44:46,104.64457391438812,107.2009038266932,10.205083609883935,12.159477416346787,-14.998633209334992,2.593498195156606,-23.22568566265001,6.77158075601992,0.5390538501357915,38.30045817463753,dbscl-sentinel-1-2020\dbscl-sentinel-1_2020-08\S1_2020-08-05_22-44-46\S1B_IW_GRDH_1SDV_20200805T224446_20200805T224511_022794_02B42C_036E_metadata.json
2020-08-05 22:45:11,104.24227941068568,106.8942163734955,8.301078588267938,10.65118156393525,-16.570741462750423,2.588405497481174,-25.972476347012297,7.169006578488479,0.5500916221905434,39.15339930968796,dbscl-sentinel-1-2020\dbscl-sentinel-1_2020-08\S1_2020-08-05_22-45-11\S1B_IW_GRDH_1SDV_20200805T224511_20200805T224544_022794_02B42C_C236_metadata.json
2020-08-06 11:11:10,103.83438422518287,106.42406974029907,10.57110614427351,12.76614378568813,-15.185668109542153,2.6789453933796423,-22.838082298153136,7.533253920931179,0.4973888369696125,39.83878219262938,dbscl-sentinel-1-2020\dbscl-sentinel-1_2020-08\S1_2020-08-06_11-11-10\S1B_IW_GRDH_1SDV_20200806T111110_20200806T111139_022802_02B46A_F983_metadata.json
2020-08-17 22:44:47,104.64481168798748,107.20129794936716,10.205133614310936,12.159212378824636,-15.368739949523038,2.632438580677388,-24.128927981568165,6.608551917477926,0.5620328203429905,38.30441396581715,dbscl-sentinel-1-2020\dbscl-sentinel-1_2020-08\S1_2020-08-17_22-44-47\S1B_IW_GRDH_1SDV_20200817T224447_20200817T224512_022969_02B996_D0AD_metadata.json
2020-08-17 22:45:12,104.24236084856976,106.89444150130606,8.301218174551531,10.65121856098322,-16.82125455313634,2.565388717289947,-26.53614417364797,7.106364932624699,0.565286381918247,39.157411779147154,dbscl-sentinel-1-2020\dbscl-sentinel-1_2020-08\S1_2020-08-17_22-45-12\S1B_IW_GRDH_1SDV_20200817T224512_20200817T224545_022969_02B996_2B3A_metadata.json
2020-08-18 11:11:11,103.83505664905074,106.42463053950522,10.571268051017103,12.766084416774214,-15.692191326002476,2.6641341852064198,-23.769249113067403,7.615133538937434,0.5110951191157953,39.834442221471576,dbscl-sentinel-1-2020\dbscl-sentinel-1_2020-08\S1_2020-08-18_11-11-11\S1B_IW_GRDH_1SDV_20200818T111111_20200818T111140_022977_02B9D7_DE18_metadata.json
2020-08-29 22:44:47,104.64443176633782,107.20065198885705,10.205066698006988,12.159174513404071,-15.697597525282998,2.688215221027659,-24.60578417338506,6.7894108771808845,0.5600062258140668,38.298911955631326,dbscl-sentinel-1-2020\dbscl-sentinel-1_2020-08\S1_2020-08-29_22-44-47\S1B_IW_GRDH_1SDV_20200829T224447_20200829T224512_023144_02BF17_3C34_metadata.json
2020-08-29 22:45:12,104.24175033170016,106.89389741279189,8.301065397254092,10.651189122361934,-16.769689491493644,2.592596334913022,-26.521461139156653,7.017917843830607,0.5683480960540264,39.15186547673151,dbscl-sentinel-1-2020\dbscl-sentinel-1_2020-08\S1_2020-08-29_22-45-12\S1B_IW_GRDH_1SDV_20200829T224512_20200829T224546_023144_02BF17_1E2E_metadata.json
2020-08-30 11:11:12,103.83413319486978,106.42354443608606,10.571729342534946,12.766277175541193,-17.03990488448463,2.6177039698499485,-26.17581927661479,7.903990492354506,0.5419644090021547,39.83752527220187,dbscl-sentinel-1-2020\dbscl-sentinel-1_2020-08\S1_2020-08-30_11-11-12\S1B_IW_GRDH_1SDV_20200830T111112_20200830T111141_023152_02BF58_0BB3_metadata.json
2020-09-04 22:45:24,104.7064830462964,107.26288448142256,10.51762564973134,12.470967629208584,-15.128037510703152,2.567093095867312,-23.80620658330057,6.449868438105734,0.5714926012126378,38.10119004963951,dbscl-sentinel-1-2020\dbscl-sentinel-1_2020-09\S1_2020-09-04_22-45-24\S1A_IW_GRDH_1SDV_20200904T224524_20200904T224549_034215_03F9B2_ABB9_metadata.json
2020-09-04 22:45:49,104.40686388695072,106.95897796357777,9.005015220823589,10.962688505333531,-16.32184507640639,2.5149074806714022,-25.756635201023883,6.887054951789068,0.5665804376141997,38.75242414894189,dbscl-sentinel-1-2020\dbscl-sentinel-1_2020-09\S1_2020-09-04_22-45-49\S1A_IW_GRDH_1SDV_20200904T224549_20200904T224614_034215_03F9B2_40D1_metadata.json
2020-09-04 22:46:14,104.1759231944499,106.64841012757029,7.966857791580399,9.45425318136992,-17.642396809498113,2.511141493566583,-28.42738270699614,6.85741091199995,0.6022627794135542,41.00722830711683,dbscl-sentinel-1-2020\dbscl-sentinel-1_2020-09\S1_2020-09-04_22-46-14\S1A_IW_GRDH_1SDV_20200904T224614_20200904T224633_034215_03F9B2_B665_metadata.json
2020-09-05 11:11:07,104.4164013511248,106.98837406653128,7.735104010841735,9.937102599411928,-17.60999878240555,2.5160773678215094,-28.302961673688102,6.917035891123034,0.5970959450916904,38.57396529696181,dbscl-sentinel-1-2020\dbscl-sentinel-1_2020-09\S1_2020-09-05_11-11-07\S1A_IW_GRDH_1SDV_20200905T111107_20200905T111136_034223_03F9FF_4BA5_metadata.json
2020-09-05 11:11:36,104.10845582809569,106.662705680396,9.488793252877889,11.445392844543637,-16.16835436965627,2.578454463825864,-25.231751529688555,7.104957209624029,0.5527229228149283,40.33058543000181,dbscl-sentinel-1-2020\dbscl-sentinel-1_2020-09\S1_2020-09-05_11-11-36\S1A_IW_GRDH_1SDV_20200905T111136_20200905T111201_034223_03F9FF_CBAE_metadata.json
2020-09-09 22:53:56,102.44199124378738,104.987938816694,9.591225531415748,11.38587027248998,-15.09191117346093,2.5324336959336056,-24.10242180154049,6.081400545381328,0.5882497830617665,33.136366127091215,dbscl-sentinel-1-2020\dbscl-sentinel-1_2020-09\S1_2020-09-09_22-53-56\S1A_IW_GRDH_1SDV_20200909T225356_20200909T225421_034288_03FC3E_8E3F_metadata.json
2020-09-10 11:19:08,102.5674565556477,105.11007904171753,6.958704241014831,8.92194035896273,-16.18039919908955,2.489192071808652,-26.164110780991773,6.196687617187327,0.6103231520936419,45.98030389338169,dbscl-sentinel-1-2020\dbscl-sentinel-1_2020-09\S1_2020-09-10_11-19-08\S1A_IW_GRDH_1SDV_20200910T111908_20200910T111933_034296_03FC84_742A_metadata.json
2020-09-10 11:19:33,102.25654536360398,104.80714960609744,8.470869426283727,10.43023401810676,-14.71704526294216,2.6220624453201213,-22.81572671829088,6.618363807593468,0.5381384038228042,45.00571557909452,dbscl-sentinel-1-2020\dbscl-sentinel-1_2020-09\S1_2020-09-10_11-19-33\S1A_IW_GRDH_1SDV_20200910T111933_20200910T111958_034296_03FC84_BD82_metadata.json
2020-09-10 11:19:58,101.94595786048131,104.50648607694244,9.98316600110981,11.939238881744116,-14.325208227717503,2.5622022212095774,-22.405715023851798,6.244701431583226,0.5587858310706129,43.81664798766754,dbscl-sentinel-1-2020\dbscl-sentinel-1_2020-09\S1_2020-09-10_11-19-58\S1A_IW_GRDH_1SDV_20200910T111958_20200910T112023_034296_03FC84_3B15_metadata.json
2020-09-11 22:37:23,106.58528030069874,109.17843774673096,9.742062637618156,11.756678405291716,-18.090403713680548,2.447552724064811,-29.94765310266972,6.233154324691072,0.6426516177065007,45.63277696100256,dbscl-sentinel-1-2020\dbscl-sentinel-1_2020-09\S1_2020-09-11_22-37-23\S1A_IW_GRDH_1SDV_20200911T223723_20200911T223751_034317_03FD53_BFF5_metadata.json
2020-09-12 11:03:22,106.11825659636683,108.70025433574038,9.463559907907037,11.6625259553126,-15.511157429431476,2.604466618607772,-24.075134456904827,6.947180401958045,0.5414457030714707,31.81391290160289,dbscl-sentinel-1-2020\dbscl-sentinel-1_2020-09\S1_2020-09-12_11-03-22\S1A_IW_GRDH_1SDV_20200912T110322_20200912T110351_034325_03FD9C_2F10_metadata.json
2020-09-16 22:45:25,104.70659588528524,107.26329159998365,10.517591094706829,12.470914764559032,-15.159367536554653,2.703453330530448,-23.785285894148757,6.533449178960863,0.5658734500621004,38.10167259316356,dbscl-sentinel-1-2020\dbscl-sentinel-1_2020-09\S1_2020-09-16_22-45-25\S1A_IW_GRDH_1SDV_20200916T224525_20200916T224550_034390_03FFD9_F462_metadata.json
2020-09-16 22:45:50,104.40695873897994,106.95912199568006,9.005025405977314,10.962648458135574,-16.154783532849727,2.584026278707582,-25.291192618095117,7.018374447604428,0.5581222948997319,38.75264655743734,dbscl-sentinel-1-2020\dbscl-sentinel-1_2020-09\S1_2020-09-16_22-45-50\S1A_IW_GRDH_1SDV_20200916T224550_20200916T224615_034390_03FFD9_D457_metadata.json
2020-09-16 22:46:15,104.1752387438067,106.64860055606177,7.965624450617994,9.454258045894443,-17.245927365411646,2.5276976419998367,-27.637478446054363,6.8543762847689145,0.59707627194326,41.00757306984773,dbscl-sentinel-1-2020\dbscl-sentinel-1_2020-09\S1_2020-09-16_22-46-15\S1A_IW_GRDH_1SDV_20200916T224615_20200916T224634_034390_03FFD9_A3B5_metadata.json
2020-09-17 11:11:07,104.41667979733508,106.98878450636204,7.734584080149883,9.9367782130438,-17.001729514069535,2.580985822894052,-26.65301324007641,7.350445788062746,0.5608188581666421,38.570618667974486,dbscl-sentinel-1-2020\dbscl-sentinel-1_2020-09\S1_2020-09-17_11-11-07\S1A_IW_GRDH_1SDV_20200917T111107_20200917T111136_034398_04001E_601A_metadata.json
2020-09-17 11:11:36,104.10864717797078,106.66304041404528,9.488785588966069,11.44532806317716,-15.692756923293476,2.6173277612047,-24.310164865826803,7.075348980760079,0.5414602378210271,40.32843217510912,dbscl-sentinel-1-2020\dbscl-sentinel-1_2020-09\S1_2020-09-17_11-11-36\S1A_IW_GRDH_1SDV_20200917T111136_20200917T111201_034398_04001E_C835_metadata.json
2020-09-21 22:53:57,102.44207721932356,104.98788140475104,9.590900099108245,11.38592623397817,-15.19327354402791,2.5373664686326034,-24.05897068088158,6.3275764071743765,0.5724737657270423,33.13683119122315,dbscl-sentinel-1-2020\dbscl-sentinel-1_2020-09\S1_2020-09-21_22-53-57\S1A_IW_GRDH_1SDV_20200921T225357_20200921T225421_034463_040284_5179_metadata.json
2020-09-22 11:19:09,102.56728537899072,105.1101506822021,6.958616988584442,8.92197793931178,-15.918903048385785,2.4957971594918185,-25.692760030535005,6.145046066236719,0.6068981955850571,45.97927180835964,dbscl-sentinel-1-2020\dbscl-sentinel-1_2020-09\S1_2020-09-22_11-19-09\S1A_IW_GRDH_1SDV_20200922T111909_20200922T111934_034471_0402CA_BA74_metadata.json
2020-09-22 11:19:34,102.25689253996154,104.8072827320947,8.470887162197805,10.43026917600741,-14.453473245445672,2.6337684145365663,-22.38774196916702,6.519204521724292,0.5357823537121108,45.00502398542642,dbscl-sentinel-1-2020\dbscl-sentinel-1_2020-09\S1_2020-09-22_11-19-34\S1A_IW_GRDH_1SDV_20200922T111934_20200922T111959_034471_0402CA_08FC_metadata.json
2020-09-22 11:19:59,101.94602908314342,104.50663689352152,9.983223679486294,11.93916826842729,-14.011753918745942,2.573945371813664,-21.92269146764079,6.100816369851099,0.5597534541265039,43.81570060376357,dbscl-sentinel-1-2020\dbscl-sentinel-1_2020-09\S1_2020-09-22_11-19-59\S1A_IW_GRDH_1SDV_20200922T111959_20200922T112024_034471_0402CA_1038_metadata.json
2020-09-23 22:37:23,106.58544405554386,109.17838594037777,9.74287837057271,11.756752695262794,-17.662391257527116,2.4579308449487898,-29.14511139952593,6.179671115527894,0.6369194491450886,45.63258674532238,dbscl-sentinel-1-2020\dbscl-sentinel-1_2020-09\S1_2020-09-23_22-37-23\S1A_IW_GRDH_1SDV_20200923T223723_20200923T223751_034492_040386_01DF_metadata.json
2020-09-24 11:03:23,106.117889009843,108.70004282097425,9.46291056844962,11.6625094684434,-15.09988656769687,2.6407645250554768,-23.28025713320112,6.919516002192635,0.5276889003179713,31.81340965294685,dbscl-sentinel-1-2020\dbscl-sentinel-1_2020-09\S1_2020-09-24_11-03-23\S1A_IW_GRDH_1SDV_20200924T110323_20200924T110352_034500_0403C8_B8A7_metadata.json
2020-09-28 22:45:25,104.70625327504634,107.263008673257,10.51769785157921,12.4710253204514,-16.17073809294789,2.618656278423432,-25.046952126853665,7.294524059042102,0.5430621176510495,38.10053796538915,dbscl-sentinel-1-2020\dbscl-sentinel-1_2020-09\S1_2020-09-28_22-45-25\S1A_IW_GRDH_1SDV_20200928T224525_20200928T224550_034565_040609_4FBB_metadata.json
2020-09-28 22:45:50,104.40661485625856,106.95873565836612,9.005100917974334,10.96276073615571,-16.530764923700392,2.5959127593676468,-25.952267609368764,7.109262238031934,0.5541721998178102,38.75183638155077,dbscl-sentinel-1-2020\dbscl-sentinel-1_2020-09\S1_2020-09-28_22-45-50\S1A_IW_GRDH_1SDV_20200928T224550_20200928T224615_034565_040609_1923_metadata.json
2020-09-28 22:46:15,104.17521897024592,106.64812920762,7.967106185843626,9.454408686535894,-17.17833041024707,2.533338529126447,-27.48635340590613,6.87030741458818,0.5900744121266478,41.00653603377931,dbscl-sentinel-1-2020\dbscl-sentinel-1_2020-09\S1_2020-09-28_22-46-15\S1A_IW_GRDH_1SDV_20200928T224615_20200928T224634_034565_040609_94AB_metadata.json
2020-09-29 11:11:08,104.41619360483718,106.98851622493382,7.734163731374154,9.936860762304018,-17.74150585783095,2.559621814351887,-28.15839427657827,7.32461743908362,0.5769607714447144,38.57085486450411,dbscl-sentinel-1-2020\dbscl-sentinel-1_2020-09\S1_2020-09-29_11-11-08\S1A_IW_GRDH_1SDV_20200929T111108_20200929T111137_034573_040655_BCFC_metadata.json
2020-09-29 11:11:37,104.1082191005643,106.66268355075064,9.488817085295938,11.445420535872405,-16.29478241212587,2.588513334214629,-25.33120009115875,7.258364733093042,0.5416406631304751,40.32999393480384,dbscl-sentinel-1-2020\dbscl-sentinel-1_2020-09\S1_2020-09-29_11-11-37\S1A_IW_GRDH_1SDV_20200929T111137_20200929T111202_034573_040655_D907_metadata.json
2020-09-10 22:44:48,104.6442419392982,107.200590674994,10.20499219216624,12.159539278962686,-15.19737872519196,2.6214442290618267,-23.666828504478534,6.7279289459054,0.549629450108777,38.297057188280704,dbscl-sentinel-1-2020\dbscl-sentinel-1_2020-09\S1_2020-09-10_22-44-48\S1B_IW_GRDH_1SDV_20200910T224448_20200910T224513_023319_02C490_A250_metadata.json
2020-09-10 22:45:13,104.2417809373228,106.89401168748196,8.300896026925756,10.651158208324366,-16.467816883781804,2.5826229797385265,-25.97803277677718,6.957600990786512,0.551933752646751,39.15014055069908,dbscl-sentinel-1-2020\dbscl-sentinel-1_2020-09\S1_2020-09-10_22-45-13\S1B_IW_GRDH_1SDV_20200910T224513_20200910T224546_023319_02C490_CC47_metadata.json
2020-09-11 11:11:12,103.83387517723448,106.42334126969124,10.57146013186156,12.766349054654851,-16.572387297845832,2.6353060105661,-25.324285317745797,7.820489277945826,0.5211120631925272,39.840009624873296,dbscl-sentinel-1-2020\dbscl-sentinel-1_2020-09\S1_2020-09-11_11-11-12\S1B_IW_GRDH_1SDV_20200911T111112_20200911T111141_023327_02C4D3_3A95_metadata.json
2020-09-22 22:44:48,104.64447481992605,107.2009897563827,10.20504218393443,12.15927607212304,-16.0297559517563,2.6489616627927486,-24.61745742068122,7.442054482831537,0.5252032363106649,38.29878904601939,dbscl-sentinel-1-2020\dbscl-sentinel-1_2020-09\S1_2020-09-22_22-44-48\S1B_IW_GRDH_1SDV_20200922T224448_20200922T224513_023494_02CA0F_9116_metadata.json
2020-09-22 22:45:13,104.24238542188372,106.89425527556536,8.301336382919693,10.65119747684004,-16.803571294533928,2.5917682019617416,-26.386956988595387,7.220185600472487,0.555029588677344,39.151907843712806,dbscl-sentinel-1-2020\dbscl-sentinel-1_2020-09\S1_2020-09-22_22-45-13\S1B_IW_GRDH_1SDV_20200922T224513_20200922T224547_023494_02CA0F_11DF_metadata.json
2020-09-23 11:11:13,103.83422713216298,106.4234198944335,10.571263868326596,12.766354726757694,-17.14326563312653,2.7405920086556628,-25.351273008686587,8.935258257566513,0.4730867855259806,39.83992916574613,dbscl-sentinel-1-2020\dbscl-sentinel-1_2020-09\S1_2020-09-23_11-11-13\S1B_IW_GRDH_1SDV_20200923T111113_20200923T111142_023502_02CA49_50B5_metadata.json
2020-10-03 22:53:57,102.44216914237484,104.98794425478286,9.591359859763434,11.385840559323718,-15.254955086723887,2.582875549027296,-23.92659470521057,6.583315468237155,0.5571322540786436,33.1369677649329,dbscl-sentinel-1-2020\dbscl-sentinel-1_2020-10\S1_2020-10-03_22-53-57\S1A_IW_GRDH_1SDV_20201003T225357_20201003T225421_034638_0408A5_38B1_metadata.json
2020-10-04 11:19:09,102.567562676547,105.11020510401082,6.958531889491118,8.921905716734548,-15.771635914036436,2.4920226206310643,-25.48345344418187,6.059818383890947,0.6088768111296404,45.97828008085075,dbscl-sentinel-1-2020\dbscl-sentinel-1_2020-10\S1_2020-10-04_11-19-09\S1A_IW_GRDH_1SDV_20201004T111909_20201004T111934_034646_0408ED_C1D6_metadata.json
2020-10-04 11:19:34,102.25690074786644,104.80761247543748,8.4710382203909,10.43009675318321,-14.582252976940104,2.632655077105858,-22.617824918415803,6.546681035464347,0.5388440409813815,45.00523183774845,dbscl-sentinel-1-2020\dbscl-sentinel-1_2020-10\S1_2020-10-04_11-19-34\S1A_IW_GRDH_1SDV_20201004T111934_20201004T111959_034646_0408ED_5A42_metadata.json
2020-10-04 11:19:59,101.94632468381864,104.50694261528038,9.983041002962969,11.939073782493118,-14.237565425850075,2.561324754625117,-22.339517454955285,6.135613396744837,0.5642377760969348,43.81615209372827,dbscl-sentinel-1-2020\dbscl-sentinel-1_2020-10\S1_2020-10-04_11-19-59\S1A_IW_GRDH_1SDV_20201004T111959_20201004T112024_034646_0408ED_1109_metadata.json
2020-10-05 22:37:23,106.58512454936384,109.178310362994,9.742114151287906,11.756720170914567,-17.177033187434887,2.4974463140121985,-27.934810484328334,6.419255890541371,0.6130685687834776,45.63260414923367,dbscl-sentinel-1-2020\dbscl-sentinel-1_2020-10\S1_2020-10-05_22-37-23\S1A_IW_GRDH_1SDV_20201005T223723_20201005T223751_034667_0409AB_FA4F_metadata.json
2020-10-06 11:03:23,106.117889009843,108.70024436717546,9.46242932777084,11.662286968527392,-15.27058923749648,2.621442163898746,-23.69982362094383,6.841354854048931,0.5396843833939415,31.81238465988669,dbscl-sentinel-1-2020\dbscl-sentinel-1_2020-10\S1_2020-10-06_11-03-23\S1A_IW_GRDH_1SDV_20201006T110323_20201006T110352_034675_0409F4_0C14_metadata.json
2020-10-10 22:45:25,104.70551056985764,107.2622699266612,10.517435825764313,12.47111086427735,-17.12039443943349,2.576713068696752,-27.045325917050093,7.195462961816947,0.5636091522294155,38.09515384930452,dbscl-sentinel-1-2020\dbscl-sentinel-1_2020-10\S1_2020-10-10_22-45-25\S1A_IW_GRDH_1SDV_20201010T224525_20201010T224550_034740_040C29_48B6_metadata.json
2020-10-10 22:45:50,104.40591847844632,106.95799280080152,9.005161541983092,10.962639711843892,-17.069713697070352,2.6671550815234566,-26.90914476941074,7.23028262473009,0.5594277684155835,38.74687034288144,dbscl-sentinel-1-2020\dbscl-sentinel-1_2020-10\S1_2020-10-10_22-45-50\S1A_IW_GRDH_1SDV_20201010T224550_20201010T224615_034740_040C29_1DBA_metadata.json
2020-10-10 22:46:15,104.17401402961278,106.64705500473848,7.965909426549071,9.454461397719626,-17.242355890777546,2.5440549543134896,-27.498113360616,6.986598420939032,0.5863305951649668,41.00163649206926,dbscl-sentinel-1-2020\dbscl-sentinel-1_2020-10\S1_2020-10-10_22-46-15\S1A_IW_GRDH_1SDV_20201010T224615_20201010T224635_034740_040C29_17E7_metadata.json
2020-10-11 11:11:08,104.41493905085898,106.98706527637135,7.734198098688716,9.936948123889056,-17.493794221104935,2.5812199744236763,-27.465212099703297,7.522376342506631,0.5610445957885514,38.578989276276126,dbscl-sentinel-1-2020\dbscl-sentinel-1_2020-10\S1_2020-10-11_11-11-08\S1A_IW_GRDH_1SDV_20201011T111108_20201011T111137_034748_040C75_60C5_metadata.json
2020-10-11 11:11:37,104.10726537004908,106.66144699291368,9.488842621963906,11.445522422826388,-16.822223850604733,2.601587090395069,-26.43481029424198,7.209637406967541,0.5540080751597504,40.33558304176612,dbscl-sentinel-1-2020\dbscl-sentinel-1_2020-10\S1_2020-10-11_11-11-37\S1A_IW_GRDH_1SDV_20201011T111137_20201011T111202_034748_040C75_D9AF_metadata.json
2020-10-15 22:53:57,102.44196955312324,104.98789522284105,9.590694134500025,11.385817888580196,-15.94901196299163,2.531408863829109,-25.19224731675949,6.705776609223863,0.5622620813244712,33.13797954507745,dbscl-sentinel-1-2020\dbscl-sentinel-1_2020-10\S1_2020-10-15_22-53-57\S1A_IW_GRDH_1SDV_20201015T225357_20201015T225421_034813_040EBA_7028_metadata.json
2020-10-16 11:19:09,102.56778332427446,105.11042618164218,6.958433272479688,8.921817022990659,-15.638798015377034,2.52744905250454,-24.94776831985369,6.329827710900504,0.5878132043514026,45.9767814118576,dbscl-sentinel-1-2020\dbscl-sentinel-1_2020-10\S1_2020-10-16_11-19-09\S1A_IW_GRDH_1SDV_20201016T111909_20201016T111934_034821_040F00_0CB5_metadata.json
2020-10-16 11:19:34,102.257125592306,104.80791247747857,8.470718669139345,10.430001124574911,-13.863083648281137,2.696069666281767,-21.16321372191361,6.562953574648601,0.5058739603748837,45.00507182552554,dbscl-sentinel-1-2020\dbscl-sentinel-1_2020-10\S1_2020-10-16_11-19-34\S1A_IW_GRDH_1SDV_20201016T111934_20201016T111959_034821_040F00_9F2A_metadata.json
2020-10-16 11:19:59,101.94655341574104,104.50723367364088,9.98303656961352,11.9389534851611,-13.533005537240742,2.5940027239909824,-20.974475517123015,6.091535557358528,0.5436881937961635,43.81551746902565,dbscl-sentinel-1-2020\dbscl-sentinel-1_2020-10\S1_2020-10-16_11-19-59\S1A_IW_GRDH_1SDV_20201016T111959_20201016T112024_034821_040F00_4EF8_metadata.json
2020-10-17 22:37:23,106.58567822249154,109.17865558752123,9.742850105289868,11.756690809519172,-16.856242739478773,2.524517614797232,-27.06725950965356,6.6452259693040725,0.5930402608999359,45.634519849800455,dbscl-sentinel-1-2020\dbscl-sentinel-1_2020-10\S1_2020-10-17_22-37-23\S1A_IW_GRDH_1SDV_20201017T223723_20201017T223751_034842_040FCF_6876_metadata.json
2020-10-18 11:03:23,106.11849498516476,108.70086441241682,9.46255347028458,11.662207280168944,-15.371895652729975,2.625111323685905,-23.897504403894448,6.846286901565696,0.531462030800549,31.808865454203584,dbscl-sentinel-1-2020\dbscl-sentinel-1_2020-10\S1_2020-10-18_11-03-23\S1A_IW_GRDH_1SDV_20201018T110323_20201018T110352_034850_041018_553C_metadata.json
2020-10-22 22:45:25,104.70628771401512,107.26274712189849,10.517428683316387,12.47109171660619,-18.73232033782348,2.510086020542998,-30.76648877288319,6.69815190276356,0.619728494429587,38.100703309959,dbscl-sentinel-1-2020\dbscl-sentinel-1_2020-10\S1_2020-10-22_22-45-25\S1A_IW_GRDH_1SDV_20201022T224525_20201022T224550_034915_04123B_0C80_metadata.json
2020-10-22 22:45:50,104.40666112762136,106.95873691943346,9.005154222588844,10.962842856054774,-17.60118258014245,2.553766261782142,-28.18584686395706,7.016518296327882,0.5800684242612457,38.75209890501999,dbscl-sentinel-1-2020\dbscl-sentinel-1_2020-10\S1_2020-10-22_22-45-50\S1A_IW_GRDH_1SDV_20201022T224550_20201022T224615_034915_04123B_2597_metadata.json
2020-10-22 22:46:15,104.17538735594792,106.64809034840472,7.967198768871531,9.454396605982511,-17.4212237971508,2.541868098668788,-27.69171417676629,7.150733417535325,0.5814319473095412,41.00677877778169,dbscl-sentinel-1-2020\dbscl-sentinel-1_2020-10\S1_2020-10-22_22-46-15\S1A_IW_GRDH_1SDV_20201022T224615_20201022T224634_034915_04123B_92AD_metadata.json
2020-10-23 11:11:08,104.41553404118063,106.98752814474229,7.735795607880594,9.937131442495172,-18.059272446230725,2.5397405243895523,-28.750545791245724,7.367999101215741,0.581657371529662,38.577793998446246,dbscl-sentinel-1-2020\dbscl-sentinel-1_2020-10\S1_2020-10-23_11-11-08\S1A_IW_GRDH_1SDV_20201023T111108_20201023T111137_034923_041288_5482_metadata.json
2020-10-23 11:11:37,104.10786290215646,106.66204224179944,9.488726943982051,11.445174276186965,-17.941960370258588,2.55554204328365,-29.121084180434064,6.76283656008317,0.5989690706060138,40.33096391799298,dbscl-sentinel-1-2020\dbscl-sentinel-1_2020-10\S1_2020-10-23_11-11-37\S1A_IW_GRDH_1SDV_20201023T111137_20201023T111202_034923_041288_182B_metadata.json
2020-10-27 22:53:57,102.44213450722974,104.98793106073158,9.590298071442575,11.385798664733237,-17.000308576323015,2.5977193694645555,-26.92390222272888,7.076714929917291,0.5715455325333495,33.13846188856978,dbscl-sentinel-1-2020\dbscl-sentinel-1_2020-10\S1_2020-10-27_22-53-57\S1A_IW_GRDH_1SDV_20201027T225357_20201027T225421_034988_0414C6_C506_metadata.json
2020-10-28 11:19:09,102.5676533872282,105.11067723626265,6.958485490304343,8.921866491884904,-15.28088300672098,2.5750680930496728,-23.87188636613033,6.689879647311562,0.5578574848064599,45.97613793015229,dbscl-sentinel-1-2020\dbscl-sentinel-1_2020-10\S1_2020-10-28_11-19-09\S1A_IW_GRDH_1SDV_20201028T111909_20201028T111934_034996_041508_AD8E_metadata.json
2020-10-28 11:19:34,102.2569836128127,104.80757284920914,8.470756596042028,10.430047646586065,-14.534199655869251,2.571790310566338,-22.46997752252877,6.59842178920978,0.5343175057223596,45.00357380038715,dbscl-sentinel-1-2020\dbscl-sentinel-1_2020-10\S1_2020-10-28_11-19-34\S1A_IW_GRDH_1SDV_20201028T111934_20201028T111959_034996_041508_703D_metadata.json
2020-10-28 11:19:59,101.94640435247616,104.50708774446224,9.982975627998451,11.938932416084535,-14.2711552691172,2.5671175619149884,-22.33900196660236,6.203308571632044,0.5607117128391864,43.81436720253797,dbscl-sentinel-1-2020\dbscl-sentinel-1_2020-10\S1_2020-10-28_11-19-59\S1A_IW_GRDH_1SDV_20201028T111959_20201028T112024_034996_041508_7209_metadata.json
2020-10-29 22:37:32,106.61861322954437,109.06712920111062,9.90824455441608,11.2147374641727,-16.75541042918351,2.529477837714606,-27.049159310647244,6.461661547719877,0.5936667196079052,45.63583098683723,dbscl-sentinel-1-2020\dbscl-sentinel-1_2020-10\S1_2020-10-29_22-37-32\S1A_IW_GRDH_1SDV_20201029T223732_20201029T223749_035017_0415C3_1BD9_metadata.json
2020-10-30 11:03:23,106.11862274804226,108.7008306098656,9.463364985608424,11.662420346475768,-15.59308170599657,2.6192863542032234,-24.340577568775625,6.845585843217595,0.5452005186642453,31.807980707959555,dbscl-sentinel-1-2020\dbscl-sentinel-1_2020-10\S1_2020-10-30_11-03-23\S1A_IW_GRDH_1SDV_20201030T110323_20201030T110352_035025_041602_EE0E_metadata.json
2020-10-04 22:44:48,104.64490758032584,107.2010215855408,10.205016277181318,12.15922846387452,-16.647780330978748,2.6143910943891067,-25.984150033488145,7.311410628469334,0.5437366642850657,38.301448299022034,dbscl-sentinel-1-2020\dbscl-sentinel-1_2020-10\S1_2020-10-04_22-44-48\S1B_IW_GRDH_1SDV_20201004T224448_20201004T224513_023669_02CF8B_F8EB_metadata.json
2020-10-04 22:45:13,104.24228136235556,106.89462421519958,8.300648112554612,10.6511197716987,-16.895741108595704,2.5867695374077844,-26.594725184758357,7.196757032433159,0.5597108263693236,39.154649716760616,dbscl-sentinel-1-2020\dbscl-sentinel-1_2020-10\S1_2020-10-04_22-45-13\S1B_IW_GRDH_1SDV_20201004T224513_20201004T224547_023669_02CF8B_4274_metadata.json
2020-10-05 11:11:13,103.8345177013208,106.42394178376225,10.571501189112189,12.766319647391748,-16.995437030802943,2.731704713320377,-25.2507732508604,8.740100810745538,0.4759401414324988,39.83490291675277,dbscl-sentinel-1-2020\dbscl-sentinel-1_2020-10\S1_2020-10-05_11-11-13\S1B_IW_GRDH_1SDV_20201005T111113_20201005T111142_023677_02CFCF_4B82_metadata.json
2020-10-16 22:44:48,104.64551326903953,107.20155763246272,10.205029951504224,12.159431026844944,-17.458709094477793,2.624736666655737,-27.21294349736342,7.704474691592047,0.5413200242573435,38.30574380274308,dbscl-sentinel-1-2020\dbscl-sentinel-1_2020-10\S1_2020-10-16_22-44-48\S1B_IW_GRDH_1SDV_20201016T224448_20201016T224513_023844_02D4F4_B67B_metadata.json
2020-10-16 22:45:13,104.2429930139325,106.89517100698166,8.30101929252769,10.65112410350873,-17.34931188559477,2.609824812985676,-27.30168694837202,7.396936822817632,0.5547221229300524,39.1590036375703,dbscl-sentinel-1-2020\dbscl-sentinel-1_2020-10\S1_2020-10-16_22-45-13\S1B_IW_GRDH_1SDV_20201016T224513_20201016T224547_023844_02D4F4_C577_metadata.json
2020-10-17 11:11:13,103.83544522700464,106.42512861960728,10.571641280461249,12.766182212969843,-18.763077505903183,2.5733934009663577,-29.66836925069041,7.857785761116097,0.5615891983714445,39.82964238215023,dbscl-sentinel-1-2020\dbscl-sentinel-1_2020-10\S1_2020-10-17_11-11-13\S1B_IW_GRDH_1SDV_20201017T111113_20201017T111142_023852_02D534_F317_metadata.json
2020-10-28 22:44:47,104.6674762447592,107.22452218489204,10.318593568970774,12.27280285925619,-18.44758845602707,2.565738702114927,-29.460032500805152,7.435144411249077,0.5769318045361459,38.05104443906512,dbscl-sentinel-1-2020\dbscl-sentinel-1_2020-10\S1_2020-10-28_22-44-47\S1B_IW_GRDH_1SDV_20201028T224447_20201028T224512_024019_02DA78_7857_metadata.json
2020-10-28 22:45:12,104.36748214030315,106.918316207074,8.806250616146972,10.764460040660566,-17.66081853866889,2.56813224285131,-27.97122560946508,7.350411467872703,0.5630713293904842,38.97535685735643,dbscl-sentinel-1-2020\dbscl-sentinel-1_2020-10\S1_2020-10-28_22-45-12\S1B_IW_GRDH_1SDV_20201028T224512_20201028T224537_024019_02DA78_A850_metadata.json
2020-10-28 22:45:37,103.97501464039526,106.60768044153971,6.9656682304807385,9.256005165372851,-17.27727856849659,2.5523954309403614,-27.55006205156443,7.004495085428686,0.58947603953825,41.27504447311329,dbscl-sentinel-1-2020\dbscl-sentinel-1_2020-10\S1_2020-10-28_22-45-37\S1B_IW_GRDH_1SDV_20201028T224537_20201028T224609_024019_02DA78_0727_metadata.json
2020-10-29 11:10:15,104.55350208174252,107.1224826396429,7.068093433772399,9.271465595830524,-16.240373582081883,2.51120002979348,-26.153832052998983,6.326915111164791,0.5997391827388644,35.55376393914043,dbscl-sentinel-1-2020\dbscl-sentinel-1_2020-10\S1_2020-10-29_11-10-15\S1B_IW_GRDH_1SDV_20201029T111015_20201029T111044_024027_02DAB5_43D6_metadata.json
2020-10-29 11:10:44,104.24286331601272,106.79581406092512,8.821274758098527,10.77972656925328,-17.42736654450818,2.576903343294452,-27.544413838339896,7.310319250676572,0.560088944197875,39.69308136607521,dbscl-sentinel-1-2020\dbscl-sentinel-1_2020-10\S1_2020-10-29_11-10-44\S1B_IW_GRDH_1SDV_20201029T111044_20201029T111109_024027_02DAB5_6156_metadata.json
2020-10-29 11:11:09,103.9367544131539,106.49552827996884,10.33359838916072,12.288004249575124,-19.132846759068727,2.460953632379458,-30.82291253400342,7.442780984133953,0.596232237602644,39.98029634148239,dbscl-sentinel-1-2020\dbscl-sentinel-1_2020-10\S1_2020-10-29_11-11-09\S1B_IW_GRDH_1SDV_20201029T111109_20201029T111134_024027_02DAB5_C88D_metadata.json
2020-11-03 22:45:25,104.70592392498727,107.26272755065268,10.5177057394576,12.471037761335968,-18.4231873282952,2.4125449283021965,-30.40631884676966,6.4400558098209695,0.6270550279399336,38.09915694050699,dbscl-sentinel-1-2020\dbscl-sentinel-1_2020-11\S1_2020-11-03_22-45-25\S1A_IW_GRDH_1SDV_20201103T224525_20201103T224550_035090_041845_8156_metadata.json
2020-11-03 22:45:50,104.40623473889612,106.95830464395732,9.005107268059577,10.962765290221204,-17.690171728229362,2.5374706007194674,-28.336414701735954,7.043928754722855,0.5799265890350345,38.75062793369133,dbscl-sentinel-1-2020\dbscl-sentinel-1_2020-11\S1_2020-11-03_22-45-50\S1A_IW_GRDH_1SDV_20201103T224550_20201103T224615_035090_041845_5E22_metadata.json
2020-11-03 22:46:15,104.17513819128844,106.6476667654178,7.967852243981575,9.454283491812271,-17.713868521994485,2.5798636610939645,-28.22681902747173,7.200918016517212,0.5860780105061727,41.00572809576694,dbscl-sentinel-1-2020\dbscl-sentinel-1_2020-11\S1_2020-11-03_22-46-15\S1A_IW_GRDH_1SDV_20201103T224615_20201103T224634_035090_041845_95B4_metadata.json
2020-11-04 11:11:08,104.41565589947392,106.98771291397968,7.735269225883655,9.937037454363129,-17.869651888755776,2.565095127639661,-28.27676450564152,7.462539271870155,0.5729214331169614,38.57461334579095,dbscl-sentinel-1-2020\dbscl-sentinel-1_2020-11\S1_2020-11-04_11-11-08\S1A_IW_GRDH_1SDV_20201104T111108_20201104T111137_035098_04188D_FC25_metadata.json
2020-11-04 11:11:37,104.10801693858065,106.66225508167724,9.488655602559636,11.445272920045191,-17.879571981744046,2.5195412416824707,-28.95209863803322,6.807045325454869,0.5970668373901223,40.329992187657936,dbscl-sentinel-1-2020\dbscl-sentinel-1_2020-11\S1_2020-11-04_11-11-37\S1A_IW_GRDH_1SDV_20201104T111137_20201104T111202_035098_04188D_C16E_metadata.json
2020-11-08 22:53:57,102.44192276077725,104.9876450710214,9.591109566068583,11.385899028999711,-17.495381492207148,2.547651354344431,-28.22737475144197,6.763388232972263,0.5948772478189878,33.13879992725828,dbscl-sentinel-1-2020\dbscl-sentinel-1_2020-11\S1_2020-11-08_22-53-57\S1A_IW_GRDH_1SDV_20201108T225357_20201108T225421_035163_041ACA_188A_metadata.json
2020-11-09 11:19:09,102.56721147978628,105.11026889353086,6.958475205054141,8.921819673599177,-15.985791259968746,2.516380501954665,-25.63201708524206,6.339565434695439,0.5945296031109804,45.97683962530953,dbscl-sentinel-1-2020\dbscl-sentinel-1_2020-11\S1_2020-11-09_11-19-09\S1A_IW_GRDH_1SDV_20201109T111909_20201109T111934_035171_041B12_15AA_metadata.json
2020-11-09 11:19:34,102.2567854879809,104.80734203775944,8.47068002197241,10.43008503677174,-14.836754372449684,2.373763436027679,-23.010890297457205,6.662618447442139,0.5392189117086168,45.00154193061128,dbscl-sentinel-1-2020\dbscl-sentinel-1_2020-11\S1_2020-11-09_11-19-34\S1A_IW_GRDH_1SDV_20201109T111934_20201109T111959_035171_041B12_9C21_metadata.json
2020-11-09 11:19:59,101.94590544481164,104.5065992115806,9.982986163302495,11.93896659630242,-14.410605447047397,2.5791757321750346,-22.522940176444727,6.298270717650027,0.5577760938168318,43.81244545845572,dbscl-sentinel-1-2020\dbscl-sentinel-1_2020-11\S1_2020-11-09_11-19-59\S1A_IW_GRDH_1SDV_20201109T111959_20201109T112024_035171_041B12_6B94_metadata.json
2020-11-10 22:37:23,106.58569072219368,109.17863535490696,9.742889312137256,11.756796438255114,-17.81192976734487,2.506044561992634,-28.77263789964682,6.851221635043128,0.6031834425560789,45.63471124399136,dbscl-sentinel-1-2020\dbscl-sentinel-1_2020-11\S1_2020-11-10_22-37-23\S1A_IW_GRDH_1SDV_20201110T223723_20201110T223751_035192_041BDE_5DC1_metadata.json
2020-11-11 11:03:23,106.11836426157647,108.70063377576712,9.46372579749698,11.66229273047088,-15.663143322883885,2.624879366520773,-24.24903224998836,7.077254395779346,0.5352196991406708,31.80789640753541,dbscl-sentinel-1-2020\dbscl-sentinel-1_2020-11\S1_2020-11-11_11-03-23\S1A_IW_GRDH_1SDV_20201111T110323_20201111T110352_035200_041C25_E79C_metadata.json
2020-11-15 22:45:25,104.70592392498726,107.2627280917931,10.517714340777935,12.47104635591853,-18.441956546627253,2.519095432281349,-30.32558488398613,6.5583282092681845,0.6262282491487116,38.09892816563226,dbscl-sentinel-1-2020\dbscl-sentinel-1_2020-11\S1_2020-11-15_22-45-25\S1A_IW_GRDH_1SDV_20201115T224525_20201115T224550_035265_041E5F_EC2B_metadata.json
2020-11-15 22:45:50,104.40623473889612,106.95830527448982,9.00508978448417,10.962775758465929,-17.661094428314104,2.813612808840786,-28.393307969614973,6.9288808870132526,0.5859538874090842,38.75054354957649,dbscl-sentinel-1-2020\dbscl-sentinel-1_2020-11\S1_2020-11-15_22-45-50\S1A_IW_GRDH_1SDV_20201115T224550_20201115T224615_035265_041E5F_493F_metadata.json
2020-11-15 22:46:15,104.17522216239009,106.64764040957012,7.967911185953986,9.454255673085834,-17.929081705468167,2.5185162164580426,-28.822118896602216,7.036044514334033,0.5992824134049046,41.00560230917354,dbscl-sentinel-1-2020\dbscl-sentinel-1_2020-11\S1_2020-11-15_22-46-15\S1A_IW_GRDH_1SDV_20201115T224615_20201115T224634_035265_041E5F_A040_metadata.json
2020-11-16 11:11:08,104.41562694479744,106.98757616130726,7.735862572415908,9.936992650874677,-18.110533855015277,2.534199963824959,-28.85786360645532,7.363204103575438,0.5885200986002737,38.57645970392833,dbscl-sentinel-1-2020\dbscl-sentinel-1_2020-11\S1_2020-11-16_11-11-08\S1A_IW_GRDH_1SDV_20201116T111108_20201116T111137_035273_041EA3_8F07_metadata.json
2020-11-16 11:11:37,104.1079784737731,106.66221738939298,9.488617043351056,11.445052872427196,-17.821411749021472,2.510019706198034,-28.882406550176373,6.760416947866539,0.6002362648146414,40.3299014468555,dbscl-sentinel-1-2020\dbscl-sentinel-1_2020-11\S1_2020-11-16_11-11-37\S1A_IW_GRDH_1SDV_20201116T111137_20201116T111202_035273_041EA3_C3B5_metadata.json
2020-11-20 22:53:57,102.44196526746832,104.987874451132,9.591723557092324,11.385892303506989,-16.86004399708779,2.527481586520332,-27.116829584033887,6.603258410141578,0.5949947212726128,33.13844232624367,dbscl-sentinel-1-2020\dbscl-sentinel-1_2020-11\S1_2020-11-20_22-53-57\S1A_IW_GRDH_1SDV_20201120T225357_20201120T225421_035338_0420E4_2C35_metadata.json
2020-11-21 11:19:08,102.5674259977501,105.11025818759568,6.958538625858717,8.921856666308882,-16.10141431326098,2.505279074631813,-25.809081852837878,6.393746773684188,0.5999870997779561,45.9768625453025,dbscl-sentinel-1-2020\dbscl-sentinel-1_2020-11\S1_2020-11-21_11-19-08\S1A_IW_GRDH_1SDV_20201121T111908_20201121T111933_035346_04212C_EBAC_metadata.json
2020-11-21 11:19:33,102.25677046927734,104.8070758748246,8.470730516780774,10.430140786838646,-14.795005680558896,2.661286697417245,-23.027920989081927,6.562090372035905,0.5452154955530071,45.00148905583325,dbscl-sentinel-1-2020\dbscl-sentinel-1_2020-11\S1_2020-11-21_11-19-33\S1A_IW_GRDH_1SDV_20201121T111933_20201121T111958_035346_04212C_F8E1_metadata.json
2020-11-21 11:19:58,101.94588803097356,104.50657343856048,9.983027561280675,11.9390176791873,-14.360323848987557,2.573696855633557,-22.477269513114237,6.2433781848609184,0.5599990653083935,43.81236645625304,dbscl-sentinel-1-2020\dbscl-sentinel-1_2020-11\S1_2020-11-21_11-19-58\S1A_IW_GRDH_1SDV_20201121T111958_20201121T112023_035346_04212C_F126_metadata.json
2020-11-22 22:37:23,106.58590600494792,109.17894401578518,9.743301620515956,11.756853234946467,-18.000093226545793,2.506723125151711,-29.114101747002504,6.886084706088918,0.6025137431436914,45.63505428557258,dbscl-sentinel-1-2020\dbscl-sentinel-1_2020-11\S1_2020-11-22_22-37-23\S1A_IW_GRDH_1SDV_20201122T223723_20201122T223751_035367_0421E7_1192_metadata.json
2020-11-23 11:03:22,106.11842984766236,108.70055239595362,9.464675112924564,11.662420915168406,-15.790639801723795,2.621197818167631,-24.415843770370294,7.165435833077357,0.5350809747614736,31.808018058921444,dbscl-sentinel-1-2020\dbscl-sentinel-1_2020-11\S1_2020-11-23_11-03-22\S1A_IW_GRDH_1SDV_20201123T110322_20201123T110351_035375_04222F_D9A7_metadata.json
2020-11-27 22:45:25,104.70708621970658,107.2635544145783,10.5177350464374,12.471109565634915,-18.24816831162068,2.5153410239405227,-29.562705536182914,6.93363108705848,0.6136198888918304,38.10619154721503,dbscl-sentinel-1-2020\dbscl-sentinel-1_2020-11\S1_2020-11-27_22-45-25\S1A_IW_GRDH_1SDV_20201127T224525_20201127T224550_035440_04246C_B38A_metadata.json
2020-11-27 22:45:50,104.40738832707235,106.95947779769084,9.0051362495291,10.962824963779896,-17.429050165768068,2.5617512952146324,-27.80937295236934,7.048727379166775,0.5783026523557071,38.75716993295941,dbscl-sentinel-1-2020\dbscl-sentinel-1_2020-11\S1_2020-11-27_22-45-50\S1A_IW_GRDH_1SDV_20201127T224550_20201127T224615_035440_04246C_13FA_metadata.json
2020-11-27 22:46:15,104.17607588618124,106.6488078957283,7.967382444655744,9.45434005569235,-17.816071367102513,2.5155039773130574,-28.686294419098036,6.9458483151069945,0.601288918400149,41.01185030040198,dbscl-sentinel-1-2020\dbscl-sentinel-1_2020-11\S1_2020-11-27_22-46-15\S1A_IW_GRDH_1SDV_20201127T224615_20201127T224634_035440_04246C_27DC_metadata.json
2020-11-28 11:11:07,104.41674863180629,106.98864883411711,7.736016132847611,9.936960739952616,-18.12681913626232,2.530557840568913,-28.987900612579427,7.265737659945307,0.5911235560579241,38.56890190150629,dbscl-sentinel-1-2020\dbscl-sentinel-1_2020-11\S1_2020-11-28_11-11-07\S1A_IW_GRDH_1SDV_20201128T111107_20201128T111136_035448_0424B8_B460_metadata.json
2020-11-28 11:11:36,104.10870966142768,106.66336138460552,9.488590672896438,11.445209344064406,-17.690179621652916,2.55586109912514,-28.148161445159424,7.232197798146358,0.5778843781244514,40.32405361601761,dbscl-sentinel-1-2020\dbscl-sentinel-1_2020-11\S1_2020-11-28_11-11-36\S1A_IW_GRDH_1SDV_20201128T111136_20201128T111201_035448_0424B8_77E2_metadata.json
2020-11-02 22:53:01,102.57451293279324,105.16200667770698,10.259154166036938,12.22993322721418,-18.71429006127507,2.548516251364307,-29.78767931797341,7.640900804576719,0.5791840971651027,33.120992128834004,dbscl-sentinel-1-2020\dbscl-sentinel-1_2020-11\S1_2020-11-02_22-53-01\S1B_IW_GRDH_1SDV_20201102T225301_20201102T225328_024092_02DCC9_195E_metadata.json
2020-11-04 22:36:31,106.65147319501776,109.3067285952398,10.077029594716969,12.380374706681849,-17.852358722090766,2.526947573984524,-28.932402511451325,6.772314932730255,0.5980907350686739,45.6570032966487,dbscl-sentinel-1-2020\dbscl-sentinel-1_2020-11\S1_2020-11-04_22-36-31\S1B_IW_GRDH_1SDV_20201104T223631_20201104T223704_024121_02DDA3_143F_metadata.json
2020-11-09 22:44:46,104.673458687298,107.23149795267592,10.350938866842702,12.304678604463664,-18.30898375710452,2.5998514057268123,-28.94257566581503,7.675391848393957,0.5664075993701958,37.99699332497713,dbscl-sentinel-1-2020\dbscl-sentinel-1_2020-11\S1_2020-11-09_22-44-46\S1B_IW_GRDH_1SDV_20201109T224446_20201109T224511_024194_02DFDC_DFE8_metadata.json
2020-11-09 22:45:11,104.37317024554824,106.9242298366852,8.838294842539737,10.79641302428494,-18.045295708051917,2.5969093797330403,-28.533482175490715,7.557109240613131,0.5623528320788799,38.931045018793725,dbscl-sentinel-1-2020\dbscl-sentinel-1_2020-11\S1_2020-11-09_22-45-11\S1B_IW_GRDH_1SDV_20201109T224511_20201109T224536_024194_02DFDC_7C9B_metadata.json
2020-11-09 22:45:36,104.20873235438135,106.61354213146213,8.134397738346886,9.287931775382605,-17.522856133526826,2.570463433126642,-27.97558908886889,7.070123178184739,0.5889473639097301,41.24442494742306,dbscl-sentinel-1-2020\dbscl-sentinel-1_2020-11\S1_2020-11-09_22-45-36\S1B_IW_GRDH_1SDV_20201109T224536_20201109T224550_024194_02DFDC_19BF_metadata.json
2020-11-10 11:11:13,103.83422748597587,106.42407935501392,10.571422179997652,12.766242177042752,-19.430961024806983,2.526456195376374,-31.250337027915577,7.611585021698288,0.5964485328553607,39.83590010055636,dbscl-sentinel-1-2020\dbscl-sentinel-1_2020-11\S1_2020-11-10_11-11-13\S1B_IW_GRDH_1SDV_20201110T111113_20201110T111142_024202_02E01F_964C_metadata.json
2020-11-16 22:36:47,106.55280374079588,109.10749453960663,9.456604766918216,11.413242361613616,-18.02022095104389,2.522139257329591,-28.91556134069821,7.124880561389331,0.5928524539038142,45.66455877720398,dbscl-sentinel-1-2020\dbscl-sentinel-1_2020-11\S1_2020-11-16_22-36-47\S1B_IW_GRDH_1SDV_20201116T223647_20201116T223712_024296_02E32A_D146_metadata.json
2020-11-16 22:37:12,106.25108158149126,108.79693081549104,7.944270823704838,9.904628171978056,-18.83344291368656,2.5049589253278257,-30.43145022771915,7.235435599654085,0.605717011937449,45.7966365709196,dbscl-sentinel-1-2020\dbscl-sentinel-1_2020-11\S1_2020-11-16_22-37-12\S1B_IW_GRDH_1SDV_20201116T223712_20201116T223737_024296_02E32A_7299_metadata.json
2020-11-21 22:44:48,104.6443613150378,107.20074522202516,10.205360957555316,12.159356986464855,-17.341320508531773,2.3912587002644767,-27.595727193300444,7.086913823763107,0.5670269378133718,38.298425975979406,dbscl-sentinel-1-2020\dbscl-sentinel-1_2020-11\S1_2020-11-21_22-44-48\S1B_IW_GRDH_1SDV_20201121T224448_20201121T224513_024369_02E566_2E54_metadata.json
2020-11-21 22:45:13,104.24202764549284,106.8940722918127,8.302111042462714,10.651268994043456,-17.83116511602946,2.5802274477357465,-28.3635708163957,7.298759415663127,0.571517768744303,39.15160048626657,dbscl-sentinel-1-2020\dbscl-sentinel-1_2020-11\S1_2020-11-21_22-45-13\S1B_IW_GRDH_1SDV_20201121T224513_20201121T224547_024369_02E566_EAEF_metadata.json
2020-11-22 11:11:13,103.83367456598754,106.4235718424482,10.571681023150166,12.76623064147578,-19.743891681917624,2.54627567042185,-31.547298274254885,7.940485089580482,0.5916186397281659,39.83835242987559,dbscl-sentinel-1-2020\dbscl-sentinel-1_2020-11\S1_2020-11-22_11-11-13\S1B_IW_GRDH_1SDV_20201122T111113_20201122T111142_024377_02E5A8_4004_metadata.json
2020-12-02 22:53:56,102.44211771443594,104.988046776164,9.59135849659171,11.385878526357004,-17.290726233773487,2.4903831691340583,-27.696266955372632,6.885185512174152,0.5883744423522972,33.138406967655406,dbscl-sentinel-1-2020\dbscl-sentinel-1_2020-12\S1_2020-12-02_22-53-56\S1A_IW_GRDH_1SDV_20201202T225356_20201202T225420_035513_0426F1_FBE1_metadata.json
2020-12-03 11:19:08,102.56759297180515,105.1106082720376,6.958460945892906,8.921736836100857,-16.095240904840136,2.529696345249841,-25.630614309366585,6.559867500313702,0.5869637274056435,45.97540817949774,dbscl-sentinel-1-2020\dbscl-sentinel-1_2020-12\S1_2020-12-03_11-19-08\S1A_IW_GRDH_1SDV_20201203T111908_20201203T111933_035521_04272A_FADF_metadata.json
2020-12-03 11:19:33,102.256911924589,104.80750401535768,8.470623882818703,10.430031413926017,-14.897112980087163,2.677822756491781,-23.25564244217843,6.538583517995914,0.5280131973476786,45.00282683911188,dbscl-sentinel-1-2020\dbscl-sentinel-1_2020-12\S1_2020-12-03_11-19-33\S1A_IW_GRDH_1SDV_20201203T111933_20201203T111958_035521_04272A_6FA3_metadata.json
2020-12-03 11:19:58,101.94633295542512,104.5070470407338,9.982939980914558,11.938910019303346,-14.472701649100587,2.555586315490369,-22.76740221692773,6.178001081273552,0.5679871759805116,43.813706207009936,dbscl-sentinel-1-2020\dbscl-sentinel-1_2020-12\S1_2020-12-03_11-19-58\S1A_IW_GRDH_1SDV_20201203T111958_20201203T112023_035521_04272A_0C3B_metadata.json
2020-12-04 22:37:22,106.58532013780771,109.17837931714912,9.742952455204442,11.75682146192033,-18.165979322314094,2.513112311491737,-29.31322319194902,7.018735452679343,0.600741004391007,45.63380730553933,dbscl-sentinel-1-2020\dbscl-sentinel-1_2020-12\S1_2020-12-04_22-37-22\S1A_IW_GRDH_1SDV_20201204T223722_20201204T223750_035542_0427EA_D44C_metadata.json
2020-12-05 11:03:22,106.11795414716548,108.700072817277,9.463973104757535,11.662311908723026,-16.054455676863068,2.6099629880290407,-25.05590582456536,7.053005529160851,0.5482112511542502,31.8092601781426,dbscl-sentinel-1-2020\dbscl-sentinel-1_2020-12\S1_2020-12-05_11-03-22\S1A_IW_GRDH_1SDV_20201205T110322_20201205T110351_035550_042836_8E3C_metadata.json
2020-12-09 22:45:24,104.70639841710904,107.26293129010232,10.51780245963603,12.471173320058208,-18.274379287644965,2.798013849588993,-28.63923940441604,7.909519170874031,0.56244363201221,38.101539773690426,dbscl-sentinel-1-2020\dbscl-sentinel-1_2020-12\S1_2020-12-09_22-45-24\S1A_IW_GRDH_1SDV_20201209T224524_20201209T224549_035615_042A78_596A_metadata.json
2020-12-09 22:45:49,104.40672107614564,106.9588097911234,9.00525717952853,10.962906967284145,-17.506950364205633,2.5863144127911,-27.462597786467448,7.551302941943778,0.5571494503903376,38.75278235741335,dbscl-sentinel-1-2020\dbscl-sentinel-1_2020-12\S1_2020-12-09_22-45-49\S1A_IW_GRDH_1SDV_20201209T224549_20201209T224614_035615_042A78_9DB0_metadata.json
2020-12-09 22:46:14,104.17526117749112,106.64817049554384,7.966932624418805,9.45449433998476,-17.90905809393046,2.516205697533873,-28.73619725773541,7.08191893012564,0.5969384708759327,41.00741790188256,dbscl-sentinel-1-2020\dbscl-sentinel-1_2020-12\S1_2020-12-09_22-46-14\S1A_IW_GRDH_1SDV_20201209T224614_20201209T224633_035615_042A78_F27E_metadata.json
2020-12-10 11:11:07,104.4158464142816,106.9878420092965,7.735518104266809,9.937037546097908,-18.08728631436513,2.530428346052497,-29.02170256082828,7.152870067901808,0.5954394871531209,38.573748047289165,dbscl-sentinel-1-2020\dbscl-sentinel-1_2020-12\S1_2020-12-10_11-11-07\S1A_IW_GRDH_1SDV_20201210T111107_20201210T111136_035623_042ABC_2B13_metadata.json
2020-12-10 11:11:36,104.10788559105532,106.66241772530792,9.48860682742282,11.445289532576815,-17.65681297673632,2.5984986156689645,-27.66458754301444,7.649038410458189,0.557216276928774,40.32867891443846,dbscl-sentinel-1-2020\dbscl-sentinel-1_2020-12\S1_2020-12-10_11-11-36\S1A_IW_GRDH_1SDV_20201210T111136_20201210T111201_035623_042ABC_36A5_metadata.json
2020-12-14 22:53:56,102.44197488832654,104.987722452227,9.592003447138923,11.385986991603716,-16.781356066180205,2.5605292107321973,-26.47851428210795,7.084197850252339,0.569210429311685,33.13788709218057,dbscl-sentinel-1-2020\dbscl-sentinel-1_2020-12\S1_2020-12-14_22-53-56\S1A_IW_GRDH_1SDV_20201214T225356_20201214T225420_035688_042CF3_5AF1_metadata.json
2020-12-15 11:19:08,102.56737284979285,105.11038085981131,6.958380598085994,8.921675452686861,-16.281807519577818,2.483738846172371,-26.34993988970558,6.213675149450086,0.6146770181748786,45.976528738934825,dbscl-sentinel-1-2020\dbscl-sentinel-1_2020-12\S1_2020-12-15_11-19-08\S1A_IW_GRDH_1SDV_20201215T111908_20201215T111933_035696_042D39_23C3_metadata.json
2020-12-15 11:19:33,102.25669677287782,104.8072969796998,8.470577464752601,10.42997734873248,-14.740837249437122,2.61153190905236,-23.04158763136075,6.440086867513424,0.5486357878698285,45.002611772099016,dbscl-sentinel-1-2020\dbscl-sentinel-1_2020-12\S1_2020-12-15_11-19-33\S1A_IW_GRDH_1SDV_20201215T111933_20201215T111958_035696_042D39_8501_metadata.json
2020-12-15 11:19:58,101.94613591722546,104.50684058946108,9.982900150127252,11.938847044313384,-14.09271982283286,2.56164144744643,-22.1104382430368,6.075001402628868,0.5634593633267712,43.813746577764384,dbscl-sentinel-1-2020\dbscl-sentinel-1_2020-12\S1_2020-12-15_11-19-58\S1A_IW_GRDH_1SDV_20201215T111958_20201215T112023_035696_042D39_EED2_metadata.json
2020-12-16 22:37:22,106.58505027076475,109.17806829770149,9.743523125614104,11.756838087632822,-17.78908483425826,2.533339090331257,-28.649785508951958,6.928384159564651,0.5957041418644959,45.63247996185149,dbscl-sentinel-1-2020\dbscl-sentinel-1_2020-12\S1_2020-12-16_22-37-22\S1A_IW_GRDH_1SDV_20201216T223722_20201216T223750_035717_042E01_A2B1_metadata.json
2020-12-17 11:03:21,106.11784827659726,108.70011160404069,9.463423398570692,11.662285717586096,-16.02292515610978,2.5823301010905,-24.678559030426012,7.36729128179353,0.5322386118493223,31.81039390710275,dbscl-sentinel-1-2020\dbscl-sentinel-1_2020-12\S1_2020-12-17_11-03-21\S1A_IW_GRDH_1SDV_20201217T110321_20201217T110350_035725_042E3F_846C_metadata.json
2020-12-21 22:45:24,104.70627027205582,107.26291216979276,10.517500302886871,12.47119100611182,-17.65409744468252,2.624378764561415,-27.07444922042034,8.233745668944685,0.5359771098484207,38.10034982347414,dbscl-sentinel-1-2020\dbscl-sentinel-1_2020-12\S1_2020-12-21_22-45-24\S1A_IW_GRDH_1SDV_20201221T224524_20201221T224549_035790_04307A_317D_metadata.json
2020-12-21 22:45:49,104.40653368158053,106.95869089047916,9.005200861279693,10.962941593529909,-17.402469567631677,2.462633864761661,-27.022686693827,7.782252441436136,0.5481420661532751,38.7517142935748,dbscl-sentinel-1-2020\dbscl-sentinel-1_2020-12\S1_2020-12-21_22-45-49\S1A_IW_GRDH_1SDV_20201221T224549_20201221T224614_035790_04307A_6470_metadata.json
2020-12-21 22:46:14,104.17525310845797,106.64806354274634,7.967334552605056,9.45457105610618,-18.03147463550764,2.500137915756774,-29.05902623909804,7.003923031916948,0.6060493138498328,41.00633134526752,dbscl-sentinel-1-2020\dbscl-sentinel-1_2020-12\S1_2020-12-21_22-46-14\S1A_IW_GRDH_1SDV_20201221T224614_20201221T224633_035790_04307A_184A_metadata.json
2020-12-22 11:11:06,104.41590405727192,106.9879608347068,7.735364630548545,9.936788736633618,-17.903463899738078,2.5246032012587576,-28.65688315164776,7.150044647828245,0.5919018039033551,38.57429730392885,dbscl-sentinel-1-2020\dbscl-sentinel-1_2020-12\S1_2020-12-22_11-11-06\S1A_IW_GRDH_1SDV_20201222T111106_20201222T111135_035798_0430C3_7709_metadata.json
2020-12-22 11:11:35,104.1079313233782,106.6624071102885,9.48863298397447,11.445304862659496,-17.344944198462926,2.63703883070215,-26.722320798739965,7.967567598185935,0.5360613268262605,40.32945454497782,dbscl-sentinel-1-2020\dbscl-sentinel-1_2020-12\S1_2020-12-22_11-11-35\S1A_IW_GRDH_1SDV_20201222T111135_20201222T111200_035798_0430C3_5499_metadata.json
2020-12-26 22:53:55,102.44269680487083,104.98841407069168,9.59203595133156,11.386030038051429,-16.511574651868752,2.55971321431024,-26.039889096219483,6.983260207518067,0.5715570647257333,33.137956359517844,dbscl-sentinel-1-2020\dbscl-sentinel-1_2020-12\S1_2020-12-26_22-53-55\S1A_IW_GRDH_1SDV_20201226T225355_20201226T225419_035863_043307_7700_metadata.json
2020-12-27 11:19:07,102.56797236367574,105.11098530061268,6.958414437934275,8.921690371786083,-16.10145967567096,2.5143331583632462,-25.774276983620886,6.428642367721018,0.5946511838142021,45.97521266807829,dbscl-sentinel-1-2020\dbscl-sentinel-1_2020-12\S1_2020-12-27_11-19-07\S1A_IW_GRDH_1SDV_20201227T111907_20201227T111932_035871_04334D_3F64_metadata.json
2020-12-27 11:19:32,102.25728652008183,104.80787828309398,8.470565604813167,10.42997825596956,-14.995525241574862,2.6447846657950835,-23.541751094675234,6.449299388474415,0.5561009118613712,45.004519393134295,dbscl-sentinel-1-2020\dbscl-sentinel-1_2020-12\S1_2020-12-27_11-19-32\S1A_IW_GRDH_1SDV_20201227T111932_20201227T111957_035871_04334D_C32D_metadata.json
2020-12-27 11:19:57,101.94671388536408,104.5074849174511,9.98288121593454,11.93884215822689,-14.565255315736795,2.54948635822405,-22.986201269386758,6.14430936208693,0.5730436082251809,43.81489724558005,dbscl-sentinel-1-2020\dbscl-sentinel-1_2020-12\S1_2020-12-27_11-19-57\S1A_IW_GRDH_1SDV_20201227T111957_20201227T112022_035871_04334D_E568_metadata.json
2020-12-28 22:37:21,106.5856901826382,109.17858953665824,9.743801472070604,11.756841264213524,-17.759123520322373,2.5158615146866183,-28.615494885773867,6.902752154871018,0.5979669976057606,45.63414695473899,dbscl-sentinel-1-2020\dbscl-sentinel-1_2020-12\S1_2020-12-28_22-37-21\S1A_IW_GRDH_1SDV_20201228T223721_20201228T223749_035892_043418_01C0_metadata.json
2020-12-29 11:03:21,106.1185743883478,108.70070355579944,9.463528473383215,11.662208142388897,-15.880391555900408,2.6601608069051226,-24.492485640446954,7.268297471354037,0.5300413824784812,31.807740694612423,dbscl-sentinel-1-2020\dbscl-sentinel-1_2020-12\S1_2020-12-29_11-03-21\S1A_IW_GRDH_1SDV_20201229T110321_20201229T110350_035900_043460_35B8_metadata.json
2020-12-03 22:44:48,104.64424398523036,107.20043802157494,10.205101696433854,12.159529605330905,-17.699145872390382,2.585697976410976,-27.84414140781561,7.554150336965233,0.5605041875595416,38.29858783193135,dbscl-sentinel-1-2020\dbscl-sentinel-1_2020-12\S1_2020-12-03_22-44-48\S1B_IW_GRDH_1SDV_20201203T224448_20201203T224513_024544_02EAEF_68A3_metadata.json
2020-12-03 22:45:13,104.2420390006436,106.8939663918336,8.302172578463578,10.65123427483872,-17.993727395821622,2.59395441929163,-28.3994019031333,7.58805288850992,0.5683675800206373,39.15156890671289,dbscl-sentinel-1-2020\dbscl-sentinel-1_2020-12\S1_2020-12-03_22-45-13\S1B_IW_GRDH_1SDV_20201203T224513_20201203T224546_024544_02EAEF_0E87_metadata.json
2020-12-04 11:11:12,103.8339050743505,106.42374212140211,10.570998232283111,12.766139696472036,-19.27807957884234,2.657345464627101,-29.345402830713784,9.210756326970849,0.5199154011548592,39.83810155043592,dbscl-sentinel-1-2020\dbscl-sentinel-1_2020-12\S1_2020-12-04_11-11-12\S1B_IW_GRDH_1SDV_20201204T111112_20201204T111141_024552_02EB30_32E5_metadata.json
2020-12-15 22:44:47,104.64431425856894,107.20062259426784,10.205126394670136,12.159189546581256,-16.939825298187504,2.6435470631003835,-26.141217729900173,7.738432866474951,0.5342942918270813,38.2979500371849,dbscl-sentinel-1-2020\dbscl-sentinel-1_2020-12\S1_2020-12-15_22-44-47\S1B_IW_GRDH_1SDV_20201215T224447_20201215T224512_024719_02F09F_FE6D_metadata.json
2020-12-15 22:45:12,104.24181766407855,106.89396900331208,8.301518013436569,10.651218801018036,-17.687890421482333,2.6043125514981598,-27.5346483481256,7.841132494839014,0.5434391386539585,39.1509761783516,dbscl-sentinel-1-2020\dbscl-sentinel-1_2020-12\S1_2020-12-15_22-45-12\S1B_IW_GRDH_1SDV_20201215T224512_20201215T224546_024719_02F09F_20AB_metadata.json
2020-12-16 11:11:12,103.83409117962316,106.42379082390433,10.571303448073955,12.766107872166618,-19.091746042988085,2.7231649061819296,-28.348387899018228,9.835104186957864,0.4794149503140939,39.83619544534173,dbscl-sentinel-1-2020\dbscl-sentinel-1_2020-12\S1_2020-12-16_11-11-12\S1B_IW_GRDH_1SDV_20201216T111112_20201216T111141_024727_02F0E4_CEFE_metadata.json
2020-12-27 22:44:47,104.64500978845972,107.2011144581786,10.205133445288178,12.159232110540772,-16.55840407387229,2.6501312655158986,-25.22607466192728,7.890733485817279,0.5200600095727741,38.3029173624936,dbscl-sentinel-1-2020\dbscl-sentinel-1_2020-12\S1_2020-12-27_22-44-47\S1B_IW_GRDH_1SDV_20201227T224447_20201227T224512_024894_02F649_678F_metadata.json
2020-12-27 22:45:12,104.242719069353,106.89472516266204,8.3021625712021,10.651251103091402,-17.441632377980824,2.643985506622118,-26.71805527852238,8.165209477439292,0.524576647616737,39.15594611001247,dbscl-sentinel-1-2020\dbscl-sentinel-1_2020-12\S1_2020-12-27_22-45-12\S1B_IW_GRDH_1SDV_20201227T224512_20201227T224545_024894_02F649_A9AA_metadata.json
2020-12-28 11:11:11,103.83486435069815,106.4242809945572,10.57205202035422,12.766039110665805,-18.159669104581305,2.69591996930414,-27.15366237049789,9.165675838664844,0.4976281473448905,39.828876849792486,dbscl-sentinel-1-2020\dbscl-sentinel-1_2020-12\S1_2020-12-28_11-11-11\S1B_IW_GRDH_1SDV_20201228T111111_20201228T111140_024902_02F68F_919B_metadata.json
2021-01-02 22:45:23,104.70587079833471,107.26254726076944,10.517824111239868,12.471188364320469,-17.108149964717363,2.68600757634772,-26.402767167183978,7.813532762250913,0.5486412229568065,38.09842553021865,dbscl-sentinel-1-2021\dbscl-sentinel-1_2021-01\S1_2021-01-02_22-45-23\S1A_IW_GRDH_1SDV_20210102T224523_20210102T224548_035965_04368E_C699_metadata.json
2021-01-02 22:45:48,104.4061658205262,106.9582893310254,9.005170775950894,10.962921815698056,-17.13330791695729,2.604004016954483,-26.660039296615288,7.606576537299356,0.5495613371012962,38.74989397543239,dbscl-sentinel-1-2021\dbscl-sentinel-1_2021-01\S1_2021-01-02_22-45-48\S1A_IW_GRDH_1SDV_20210102T224548_20210102T224613_035965_04368E_A34E_metadata.json
2021-01-02 22:46:13,104.175195029167,106.6476287158503,7.968219580972628,9.45442322137976,-17.980757381460165,2.544605693914631,-28.816544958393465,7.144969804526861,0.5961822937946004,41.0048737750133,dbscl-sentinel-1-2021\dbscl-sentinel-1_2021-01\S1_2021-01-02_22-46-13\S1A_IW_GRDH_1SDV_20210102T224613_20210102T224632_035965_04368E_1093_metadata.json
2021-01-03 11:11:06,104.41559239459278,106.98744913814552,7.735939301978745,9.936995652201638,-18.101259842814684,2.5319735135373023,-28.68802721991711,7.514492465712188,0.5816220015217178,38.57666122644171,dbscl-sentinel-1-2021\dbscl-sentinel-1_2021-01\S1_2021-01-03_11-11-06\S1A_IW_GRDH_1SDV_20210103T111106_20210103T111135_035973_0436D9_AD31_metadata.json
2021-01-03 11:11:35,104.10792529663712,106.66217537914584,9.488576831415196,11.445281999437428,-17.10984349912444,2.624154998570261,-26.42159128658038,7.798095711668421,0.5388807852879057,40.330080732254295,dbscl-sentinel-1-2021\dbscl-sentinel-1_2021-01\S1_2021-01-03_11-11-35\S1A_IW_GRDH_1SDV_20210103T111135_20210103T111200_035973_0436D9_A42A_metadata.json
2021-01-07 22:53:54,102.44359750147322,104.9889060862039,9.59188166316086,11.386024288099376,-16.281151938007117,2.161861340655619,-25.7469568661533,6.81534700986097,0.5759265363155567,33.13880693302331,dbscl-sentinel-1-2021\dbscl-sentinel-1_2021-01\S1_2021-01-07_22-53-54\S1A_IW_GRDH_1SDV_20210107T225354_20210107T225419_036038_043919_9CF2_metadata.json
2021-01-08 11:19:06,102.56828923958876,105.1113515348306,6.958449310288237,8.921786064769242,-16.358632952722065,2.50124031812476,-26.294463023821496,6.4228028816224905,0.6029432807391724,45.97397923576706,dbscl-sentinel-1-2021\dbscl-sentinel-1_2021-01\S1_2021-01-08_11-19-06\S1A_IW_GRDH_1SDV_20210108T111906_20210108T111931_036046_043961_EA58_metadata.json
2021-01-08 11:19:31,102.25758235536496,104.80847196634843,8.470624859932233,10.429978394486549,-15.098883051319572,2.6432233314336613,-23.641638523448226,6.5561275791910045,0.551957651665144,45.00502301438832,dbscl-sentinel-1-2021\dbscl-sentinel-1_2021-01\S1_2021-01-08_11-19-31\S1A_IW_GRDH_1SDV_20210108T111931_20210108T111956_036046_043961_5B85_metadata.json
2021-01-08 11:19:56,101.94697927461222,104.50781934699155,9.982842050567449,11.938931809469858,-14.61920808409734,2.560159235149973,-22.99270990653608,6.245706261658539,0.5675257576642412,43.81509625321494,dbscl-sentinel-1-2021\dbscl-sentinel-1_2021-01\S1_2021-01-08_11-19-56\S1A_IW_GRDH_1SDV_20210108T111956_20210108T112021_036046_043961_601E_metadata.json
2021-01-09 22:37:21,106.58625231028218,109.17929305143043,9.743525251550864,11.756887100892598,-17.98643539564566,2.470515497918121,-29.117305727570265,6.855565063721065,0.6083269938202588,45.63590181495034,dbscl-sentinel-1-2021\dbscl-sentinel-1_2021-01\S1_2021-01-09_22-37-21\S1A_IW_GRDH_1SDV_20210109T223721_20210109T223749_036067_043A2E_2FEC_metadata.json
2021-01-10 11:03:20,106.11903268441075,108.70119926627224,9.463600122561642,11.662215883219496,-16.005984300878904,2.626587371601194,-24.6499384747511,7.362030127006552,0.5339267605686946,31.805871254057656,dbscl-sentinel-1-2021\dbscl-sentinel-1_2021-01\S1_2021-01-10_11-03-20\S1A_IW_GRDH_1SDV_20210110T110320_20210110T110349_036075_043A78_CE66_metadata.json
2021-01-14 22:45:22,104.70591733977308,107.26272033544726,10.517825958337166,12.471196653172203,-16.538724218482777,2.5527229078834397,-26.189175519789533,6.888272917175988,0.5796253929821742,38.09806417488353,dbscl-sentinel-1-2021\dbscl-sentinel-1_2021-01\S1_2021-01-14_22-45-22\S1A_IW_GRDH_1SDV_20210114T224522_20210114T224547_036140_043CB6_073B_metadata.json
2021-01-14 22:45:47,104.40626307003951,106.95832292940084,9.005246923193717,10.962931348824014,-16.65103689527947,2.5881135925241368,-26.18435145997669,7.117722330582225,0.5632954377926703,38.74959811191676,dbscl-sentinel-1-2021\dbscl-sentinel-1_2021-01\S1_2021-01-14_22-45-47\S1A_IW_GRDH_1SDV_20210114T224547_20210114T224612_036140_043CB6_827C_metadata.json
2021-01-14 22:46:12,104.17509465402082,106.64770643412297,7.967576616738826,9.45454528632139,-17.889044317151598,2.526843104088735,-28.68010705504341,7.097981579259756,0.5972717248594713,41.004465361697406,dbscl-sentinel-1-2021\dbscl-sentinel-1_2021-01\S1_2021-01-14_22-46-12\S1A_IW_GRDH_1SDV_20210114T224612_20210114T224632_036140_043CB6_372D_metadata.json
2021-01-15 11:11:05,104.41569835450063,106.98768886063824,7.73544264747683,9.93693419884315,-18.218788611951243,2.5617843886349614,-28.7051104573949,7.732466766507668,0.5723208323923866,38.57512750703084,dbscl-sentinel-1-2021\dbscl-sentinel-1_2021-01\S1_2021-01-15_11-11-05\S1A_IW_GRDH_1SDV_20210115T111105_20210115T111134_036148_043CFD_C8C0_metadata.json
2021-01-15 11:11:34,104.107809902321,106.6622998806298,9.48853647582703,11.444994884481122,-16.845639238894613,2.593765607068712,-26.34222546127267,7.3490530165164465,0.5573230477719678,40.33008426922573,dbscl-sentinel-1-2021\dbscl-sentinel-1_2021-01\S1_2021-01-15_11-11-34\S1A_IW_GRDH_1SDV_20210115T111134_20210115T111159_036148_043CFD_EED9_metadata.json
2021-01-20 11:19:06,102.56830438731244,105.11136340065448,6.9584683040992745,8.921781621103245,-15.868906957984755,2.5343001756277626,-25.29185639529659,6.4459575206729145,0.5838946002115005,45.97471578873825,dbscl-sentinel-1-2021\dbscl-sentinel-1_2021-01\S1_2021-01-20_11-19-06\S1A_IW_GRDH_1SDV_20210120T111906_20210120T111931_036221_043F89_82C3_metadata.json
2021-01-20 11:19:31,102.25786570483358,104.80842094173546,8.470629025880815,10.43008316705067,-14.75043922235024,2.6177514002518123,-22.94727854939062,6.553599895309879,0.5419308052954186,45.00595734758756,dbscl-sentinel-1-2021\dbscl-sentinel-1_2021-01\S1_2021-01-20_11-19-31\S1A_IW_GRDH_1SDV_20210120T111931_20210120T111956_036221_043F89_740F_metadata.json
2021-01-20 11:19:56,101.9469636890706,104.50768150469592,9.982971499394594,11.938964629949488,-14.354080296947853,2.580294007505475,-22.42547629196745,6.28268430192825,0.5563743083423016,43.81594505238085,dbscl-sentinel-1-2021\dbscl-sentinel-1_2021-01\S1_2021-01-20_11-19-56\S1A_IW_GRDH_1SDV_20210120T111956_20210120T112021_036221_043F89_7662_metadata.json
2021-01-21 22:37:20,106.58677370274738,109.1797380790751,9.743604215178236,11.756929594072524,-18.09205991477957,2.468248666416551,-29.647715876793228,6.536403952766052,0.6265775742233656,45.63575950114913,dbscl-sentinel-1-2021\dbscl-sentinel-1_2021-01\S1_2021-01-21_22-37-20\S1A_IW_GRDH_1SDV_20210121T223720_20210121T223748_036242_04404B_7967_metadata.json
2021-01-22 11:03:20,106.11905314087711,108.70134408272756,9.463125775919137,11.662393454381805,-15.680702489122424,2.59629656569708,-24.54200490500514,6.819400073239632,0.5527440096769531,31.806463314263265,dbscl-sentinel-1-2021\dbscl-sentinel-1_2021-01\S1_2021-01-22_11-03-20\S1A_IW_GRDH_1SDV_20210122T110320_20210122T110349_036250_044093_E4DC_metadata.json
2021-01-26 22:45:22,104.70601024471306,107.26282766164964,10.517532696602798,12.471171541416377,-16.4880339611327,2.482562899555119,-26.735986930986872,6.240080991278485,0.6140731151353074,38.098728140533474,dbscl-sentinel-1-2021\dbscl-sentinel-1_2021-01\S1_2021-01-26_22-45-22\S1A_IW_GRDH_1SDV_20210126T224522_20210126T224547_036315_0442CB_0988_metadata.json
2021-01-26 22:45:47,104.40632737020962,106.95848110305133,9.005229503723193,10.962918827270029,-16.815163337667595,2.5550440970062094,-26.694492320764574,6.935834354570573,0.5778728439759421,38.7500709221244,dbscl-sentinel-1-2021\dbscl-sentinel-1_2021-01\S1_2021-01-26_22-45-47\S1A_IW_GRDH_1SDV_20210126T224547_20210126T224612_036315_0442CB_19CF_metadata.json
2021-01-26 22:46:12,104.17534780878782,106.64782984791846,7.967836317844196,9.454567206653165,-17.763711167720526,2.560425842824107,-28.17272462344137,7.35469771199969,0.5828848193813105,41.00492134856738,dbscl-sentinel-1-2021\dbscl-sentinel-1_2021-01\S1_2021-01-26_22-46-12\S1A_IW_GRDH_1SDV_20210126T224612_20210126T224631_036315_0442CB_E6E8_metadata.json
2021-01-27 11:11:05,104.41584419382788,106.98783101862476,7.735430252891683,9.93690479831236,-17.9335717099301,2.544091002559764,-28.223046804648156,7.644096615212163,0.5719915189786714,38.57439750457961,dbscl-sentinel-1-2021\dbscl-sentinel-1_2021-01\S1_2021-01-27_11-11-05\S1A_IW_GRDH_1SDV_20210127T111105_20210127T111134_036323_044314_F517_metadata.json
2021-01-27 11:11:34,104.1079145725838,106.66216251519602,9.488525871824075,11.445139595429891,-16.531298329361938,2.5296386950812977,-26.50592676547388,6.556669893250047,0.5939277962611681,40.32945098916838,dbscl-sentinel-1-2021\dbscl-sentinel-1_2021-01\S1_2021-01-27_11-11-34\S1A_IW_GRDH_1SDV_20210127T111134_20210127T111159_036323_044314_14C5_metadata.json
2021-01-31 22:53:54,102.44226272728952,104.98754272819374,9.591832696899852,11.38602433485847,-16.079864178770986,2.4951433798701235,-26.06185703762015,6.097871319921617,0.6121126958955081,33.138334273994964,dbscl-sentinel-1-2021\dbscl-sentinel-1_2021-01\S1_2021-01-31_22-53-54\S1A_IW_GRDH_1SDV_20210131T225354_20210131T225418_036388_04454E_B8F6_metadata.json
2021-01-08 22:44:46,104.6455662858192,107.20161263482024,10.20523442708662,12.159672112328888,-16.488616974306556,2.599049403441897,-25.621544287584168,7.355689661028915,0.547615574827232,38.3052698529412,dbscl-sentinel-1-2021\dbscl-sentinel-1_2021-01\S1_2021-01-08_22-44-46\S1B_IW_GRDH_1SDV_20210108T224446_20210108T224511_025069_02FBE3_3AED_metadata.json
2021-01-08 22:45:11,104.2430915737843,106.89522206616223,8.302530190956773,10.65136015326794,-17.261728058513352,2.6083908323223137,-26.730601676840084,7.792854440186663,0.5424472490941407,39.15864951896875,dbscl-sentinel-1-2021\dbscl-sentinel-1_2021-01\S1_2021-01-08_22-45-11\S1B_IW_GRDH_1SDV_20210108T224511_20210108T224545_025069_02FBE3_AC33_metadata.json
2021-01-09 11:11:10,103.8352567316187,106.4247145561806,10.571284537945512,12.76610477893807,-18.10147272636021,2.599639803128696,-28.103832672255937,8.099112780464548,0.5543758393831307,39.83103514705442,dbscl-sentinel-1-2021\dbscl-sentinel-1_2021-01\S1_2021-01-09_11-11-10\S1B_IW_GRDH_1SDV_20210109T111110_20210109T111139_025077_02FC27_80CA_metadata.json
2021-01-20 22:44:45,104.64582300827126,107.20177412541976,10.205235342457277,12.159700865558465,-16.210835632940583,2.552999220332148,-25.6382426606356,6.783428605245587,0.5732106937361605,38.30592000521722,dbscl-sentinel-1-2021\dbscl-sentinel-1_2021-01\S1_2021-01-20_22-44-45\S1B_IW_GRDH_1SDV_20210120T224445_20210120T224510_025244_03017E_F132_metadata.json
2021-01-20 22:45:10,104.2434116498088,106.89528555246083,8.301802063782224,10.65141788045462,-16.918225374798446,2.602816259643118,-26.78610680848209,7.050343941114662,0.5710120341454069,39.15934393422408,dbscl-sentinel-1-2021\dbscl-sentinel-1_2021-01\S1_2021-01-20_22-45-10\S1B_IW_GRDH_1SDV_20210120T224510_20210120T224544_025244_03017E_8557_metadata.json
2021-01-21 11:11:10,103.8351582824668,106.4248466466373,10.571334760246335,12.766148881433477,-17.751363065147146,2.5399200714068275,-28.268484696586256,7.23424143370798,0.58556718883327,39.83124137273136,dbscl-sentinel-1-2021\dbscl-sentinel-1_2021-01\S1_2021-01-21_11-11-10\S1B_IW_GRDH_1SDV_20210121T111110_20210121T111139_025252_0301BD_E986_metadata.json
2021-02-01 11:19:05,102.56707760326772,105.11014506159012,6.958404149765826,8.921748461681712,-16.590749543125103,2.477282007324852,-26.90845966663661,6.273039419613585,0.6185651898528457,45.97725619004411,dbscl-sentinel-1-2021\dbscl-sentinel-1_2021-02\S1_2021-02-01_11-19-05\S1A_IW_GRDH_1SDV_20210201T111905_20210201T111930_036396_044596_F7A1_metadata.json
2021-02-01 11:19:30,102.25637247437446,104.80696794940098,8.47058507559582,10.430018408592398,-15.134984735227963,2.644499449416564,-23.83248901458477,6.437480455871194,0.5549267521228586,45.00109785518553,dbscl-sentinel-1-2021\dbscl-sentinel-1_2021-02\S1_2021-02-01_11-19-30\S1A_IW_GRDH_1SDV_20210201T111930_20210201T111955_036396_044596_0D22_metadata.json
2021-02-01 11:19:55,101.94578189369182,104.50660427731268,9.982889799766864,11.938879618789937,-14.627020774224956,2.550969993987175,-23.09867195703507,6.15536959141487,0.5736437898806261,43.81224237233588,dbscl-sentinel-1-2021\dbscl-sentinel-1_2021-02\S1_2021-02-01_11-19-55\S1A_IW_GRDH_1SDV_20210201T111955_20210201T112020_036396_044596_1BC4_metadata.json
2021-02-02 22:37:20,106.5855722897931,109.17865041595608,9.74360896902192,11.756984078671117,-17.955926986676452,2.465901527431009,-29.534350666786235,6.377503306566733,0.6314267965791279,45.634437953951526,dbscl-sentinel-1-2021\dbscl-sentinel-1_2021-02\S1_2021-02-02_22-37-20\S1A_IW_GRDH_1SDV_20210202T223720_20210202T223748_036417_04465A_6210_metadata.json
2021-02-03 11:03:19,106.11813951051856,108.7004522571204,9.463563714332125,11.6621394520796,-16.01900346786865,2.493143825429822,-24.84370848791979,7.194298447817568,0.544716794937467,31.80853513203945,dbscl-sentinel-1-2021\dbscl-sentinel-1_2021-02\S1_2021-02-03_11-03-19\S1A_IW_GRDH_1SDV_20210203T110319_20210203T110348_036425_0446A2_2688_metadata.json
2021-02-07 22:45:22,104.70612388426092,107.26288439123245,10.51788953523162,12.47126074262526,-16.204610164239707,2.471034719902025,-26.606771731618576,5.802448596860845,0.6336855170380497,38.09965986459535,dbscl-sentinel-1-2021\dbscl-sentinel-1_2021-02\S1_2021-02-07_22-45-22\S1A_IW_GRDH_1SDV_20210207T224522_20210207T224547_036490_0448D8_1F0D_metadata.json
2021-02-07 22:45:47,104.40642541914193,106.95853037470584,9.005211746141883,10.96298250432763,-16.73308738051116,2.488608392216342,-26.725925938968388,6.740248822053869,0.5871496887403242,38.75102208553079,dbscl-sentinel-1-2021\dbscl-sentinel-1_2021-02\S1_2021-02-07_22-45-47\S1A_IW_GRDH_1SDV_20210207T224547_20210207T224612_036490_0448D8_5AA9_metadata.json
2021-02-07 22:46:12,104.17496155952364,106.6478728448695,7.96780284015981,9.45447672205971,-17.8383421155329,2.50168245485809,-28.663403987037587,7.013280244028161,0.6027304705056163,41.00588886604916,dbscl-sentinel-1-2021\dbscl-sentinel-1_2021-02\S1_2021-02-07_22-46-12\S1A_IW_GRDH_1SDV_20210207T224612_20210207T224631_036490_0448D8_7B3D_metadata.json
2021-02-08 11:11:04,104.41574969134848,106.98753409050776,7.735245143390523,9.936916004615734,-17.94067713494577,2.6090875731389374,-28.367831308516,7.513522961375498,0.5792619200076994,38.57444916127446,dbscl-sentinel-1-2021\dbscl-sentinel-1_2021-02\S1_2021-02-08_11-11-04\S1A_IW_GRDH_1SDV_20210208T111104_20210208T111133_036498_044922_64F4_metadata.json
2021-02-08 11:11:33,104.10787282854926,106.66235358541032,9.488519066985448,11.445151957610625,-16.54142117602456,2.4081261639739,-26.729506395386014,6.353335956663143,0.604612071433704,40.329445067432864,dbscl-sentinel-1-2021\dbscl-sentinel-1_2021-02\S1_2021-02-08_11-11-33\S1A_IW_GRDH_1SDV_20210208T111133_20210208T111158_036498_044922_9307_metadata.json
2021-02-12 22:53:53,102.44155576951434,104.98702308081616,9.59209166489095,11.386005488239062,-15.925705992912691,2.4755715220547296,-25.78686974701743,6.064542238807834,0.6088555600898607,33.13859981579912,dbscl-sentinel-1-2021\dbscl-sentinel-1_2021-02\S1_2021-02-12_22-53-53\S1A_IW_GRDH_1SDV_20210212T225353_20210212T225418_036563_044B62_D69D_metadata.json
2021-02-13 11:19:05,102.56703294861008,105.10994084615128,6.958316347175689,8.921424472822439,-16.67563494571282,2.4847257304388477,-26.97331213408648,6.377957757339233,0.6136525903169715,45.97731461187173,dbscl-sentinel-1-2021\dbscl-sentinel-1_2021-02\S1_2021-02-13_11-19-05\S1A_IW_GRDH_1SDV_20210213T111905_20210213T111930_036571_044BAA_9EA0_metadata.json
2021-02-13 11:19:30,102.2563449692946,104.80693740616344,8.470465936994625,10.4298797744489,-15.070271913526955,2.6134930892298494,-23.55373114745684,6.586812679597166,0.5482106392280577,45.00111410947654,dbscl-sentinel-1-2021\dbscl-sentinel-1_2021-02\S1_2021-02-13_11-19-30\S1A_IW_GRDH_1SDV_20210213T111930_20210213T111955_036571_044BAA_9F03_metadata.json
2021-02-13 11:19:55,101.94577997817169,104.5065531756374,9.982803036974044,11.938696183790384,-14.643462612693922,2.5643546850527703,-22.99792451726477,6.289000708123016,0.5651483151737704,43.812537253861066,dbscl-sentinel-1-2021\dbscl-sentinel-1_2021-02\S1_2021-02-13_11-19-55\S1A_IW_GRDH_1SDV_20210213T111955_20210213T112020_036571_044BAA_015B_metadata.json
2021-02-14 22:37:20,106.58526258532756,109.17781262318222,9.743858151707425,11.75696462615825,-18.184259747320844,2.47803474712341,-29.660973491442377,6.707546003199375,0.6213966775867472,45.633548074115886,dbscl-sentinel-1-2021\dbscl-sentinel-1_2021-02\S1_2021-02-14_22-37-20\S1A_IW_GRDH_1SDV_20210214T223720_20210214T223748_036592_044C78_A966_metadata.json
2021-02-15 11:03:19,106.11801381153636,108.7002498951978,9.463478832449134,11.662185770627872,-16.027462352664536,2.575972795720309,-24.914085130693547,7.14083957463573,0.5461142772713599,31.80921854549725,dbscl-sentinel-1-2021\dbscl-sentinel-1_2021-02\S1_2021-02-15_11-03-19\S1A_IW_GRDH_1SDV_20210215T110319_20210215T110348_036600_044CC1_8E41_metadata.json
2021-02-19 22:45:21,104.70676736867031,107.2632852866646,10.517666518384177,12.471350301676146,-16.12099723268543,2.480999188940818,-26.49730025596729,5.744694209403511,0.6374228089259313,38.10484663903764,dbscl-sentinel-1-2021\dbscl-sentinel-1_2021-02\S1_2021-02-19_22-45-21\S1A_IW_GRDH_1SDV_20210219T224521_20210219T224546_036665_044EF5_D505_metadata.json
2021-02-19 22:45:46,104.4069937312234,106.9591199239231,9.005324431782482,10.96308813790065,-16.666948266129864,2.538178730497301,-26.70885029640402,6.625046235855716,0.5915382315121842,38.75578783976493,dbscl-sentinel-1-2021\dbscl-sentinel-1_2021-02\S1_2021-02-19_22-45-46\S1A_IW_GRDH_1SDV_20210219T224546_20210219T224611_036665_044EF5_AA5B_metadata.json
2021-02-19 22:46:11,104.17558855007856,106.64842730840516,7.968104511389892,9.454635592288206,-17.75706666728683,2.530714530968897,-28.308513212513716,7.205620122059855,0.5919043254618106,41.01019784661033,dbscl-sentinel-1-2021\dbscl-sentinel-1_2021-02\S1_2021-02-19_22-46-11\S1A_IW_GRDH_1SDV_20210219T224611_20210219T224631_036665_044EF5_B83E_metadata.json
2021-02-20 11:11:04,104.4160492750748,106.9880909211236,7.735655806714135,9.93690876857086,-18.080212364706128,2.538216835314949,-28.758701766392985,7.401722963019281,0.5937304362600749,38.56738872816621,dbscl-sentinel-1-2021\dbscl-sentinel-1_2021-02\S1_2021-02-20_11-11-04\S1A_IW_GRDH_1SDV_20210220T111104_20210220T111133_036673_044F3D_C567_metadata.json
2021-02-20 11:11:33,104.10802846029922,106.6626603416128,9.488489196034491,11.445174700318438,-16.61389816286475,2.4985203928280346,-27.02239334754287,6.205402978186692,0.6153748695519612,40.29455543838584,dbscl-sentinel-1-2021\dbscl-sentinel-1_2021-02\S1_2021-02-20_11-11-33\S1A_IW_GRDH_1SDV_20210220T111133_20210220T111158_036673_044F3D_4F0D_metadata.json
2021-02-24 22:53:53,102.44216625611234,104.98791492476497,9.591813306424076,11.386022509871951,-16.13734277692569,2.484165966966411,-26.34324556420878,5.931439989642493,0.623454733244249,33.140904729190645,dbscl-sentinel-1-2021\dbscl-sentinel-1_2021-02\S1_2021-02-24_22-53-53\S1A_IW_GRDH_1SDV_20210224T225353_20210224T225417_036738_045179_374E_metadata.json
2021-02-25 11:19:05,102.56742048156887,105.110166027366,6.958066234670682,8.921512334591485,-16.346466160039903,2.511990082450125,-26.20934496462543,6.483587355454301,0.5962631240227069,45.97513079026829,dbscl-sentinel-1-2021\dbscl-sentinel-1_2021-02\S1_2021-02-25_11-19-05\S1A_IW_GRDH_1SDV_20210225T111905_20210225T111930_036746_0451BD_E41E_metadata.json
2021-02-25 11:19:30,102.25676811169036,104.8076607393067,8.470351898382738,10.429681484987531,-14.982994405965956,2.565274748360977,-23.45536093268157,6.510627879250342,0.5550503708450016,45.00147496583177,dbscl-sentinel-1-2021\dbscl-sentinel-1_2021-02\S1_2021-02-25_11-19-30\S1A_IW_GRDH_1SDV_20210225T111930_20210225T111955_036746_0451BD_B0A9_metadata.json
2021-02-25 11:19:55,101.94618902956348,104.50697905308988,9.982577249041467,11.938627727507852,-14.483991235507023,2.554016831181182,-22.79692925588598,6.17105321512806,0.5685796520778956,43.81326890228865,dbscl-sentinel-1-2021\dbscl-sentinel-1_2021-02\S1_2021-02-25_11-19-55\S1A_IW_GRDH_1SDV_20210225T111955_20210225T112020_036746_0451BD_5528_metadata.json
2021-02-26 22:37:19,106.5852437009234,109.17805314594273,9.743537639278031,11.756947485856982,-17.78873354265248,2.470351012944674,-29.134566245291683,6.442900840013033,0.6262358924839223,45.63511129859763,dbscl-sentinel-1-2021\dbscl-sentinel-1_2021-02\S1_2021-02-26_22-37-19\S1A_IW_GRDH_1SDV_20210226T223719_20210226T223747_036767_04528B_EB39_metadata.json
2021-02-27 11:03:19,106.11802377055344,108.70038075529112,9.46367971234258,11.662115638320117,-15.866071633696205,2.6000971197615983,-24.730211694425407,7.0019315729669085,0.5503966882304601,31.807506395533736,dbscl-sentinel-1-2021\dbscl-sentinel-1_2021-02\S1_2021-02-27_11-03-19\S1A_IW_GRDH_1SDV_20210227T110319_20210227T110348_036775_0452CE_D62B_metadata.json
2021-02-01 22:44:45,104.64461260928086,107.20098055928962,10.205236199938843,12.15968762140288,-16.412910935538054,2.5518960367942083,-26.11645354125189,6.709368329824204,0.5808139230212085,38.29949018669124,dbscl-sentinel-1-2021\dbscl-sentinel-1_2021-02\S1_2021-02-01_22-44-45\S1B_IW_GRDH_1SDV_20210201T224445_20210201T224510_025419_030712_0D59_metadata.json
2021-02-01 22:45:10,104.24211777702634,106.89426491103276,8.302236123321679,10.651392837001962,-17.193351178316565,2.54880288510944,-27.36316460565116,7.023537750981931,0.5866486691380154,39.15254207141479,dbscl-sentinel-1-2021\dbscl-sentinel-1_2021-02\S1_2021-02-01_22-45-10\S1B_IW_GRDH_1SDV_20210201T224510_20210201T224544_025419_030712_760F_metadata.json
2021-02-02 11:11:10,103.8341835247297,106.42399506902396,10.571560178622189,12.765892492367444,-17.408250669942085,2.4889279559621054,-28.337661739835664,6.478839600048519,0.6231812438472184,39.83587049196047,dbscl-sentinel-1-2021\dbscl-sentinel-1_2021-02\S1_2021-02-02_11-11-10\S1B_IW_GRDH_1SDV_20210202T111110_20210202T111139_025427_030757_E37A_metadata.json
2021-02-13 22:44:45,104.643958355576,107.20025525236686,10.205247390473549,12.159654316576194,-16.42154192571921,2.539427392066206,-26.24583185402529,6.597251997413088,0.589735138914074,38.29580554187029,dbscl-sentinel-1-2021\dbscl-sentinel-1_2021-02\S1_2021-02-13_22-44-45\S1B_IW_GRDH_1SDV_20210213T224445_20210213T224510_025594_030CCC_1E3D_metadata.json
2021-02-13 22:45:10,104.24153724577783,106.89358610685252,8.30220447469065,10.651364165156224,-17.021394427596146,2.545457825294146,-27.17468718816654,6.868101667025767,0.586776355030878,39.14879390091771,dbscl-sentinel-1-2021\dbscl-sentinel-1_2021-02\S1_2021-02-13_22-45-10\S1B_IW_GRDH_1SDV_20210213T224510_20210213T224543_025594_030CCC_AE54_metadata.json
2021-02-14 11:11:09,103.83371693491664,106.42356016104752,10.571038596656898,12.76580717096245,-17.058695527385748,2.4437584275922823,-28.2692278754032,5.848163179368384,0.6489789637174801,39.840052988135525,dbscl-sentinel-1-2021\dbscl-sentinel-1_2021-02\S1_2021-02-14_11-11-09\S1B_IW_GRDH_1SDV_20210214T111109_20210214T111138_025602_030D0E_9286_metadata.json
2021-02-25 22:44:45,104.64427182770112,107.20078327270936,10.20529532071468,12.15968814877436,-16.1438458509183,2.7813270972325546,-25.788395848482,6.4992958533547736,0.5896229179477781,38.29972109708712,dbscl-sentinel-1-2021\dbscl-sentinel-1_2021-02\S1_2021-02-25_22-44-45\S1B_IW_GRDH_1SDV_20210225T224445_20210225T224510_025769_03127E_4835_metadata.json
2021-02-25 22:45:10,104.24216080243384,106.89388084341678,8.30137042536487,10.651396908991844,-16.95453815501612,2.5224075931537056,-27.26632242172073,6.642753888311425,0.5973651458688097,39.152788483849065,dbscl-sentinel-1-2021\dbscl-sentinel-1_2021-02\S1_2021-02-25_22-45-10\S1B_IW_GRDH_1SDV_20210225T224510_20210225T224543_025769_03127E_58AC_metadata.json
2021-02-26 11:11:09,103.83391055843758,106.42386064282496,10.570916972371217,12.765937412259769,-16.406050070680074,2.389221438274447,-27.26450596554504,5.547594175815097,0.6541210049655757,39.83746042619818,dbscl-sentinel-1-2021\dbscl-sentinel-1_2021-02\S1_2021-02-26_11-11-09\S1B_IW_GRDH_1SDV_20210226T111109_20210226T111138_025777_0312C3_6D5A_metadata.json
2021-03-03 22:45:21,104.70689088666016,107.26333020142356,10.5175775332126,12.471346557714524,-15.706827627953192,2.4347287729330995,-25.90294729441475,5.510707961491803,0.64291416150922,38.10621137932702,dbscl-sentinel-1-2021\dbscl-sentinel-1_2021-03\S1_2021-03-03_22-45-21\S1A_IW_GRDH_1SDV_20210303T224521_20210303T224546_036840_045503_7772_metadata.json
2021-03-03 22:45:46,104.4071956028816,106.95915712547465,9.00528147896691,10.96297459260541,-16.358244890233816,2.5471514701263023,-26.117432242903146,6.599057537564472,0.5874547881854196,38.75730596822788,dbscl-sentinel-1-2021\dbscl-sentinel-1_2021-03\S1_2021-03-03_22-45-46\S1A_IW_GRDH_1SDV_20210303T224546_20210303T224611_036840_045503_752A_metadata.json
2021-03-03 22:46:11,104.17567793037418,106.64850736571636,7.968167802480198,9.45458151778873,-17.77166895343915,2.5084705765109683,-28.452187684280272,7.091150222598063,0.5981322900918817,41.01157812162988,dbscl-sentinel-1-2021\dbscl-sentinel-1_2021-03\S1_2021-03-03_22-46-11\S1A_IW_GRDH_1SDV_20210303T224611_20210303T224630_036840_045503_44DA_metadata.json
2021-03-04 11:11:04,104.41612930035944,106.98821199885067,7.735416295716922,9.936849990014768,-18.04994418859528,2.514308568230862,-28.91573837579661,7.184150001393782,0.5993720830767585,38.56447388851976,dbscl-sentinel-1-2021\dbscl-sentinel-1_2021-03\S1_2021-03-04_11-11-04\S1A_IW_GRDH_1SDV_20210304T111104_20210304T111133_036848_045548_E97E_metadata.json
2021-03-04 11:11:33,104.10813552369854,106.66279150026143,9.488430495646178,11.445133353256468,-16.26814973789809,2.4975530251714053,-26.451325779101943,6.08497369669435,0.6159127475130018,40.293174113806586,dbscl-sentinel-1-2021\dbscl-sentinel-1_2021-03\S1_2021-03-04_11-11-33\S1A_IW_GRDH_1SDV_20210304T111133_20210304T111158_036848_045548_D47C_metadata.json
2021-03-08 22:53:53,102.4427291661514,104.9879985465322,9.592103839719504,11.386046824799466,-15.976207636444158,2.542723869282668,-25.70944369560463,6.242971577283512,0.602399629391207,33.1422717562564,dbscl-sentinel-1-2021\dbscl-sentinel-1_2021-03\S1_2021-03-08_22-53-53\S1A_IW_GRDH_1SDV_20210308T225353_20210308T225417_036913_045794_EE7C_metadata.json
2021-03-10 22:37:19,106.58545673508404,109.17820865563448,9.74383172723156,11.75698960917933,-18.08217353883809,2.494930756594944,-29.17455677821944,6.989790299456996,0.6065470005713525,45.63620244824675,dbscl-sentinel-1-2021\dbscl-sentinel-1_2021-03\S1_2021-03-10_22-37-19\S1A_IW_GRDH_1SDV_20210310T223719_20210310T223747_036942_0458A6_72EF_metadata.json
2021-03-11 11:03:19,106.1181417535418,108.70043594491482,9.463249368005192,11.662113368320195,-15.93385374745577,2.608964580035133,-24.620232144523328,7.247475350388207,0.5403042927397458,31.80677176364928,dbscl-sentinel-1-2021\dbscl-sentinel-1_2021-03\S1_2021-03-11_11-03-19\S1A_IW_GRDH_1SDV_20210311T110319_20210311T110348_036950_0458E7_7784_metadata.json
2021-03-15 22:45:21,104.70611560823777,107.2625182195898,10.51768914925403,12.471211821766545,-15.551207774089963,2.476115396088965,-25.42182565412049,5.680589894059402,0.6306626250401811,38.10324438335769,dbscl-sentinel-1-2021\dbscl-sentinel-1_2021-03\S1_2021-03-15_22-45-21\S1A_IW_GRDH_1SDV_20210315T224521_20210315T224546_037015_045B20_B849_metadata.json
2021-03-15 22:45:46,104.40643376751416,106.95825744409984,9.005273844786503,10.962957997954886,-16.362329776419504,2.5340941533839705,-26.03765649947541,6.68700305336364,0.5816485995679088,38.75461423275547,dbscl-sentinel-1-2021\dbscl-sentinel-1_2021-03\S1_2021-03-15_22-45-46\S1A_IW_GRDH_1SDV_20210315T224546_20210315T224611_037015_045B20_4496_metadata.json
2021-03-15 22:46:11,104.175264724319,106.6476878141176,7.968002558620196,9.454455491175771,-17.999832699964834,2.480911395425612,-29.29378163335279,6.705883766576829,0.6215283037120116,41.00933104672971,dbscl-sentinel-1-2021\dbscl-sentinel-1_2021-03\S1_2021-03-15_22-46-11\S1A_IW_GRDH_1SDV_20210315T224611_20210315T224630_037015_045B20_866C_metadata.json
2021-03-16 11:11:04,104.41586773063904,106.98809461471404,7.734885461890439,9.936759884904983,-18.156153127642245,2.4939212813997838,-29.33119886987668,6.981107385407821,0.6099496236637098,38.5647965292807,dbscl-sentinel-1-2021\dbscl-sentinel-1_2021-03\S1_2021-03-16_11-11-04\S1A_IW_GRDH_1SDV_20210316T111104_20210316T111133_037023_045B6C_75EF_metadata.json
2021-03-16 11:11:33,104.10798361423066,106.66256507622398,9.488351320537497,11.445040747670603,-16.219220770070624,2.524066975799796,-26.100225186061344,6.338216354079928,0.5956918084412847,40.29406553638624,dbscl-sentinel-1-2021\dbscl-sentinel-1_2021-03\S1_2021-03-16_11-11-33\S1A_IW_GRDH_1SDV_20210316T111133_20210316T111158_037023_045B6C_56F7_metadata.json
2021-03-20 22:53:53,102.44279904905628,104.98835148792408,9.591867375442355,11.38609308402255,-15.892779288478833,2.5101160641814118,-25.5931022262522,6.192456350705713,0.6035327737711756,33.14307047059916,dbscl-sentinel-1-2021\dbscl-sentinel-1_2021-03\S1_2021-03-20_22-53-53\S1A_IW_GRDH_1SDV_20210320T225353_20210320T225417_037088_045DB4_A747_metadata.json
2021-03-22 22:37:20,106.58609709779898,109.17877680176755,9.744233720226797,11.757052348734485,-18.445387636073416,2.4383115627691976,-29.9693719988502,6.921403273296573,0.6147951326008596,45.63783032216177,dbscl-sentinel-1-2021\dbscl-sentinel-1_2021-03\S1_2021-03-22_22-37-20\S1A_IW_GRDH_1SDV_20210322T223720_20210322T223748_037117_045EB7_C3B5_metadata.json
2021-03-23 11:03:19,106.11830675040297,108.7005972545346,9.46310459915077,11.662091738479385,-16.028176080475006,2.609858004848208,-24.728276691158968,7.328075469791028,0.5394403468554614,31.805991200741225,dbscl-sentinel-1-2021\dbscl-sentinel-1_2021-03\S1_2021-03-23_11-03-19\S1A_IW_GRDH_1SDV_20210323T110319_20210323T110348_037125_045EFE_B063_metadata.json
2021-03-27 22:45:22,104.70552498609968,107.2619127748982,10.517601850194827,12.471187956496628,-15.835287017148572,2.277176930945056,-25.49964068335591,6.1709333509413,0.6044428180343125,38.0997764020011,dbscl-sentinel-1-2021\dbscl-sentinel-1_2021-03\S1_2021-03-27_22-45-22\S1A_IW_GRDH_1SDV_20210327T224522_20210327T224547_037190_04612D_0512_metadata.json
2021-03-27 22:45:47,104.40586075055212,106.9577312203833,9.005236189023927,10.96292480285144,-16.688568625714034,2.560921245614739,-26.46575043380297,6.911386817625121,0.5768481164799572,38.75143490841858,dbscl-sentinel-1-2021\dbscl-sentinel-1_2021-03\S1_2021-03-27_22-45-47\S1A_IW_GRDH_1SDV_20210327T224547_20210327T224612_037190_04612D_CF6E_metadata.json
2021-03-27 22:46:12,104.17473083904464,106.64710366847902,7.968211472213377,9.45441438251104,-18.08122236170951,2.492192653742904,-29.31695430703072,6.845490416388349,0.6163053963900593,41.00649412747474,dbscl-sentinel-1-2021\dbscl-sentinel-1_2021-03\S1_2021-03-27_22-46-12\S1A_IW_GRDH_1SDV_20210327T224612_20210327T224631_037190_04612D_081A_metadata.json
2021-03-28 11:11:04,104.41544966414156,106.98772318394649,7.734838314346537,9.936775630775164,-18.30541579363181,2.4872011375025385,-29.60886416883893,7.001967418424687,0.6115711963615978,38.567808531437805,dbscl-sentinel-1-2021\dbscl-sentinel-1_2021-03\S1_2021-03-28_11-11-04\S1A_IW_GRDH_1SDV_20210328T111104_20210328T111133_037198_046176_0D08_metadata.json
2021-03-28 11:11:33,104.10759364901844,106.66208812020018,9.488398168360382,11.445044646247808,-16.401617401483406,2.540522166404742,-26.08786157375337,6.71537322921343,0.5845698740289388,40.2965803590412,dbscl-sentinel-1-2021\dbscl-sentinel-1_2021-03\S1_2021-03-28_11-11-33\S1A_IW_GRDH_1SDV_20210328T111133_20210328T111158_037198_046176_12B9_metadata.json
2021-03-09 22:44:45,104.64482627642838,107.20453075294924,10.199065199148796,12.165864791357466,-15.96193274857545,2.546626519013937,-25.401876595623737,6.521988901527058,0.5846484827726989,38.2993230802034,dbscl-sentinel-1-2021\dbscl-sentinel-1_2021-03\S1_2021-03-09_22-44-45\S1B_IW_GRDH_1SDV_20210309T224445_20210309T224510_025944_031839_56AC_metadata.json
2021-03-09 22:45:10,104.24224960336709,106.8941844954154,8.302053190215815,10.651427295358696,-16.896036042223898,2.5560151570490515,-26.80580354716219,6.986268537285686,0.5774276283261012,39.15568682866978,dbscl-sentinel-1-2021\dbscl-sentinel-1_2021-03\S1_2021-03-09_22-45-10\S1B_IW_GRDH_1SDV_20210309T224510_20210309T224543_025944_031839_FEC8_metadata.json
2021-03-10 11:11:09,103.83439625483604,106.42385902539796,10.57061372696781,12.765889725569108,-16.019078817230127,2.488919752761817,-26.054948231274576,5.983209403185668,0.6194063055510645,39.8368852513613,dbscl-sentinel-1-2021\dbscl-sentinel-1_2021-03\S1_2021-03-10_11-11-09\S1B_IW_GRDH_1SDV_20210310T111109_20210310T111138_025952_03187C_D079_metadata.json
2021-03-21 22:44:45,104.64514579921575,107.2012452914396,10.20536114831052,12.15949821087642,-15.945895083390717,2.546816453113163,-25.33498192910076,6.556808237680701,0.5821703775260725,38.30647817605946,dbscl-sentinel-1-2021\dbscl-sentinel-1_2021-03\S1_2021-03-21_22-44-45\S1B_IW_GRDH_1SDV_20210321T224445_20210321T224510_026119_031DD9_D0CD_metadata.json
2021-03-21 22:45:10,104.2426348811788,106.8946751842072,8.302320282746525,10.651426260142296,-17.11439364264486,2.5610130026294056,-27.076761463255945,7.152025822033717,0.5746937384450729,39.159679517920566,dbscl-sentinel-1-2021\dbscl-sentinel-1_2021-03\S1_2021-03-21_22-45-10\S1B_IW_GRDH_1SDV_20210321T224510_20210321T224543_026119_031DD9_8F90_metadata.json
2021-03-22 11:11:09,103.83435538940094,106.42434434391934,10.57064014287594,12.765791372119793,-16.590707964860172,2.5346734501436154,-26.395775495733258,6.785640433987081,0.5880192050688312,39.83618617024671,dbscl-sentinel-1-2021\dbscl-sentinel-1_2021-03\S1_2021-03-22_11-11-09\S1B_IW_GRDH_1SDV_20210322T111109_20210322T111138_026127_031E1A_F32C_metadata.json
2021-04-01 22:53:53,102.44302365422874,104.98829309519276,9.59147766189913,11.386069350401916,-16.039401210471844,2.5260882523634045,-25.672152410297464,6.406650010646158,0.593997666932967,33.143430447798025,dbscl-sentinel-1-2021\dbscl-sentinel-1_2021-04\S1_2021-04-01_22-53-53\S1A_IW_GRDH_1SDV_20210401T225353_20210401T225418_037263_0463BB_D922_metadata.json
2021-04-02 11:19:05,102.5678763116577,105.11092623928792,6.958052497801823,8.92140146014727,-16.35788566904511,2.498492893289165,-26.35955655621772,6.356214781872432,0.6079599803212669,45.97417983771265,dbscl-sentinel-1-2021\dbscl-sentinel-1_2021-04\S1_2021-04-02_11-19-05\S1A_IW_GRDH_1SDV_20210402T111905_20210402T111930_037271_046403_A134_metadata.json
2021-04-02 11:19:30,102.25715327221612,104.80804658365274,8.470286017258337,10.429723297273998,-15.1020392604184,2.3503288655555457,-23.782872134280087,6.421206386556696,0.5608210358322351,45.00312799305859,dbscl-sentinel-1-2021\dbscl-sentinel-1_2021-04\S1_2021-04-02_11-19-30\S1A_IW_GRDH_1SDV_20210402T111930_20210402T111955_037271_046403_0424_metadata.json
2021-04-02 11:19:55,101.9465919005663,104.5074425250276,9.98255810265595,11.938514589307214,-14.547862695673397,2.5484806849165964,-22.97033915799406,6.125386233352646,0.5737155268428007,43.81388377818347,dbscl-sentinel-1-2021\dbscl-sentinel-1_2021-04\S1_2021-04-02_11-19-55\S1A_IW_GRDH_1SDV_20210402T111955_20210402T112020_037271_046403_CB2C_metadata.json
2021-04-03 22:37:20,106.58628747141071,109.178888489474,9.743964016931292,11.757072992653203,-18.23534106436651,2.50205590043555,-29.424375393214987,7.046306735518201,0.6049429998714977,45.63857149545053,dbscl-sentinel-1-2021\dbscl-sentinel-1_2021-04\S1_2021-04-03_22-37-20\S1A_IW_GRDH_1SDV_20210403T223720_20210403T223748_037292_0464BD_01EA_metadata.json
2021-04-04 11:03:19,106.11841055763482,108.70086386867604,9.462721957958468,11.66215454345448,-15.754132680705744,2.6188876053148142,-24.352186998509985,7.156078362901525,0.5381056157088548,31.805656116410745,dbscl-sentinel-1-2021\dbscl-sentinel-1_2021-04\S1_2021-04-04_11-03-19\S1A_IW_GRDH_1SDV_20210404T110319_20210404T110348_037300_046507_F250_metadata.json
2021-04-08 22:45:22,104.70591725078366,107.26269859964212,10.517924118333124,12.471278763584577,-16.009044567854446,2.499258630757853,-25.15979108662784,6.858298049081019,0.5690847872072191,38.09939335848215,dbscl-sentinel-1-2021\dbscl-sentinel-1_2021-04\S1_2021-04-08_22-45-22\S1A_IW_GRDH_1SDV_20210408T224522_20210408T224547_037365_046735_D365_metadata.json
2021-04-08 22:45:47,104.40624957055984,106.95831545308631,9.005271945663472,10.96302576020502,-16.80926402871228,2.5616021946207588,-26.477197247357054,7.141330810067584,0.5663864412927054,38.75078000695202,dbscl-sentinel-1-2021\dbscl-sentinel-1_2021-04\S1_2021-04-08_22-45-47\S1A_IW_GRDH_1SDV_20210408T224547_20210408T224612_037365_046735_42DD_metadata.json
2021-04-08 22:46:12,104.17548010560876,106.6476931212687,7.968111171768743,9.454553747184503,-18.021075997616467,2.495484918943693,-29.146126784961897,6.896025210270883,0.6105759526134098,41.00549706181989,dbscl-sentinel-1-2021\dbscl-sentinel-1_2021-04\S1_2021-04-08_22-46-12\S1A_IW_GRDH_1SDV_20210408T224612_20210408T224631_037365_046735_E687_metadata.json
2021-04-09 11:11:05,104.41559044059689,106.98765039331454,7.734148978631484,9.936745834228557,-17.932338674670888,2.516125778080015,-28.864968081080857,6.999709268261069,0.6015359502632491,38.56783144994277,dbscl-sentinel-1-2021\dbscl-sentinel-1_2021-04\S1_2021-04-09_11-11-05\S1A_IW_GRDH_1SDV_20210409T111105_20210409T111134_037373_046781_E757_metadata.json
2021-04-09 11:11:34,104.10774600120814,106.6620790344769,9.488513943128869,11.445128663451676,-16.162134866461702,2.5922538096049874,-25.411327571539587,6.91294216138395,0.5645872228042912,40.29992832428032,dbscl-sentinel-1-2021\dbscl-sentinel-1_2021-04\S1_2021-04-09_11-11-34\S1A_IW_GRDH_1SDV_20210409T111134_20210409T111159_037373_046781_6E64_metadata.json
2021-04-13 22:53:54,102.4427018777196,104.98782131836064,9.591789883986545,11.386007175702073,-14.981702260194398,2.550010374567532,-23.78974768969785,6.17365683069121,0.5785844789258969,33.14010100611422,dbscl-sentinel-1-2021\dbscl-sentinel-1_2021-04\S1_2021-04-13_22-53-54\S1A_IW_GRDH_1SDV_20210413T225354_20210413T225418_037438_0469C9_6B16_metadata.json
2021-04-14 11:19:06,102.56783104377908,105.11047168191804,6.958226104676139,8.921663882298954,-16.458741772525556,2.50611482055533,-26.49417593927138,6.423307605779776,0.6019000364027094,45.97733810009839,dbscl-sentinel-1-2021\dbscl-sentinel-1_2021-04\S1_2021-04-14_11-19-06\S1A_IW_GRDH_1SDV_20210414T111906_20210414T111931_037446_046A11_36FD_metadata.json
2021-04-14 11:19:31,102.25715859863492,104.80795450808652,8.470515964875043,10.429850885061912,-15.004069447015386,2.628570930232829,-23.45374544156229,6.554393452468479,0.5481102304400282,45.00634153017919,dbscl-sentinel-1-2021\dbscl-sentinel-1_2021-04\S1_2021-04-14_11-19-31\S1A_IW_GRDH_1SDV_20210414T111931_20210414T111956_037446_046A11_7895_metadata.json
2021-04-14 11:19:56,101.94659721182155,104.5070914771191,9.983025090176742,11.938759211819011,-14.590931758223665,2.5647495857801808,-22.9014132499262,6.280450266521225,0.5642183661659687,43.81713779289025,dbscl-sentinel-1-2021\dbscl-sentinel-1_2021-04\S1_2021-04-14_11-19-56\S1A_IW_GRDH_1SDV_20210414T111956_20210414T112021_037446_046A11_F29E_metadata.json
2021-04-15 22:37:20,106.58616616104533,109.178975589573,9.743663169353322,11.757002666021512,-17.291133161752413,2.5243088422632387,-27.684037270144888,6.898229053359868,0.5895970085245875,45.63559702090419,dbscl-sentinel-1-2021\dbscl-sentinel-1_2021-04\S1_2021-04-15_22-37-20\S1A_IW_GRDH_1SDV_20210415T223720_20210415T223748_037467_046ACB_6EA5_metadata.json
2021-04-16 11:03:20,106.11860336827458,108.70099554459472,9.462051789185796,11.662245040324173,-15.567979727239582,3.1274057029669207,-23.94252970487235,7.1934297496068105,0.521584864463767,31.80961754284599,dbscl-sentinel-1-2021\dbscl-sentinel-1_2021-04\S1_2021-04-16_11-03-20\S1A_IW_GRDH_1SDV_20210416T110320_20210416T110349_037475_046B14_55B1_metadata.json
2021-04-20 22:45:23,104.70641577009316,107.2628252265168,10.51758002822962,12.47114492064878,-16.389028523363578,2.5974497271321706,-25.371940752973977,7.406116293753182,0.547090773829098,38.10304749201144,dbscl-sentinel-1-2021\dbscl-sentinel-1_2021-04\S1_2021-04-20_22-45-23\S1A_IW_GRDH_1SDV_20210420T224523_20210420T224548_037540_046D48_D3F6_metadata.json
2021-04-20 22:45:48,104.40673226653952,106.95880267509828,9.005345670518832,10.96299969757443,-16.417646832201612,2.597011149883109,-25.755952151230183,7.079341513173114,0.5578297917334011,38.75426333761459,dbscl-sentinel-1-2021\dbscl-sentinel-1_2021-04\S1_2021-04-20_22-45-48\S1A_IW_GRDH_1SDV_20210420T224548_20210420T224613_037540_046D48_C5E9_metadata.json
2021-04-20 22:46:13,104.17551725869257,106.64816599794824,7.967891415355807,9.45457734205477,-17.899013700847732,2.4984398810721324,-28.922867239002336,6.875160162693047,0.6080681070031251,41.0086363344052,dbscl-sentinel-1-2021\dbscl-sentinel-1_2021-04\S1_2021-04-20_22-46-13\S1A_IW_GRDH_1SDV_20210420T224613_20210420T224632_037540_046D48_6EDC_metadata.json
2021-04-21 11:11:05,104.41589704063554,106.98820686385652,7.733984859925587,9.936948125661434,-17.576593727350055,2.534043875468321,-28.060642258885892,7.092545195814226,0.5881094768462722,38.56650274914432,dbscl-sentinel-1-2021\dbscl-sentinel-1_2021-04\S1_2021-04-21_11-11-05\S1A_IW_GRDH_1SDV_20210421T111105_20210421T111134_037548_046D96_2FB7_metadata.json
2021-04-21 11:11:34,104.10799788343274,106.66236743890694,9.488530056370363,11.445232347468393,-16.631459913515393,2.565081184313036,-25.905197960042518,7.357721866988299,0.5501738192958409,40.29782591546905,dbscl-sentinel-1-2021\dbscl-sentinel-1_2021-04\S1_2021-04-21_11-11-34\S1A_IW_GRDH_1SDV_20210421T111134_20210421T111159_037548_046D96_D3F9_metadata.json
2021-04-25 22:53:54,102.44210232104378,104.98775160391205,9.591746382405,11.385923047223036,-15.141376592936714,2.5737772917578696,-23.94833868910452,6.33441449676869,0.5694896355627456,33.14103465498165,dbscl-sentinel-1-2021\dbscl-sentinel-1_2021-04\S1_2021-04-25_22-53-54\S1A_IW_GRDH_1SDV_20210425T225354_20210425T225419_037613_046FD2_31A2_metadata.json
2021-04-26 11:19:06,102.56803295441564,105.11089412135588,6.958159040126698,8.9215645177795,-16.28611488894061,2.511278436988887,-26.147887801036862,6.424341976844189,0.5984048190236505,45.97671827097913,dbscl-sentinel-1-2021\dbscl-sentinel-1_2021-04\S1_2021-04-26_11-19-06\S1A_IW_GRDH_1SDV_20210426T111906_20210426T111931_037621_047019_FA2F_metadata.json
2021-04-26 11:19:31,102.25738108599712,104.80813946070528,8.470471677783056,10.42970381851149,-14.853391104650614,2.634257854279341,-23.13900708786252,6.5677751214386655,0.5474409201678933,45.006978847264506,dbscl-sentinel-1-2021\dbscl-sentinel-1_2021-04\S1_2021-04-26_11-19-31\S1A_IW_GRDH_1SDV_20210426T111931_20210426T111956_037621_047019_E8E3_metadata.json
2021-04-26 11:19:56,101.94684074621848,104.50752997607796,9.98268407214101,11.9386674637448,-14.460824830816517,2.566803071857836,-22.675139326769344,6.246510334863782,0.5627417883059693,43.81808960669985,dbscl-sentinel-1-2021\dbscl-sentinel-1_2021-04\S1_2021-04-26_11-19-56\S1A_IW_GRDH_1SDV_20210426T111956_20210426T112021_037621_047019_F178_metadata.json
2021-04-27 22:37:21,106.58624502626397,109.17898892677714,9.743772324692085,11.756906498530586,-18.000016416889064,2.499383074779245,-29.21818154306896,6.781851290709161,0.6094630426540936,45.63696776716701,dbscl-sentinel-1-2021\dbscl-sentinel-1_2021-04\S1_2021-04-27_22-37-21\S1A_IW_GRDH_1SDV_20210427T223721_20210427T223749_037642_0470E2_7351_metadata.json
2021-04-28 11:03:20,106.11998750122692,108.70185565319342,9.462546789049355,11.66220038410126,-15.817244357988873,2.6420191256202767,-24.235689208533945,7.3987995074437265,0.5228702952179859,31.806650573455872,dbscl-sentinel-1-2021\dbscl-sentinel-1_2021-04\S1_2021-04-28_11-03-20\S1A_IW_GRDH_1SDV_20210428T110320_20210428T110349_037650_047125_EE17_metadata.json
2021-04-02 22:44:45,104.64529230668646,107.20142743020968,10.205372899664903,12.159797209108282,-14.52839532624206,2.61458609232637,-22.55338904298993,6.503401609494241,0.5517156507347556,38.30714151885118,dbscl-sentinel-1-2021\dbscl-sentinel-1_2021-04\S1_2021-04-02_22-44-45\S1B_IW_GRDH_1SDV_20210402T224445_20210402T224510_026294_032360_0649_metadata.json
2021-04-02 22:45:10,104.24318516578532,106.89482890175982,8.301804327391666,10.651493988604289,-16.774575155319557,2.5719290444788805,-26.46976300868669,7.079387301952452,0.5652985531686612,39.160265192617416,dbscl-sentinel-1-2021\dbscl-sentinel-1_2021-04\S1_2021-04-02_22-45-10\S1B_IW_GRDH_1SDV_20210402T224510_20210402T224543_026294_032360_E643_metadata.json
2021-04-03 11:11:09,103.83477961213627,106.42450950163791,10.57090146873707,12.7659346020972,-15.90034239207251,2.615081634257049,-24.60613679714941,7.194547986995623,0.5403954224038084,39.83461670991132,dbscl-sentinel-1-2021\dbscl-sentinel-1_2021-04\S1_2021-04-03_11-11-09\S1B_IW_GRDH_1SDV_20210403T111109_20210403T111138_026302_0323A3_9243_metadata.json
2021-04-14 22:44:45,104.64550383988266,107.20194968232248,10.205246856445472,12.159687721329956,-15.66306728088615,2.5914340732227514,-24.447175815596356,6.878958746175819,0.5553652813078493,38.30571082750215,dbscl-sentinel-1-2021\dbscl-sentinel-1_2021-04\S1_2021-04-14_22-44-45\S1B_IW_GRDH_1SDV_20210414T224445_20210414T224510_026469_0328F5_32E8_metadata.json
2021-04-14 22:45:10,104.24337820502454,106.89514768365606,8.301244928259711,10.651394119772236,-17.017116447644295,2.578791901317171,-26.74446938118073,7.289763514107792,0.5585632997468115,39.15891381678557,dbscl-sentinel-1-2021\dbscl-sentinel-1_2021-04\S1_2021-04-14_22-45-10\S1B_IW_GRDH_1SDV_20210414T224510_20210414T224544_026469_0328F5_9127_metadata.json
2021-04-15 11:11:10,103.83502533642094,106.42480836735344,10.570608759514164,12.76605232450806,-18.03512887268293,2.6066484193505706,-27.979502805268428,8.09075494009742,0.5513395875516168,39.83656509455497,dbscl-sentinel-1-2021\dbscl-sentinel-1_2021-04\S1_2021-04-15_11-11-10\S1B_IW_GRDH_1SDV_20210415T111110_20210415T111139_026477_032934_2970_metadata.json
2021-04-26 22:44:46,104.64442767446847,107.20045542387956,10.205240357155574,12.15963071900636,-16.20939172199737,3.1821296845583342,-25.094580717562103,7.324202726432745,0.5424888385209875,38.300677413263394,dbscl-sentinel-1-2021\dbscl-sentinel-1_2021-04\S1_2021-04-26_22-44-46\S1B_IW_GRDH_1SDV_20210426T224446_20210426T224511_026644_032E90_983E_metadata.json
2021-04-26 22:45:11,104.24220524724971,106.89399016529404,8.301624213181544,10.651319527713968,-16.89542100815656,2.6019283559395983,-26.509377866822767,7.281464149490462,0.5554385275813223,39.15368221623385,dbscl-sentinel-1-2021\dbscl-sentinel-1_2021-04\S1_2021-04-26_22-45-11\S1B_IW_GRDH_1SDV_20210426T224511_20210426T224545_026644_032E90_F23E_metadata.json
2021-04-27 11:11:10,103.83477916986833,106.42441164702169,10.570912179934396,12.766006426457364,-18.6022493047985,2.6754865936102408,-28.113962616504622,9.09053599309228,0.5090815568970115,39.83800655650195,dbscl-sentinel-1-2021\dbscl-sentinel-1_2021-04\S1_2021-04-27_11-11-10\S1B_IW_GRDH_1SDV_20210427T111110_20210427T111139_026652_032ED3_132F_metadata.json
2021-05-02 22:45:23,104.70716470895488,107.26355432438793,10.517552517898704,12.471095890720042,-17.020953326189808,2.6397263100638413,-25.897959947585534,8.143946704794118,0.5206641469041385,38.10786518771701,dbscl-sentinel-1-2021\dbscl-sentinel-1_2021-05\S1_2021-05-02_22-45-23\S1A_IW_GRDH_1SDV_20210502T224523_20210502T224548_037715_04735C_765E_metadata.json
2021-05-02 22:45:48,104.40746666020264,106.95947185264012,9.005264756938837,10.9629082160251,-16.669936965531953,2.6098461313069814,-25.95471741688173,7.3851565141821265,0.5625372042277528,38.75872313752813,dbscl-sentinel-1-2021\dbscl-sentinel-1_2021-05\S1_2021-05-02_22-45-48\S1A_IW_GRDH_1SDV_20210502T224548_20210502T224613_037715_04735C_0180_metadata.json
2021-05-02 22:46:13,104.17634172269908,106.6488743703964,7.968333639801679,9.45451055636344,-17.79939040308279,2.5159163819784216,-28.57079669984137,7.0279841063242126,0.5977846995035546,41.01297563912589,dbscl-sentinel-1-2021\dbscl-sentinel-1_2021-05\S1_2021-05-02_22-46-13\S1A_IW_GRDH_1SDV_20210502T224613_20210502T224632_037715_04735C_2D09_metadata.json
2021-05-03 11:11:06,104.41673619718972,106.98884576609998,7.734781809758621,9.936925867318871,-18.039742190919227,2.5577267403615296,-28.56466050610147,7.514823875736927,0.5778876333455838,38.562601441203874,dbscl-sentinel-1-2021\dbscl-sentinel-1_2021-05\S1_2021-05-03_11-11-06\S1A_IW_GRDH_1SDV_20210503T111106_20210503T111135_037723_0473A9_E411_metadata.json
2021-05-03 11:11:35,104.1087124089278,106.66326054150588,9.488513876427982,11.445194861461882,-16.86991778980383,2.6822660118409325,-26.18126833534897,7.558567244258659,0.5448430013803667,40.29337233701545,dbscl-sentinel-1-2021\dbscl-sentinel-1_2021-05\S1_2021-05-03_11-11-35\S1A_IW_GRDH_1SDV_20210503T111135_20210503T111200_037723_0473A9_A2D1_metadata.json
2021-05-07 22:53:55,102.44279266425843,104.98813173523628,9.592230353044547,11.386033316507552,-15.63343348885292,2.57176680295143,-24.680234470316503,6.586632507389339,0.5673942916344313,33.13780923904169,dbscl-sentinel-1-2021\dbscl-sentinel-1_2021-05\S1_2021-05-07_22-53-55\S1A_IW_GRDH_1SDV_20210507T225355_20210507T225419_037788_0475C1_B42D_metadata.json
2021-05-08 11:19:07,102.56779584517008,105.11059078564104,6.958370787832303,8.921650680518267,-16.295213222530396,2.499193432677795,-26.233111771974496,6.3573146730863765,0.6052870558464511,45.978526226190645,dbscl-sentinel-1-2021\dbscl-sentinel-1_2021-05\S1_2021-05-08_11-19-07\S1A_IW_GRDH_1SDV_20210508T111907_20210508T111932_037796_047601_6778_metadata.json
2021-05-08 11:19:32,102.2571126691958,104.80782218294796,8.470539681295111,10.42991630671061,-15.041837254703088,2.4907643595228186,-23.48343815834968,6.600236351056513,0.5466874194272369,45.00718765200555,dbscl-sentinel-1-2021\dbscl-sentinel-1_2021-05\S1_2021-05-08_11-19-32\S1A_IW_GRDH_1SDV_20210508T111932_20210508T111957_037796_047601_8DCB_metadata.json
2021-05-08 11:19:57,101.9465672598282,104.50714995542228,9.98284214301454,11.938760847144335,-14.638691032671703,2.562505569952373,-22.989893264949448,6.287488800393934,0.5652443904720398,43.81809005936595,dbscl-sentinel-1-2021\dbscl-sentinel-1_2021-05\S1_2021-05-08_11-19-57\S1A_IW_GRDH_1SDV_20210508T111957_20210508T112022_037796_047601_8C76_metadata.json
2021-05-09 22:37:21,106.5855250787177,109.17839655568956,9.743608731427848,11.756917325220012,-18.21225229790269,2.502556955735878,-29.38792770383124,7.03657689197416,0.6027679834000396,45.63364183537411,dbscl-sentinel-1-2021\dbscl-sentinel-1_2021-05\S1_2021-05-09_22-37-21\S1A_IW_GRDH_1SDV_20210509T223721_20210509T223749_037817_0476AA_4092_metadata.json
2021-05-10 11:03:21,106.11855563663272,108.70059263274118,9.462565765977944,11.662199159195463,-15.91665693894134,2.645248895900724,-24.41032622842184,7.422987649460804,0.5232985450585668,31.817454471529626,dbscl-sentinel-1-2021\dbscl-sentinel-1_2021-05\S1_2021-05-10_11-03-21\S1A_IW_GRDH_1SDV_20210510T110321_20210510T110350_037825_0476E8_E858_metadata.json
2021-05-14 22:45:24,104.70618893559818,107.26279609511472,10.517517006644097,12.471251859000535,-16.4017051914431,2.656769048147617,-24.916434509376188,7.886975873510066,0.5263846260553308,38.101554923225,dbscl-sentinel-1-2021\dbscl-sentinel-1_2021-05\S1_2021-05-14_22-45-24\S1A_IW_GRDH_1SDV_20210514T224524_20210514T224549_037890_0478CB_AB50_metadata.json
2021-05-14 22:45:49,104.40650019925916,106.95852821287802,9.005214712162505,10.962889038367676,-16.60518393377033,2.599499582290008,-25.855044232083426,7.355323635457195,0.5461748692924806,38.75295459830795,dbscl-sentinel-1-2021\dbscl-sentinel-1_2021-05\S1_2021-05-14_22-45-49\S1A_IW_GRDH_1SDV_20210514T224549_20210514T224614_037890_0478CB_02A6_metadata.json
2021-05-14 22:46:14,104.17552763318308,106.64790117968494,7.967749100657448,9.454453905591093,-17.326542954513265,2.4213944313025544,-27.84591323835871,6.807172670667814,0.5980378534564101,41.00761564880896,dbscl-sentinel-1-2021\dbscl-sentinel-1_2021-05\S1_2021-05-14_22-46-14\S1A_IW_GRDH_1SDV_20210514T224614_20210514T224633_037890_0478CB_5CD9_metadata.json
2021-05-15 11:11:06,104.41612166198412,106.98836767030608,7.734436979416227,9.936844714545355,-17.776298229204734,2.5488580962847376,-28.26480266514045,7.287793793269146,0.6706170545903863,38.5712295247038,dbscl-sentinel-1-2021\dbscl-sentinel-1_2021-05\S1_2021-05-15_11-11-06\S1A_IW_GRDH_1SDV_20210515T111106_20210515T111135_037898_047906_1715_metadata.json
2021-05-15 11:11:35,104.10817186146016,106.6626270571946,9.488517229248265,11.445171847882142,-16.26198131223166,2.571896086409612,-25.35496486833556,7.16899775612775,0.5508071051574789,40.32881345304156,dbscl-sentinel-1-2021\dbscl-sentinel-1_2021-05\S1_2021-05-15_11-11-35\S1A_IW_GRDH_1SDV_20210515T111135_20210515T111200_037898_047906_D804_metadata.json
2021-05-19 22:53:55,102.44366134992104,104.9892064312557,9.591506307782549,11.38598851860407,-15.605243502300254,3.085678125689081,-24.731080056057017,6.479406948543607,0.5710065206926431,33.1368793989783,dbscl-sentinel-1-2021\dbscl-sentinel-1_2021-05\S1_2021-05-19_22-53-55\S1A_IW_GRDH_1SDV_20210519T225355_20210519T225420_037963_047B0F_00F0_metadata.json
2021-05-20 11:19:07,102.56833748465782,105.11115061890511,6.958434601314555,8.921740398564191,-15.963737552820934,2.556785156124583,-25.226553535381832,6.7009215702600216,0.5705359298568676,45.97742213974284,dbscl-sentinel-1-2021\dbscl-sentinel-1_2021-05\S1_2021-05-20_11-19-07\S1A_IW_GRDH_1SDV_20210520T111907_20210520T111932_037971_047B4F_D800_metadata.json
2021-05-20 11:19:32,102.25764950344788,104.8083629713838,8.470605823711521,10.430032514608008,-14.692691433161754,2.7000433451390693,-22.812261990172555,6.5731208761510125,0.5421648040995474,45.00946259529295,dbscl-sentinel-1-2021\dbscl-sentinel-1_2021-05\S1_2021-05-20_11-19-32\S1A_IW_GRDH_1SDV_20210520T111932_20210520T111957_037971_047B4F_3E21_metadata.json
2021-05-20 11:19:57,101.94706373261468,104.50768603722588,9.982913868347197,11.938966369391144,-14.3576981803353,2.572680147091854,-22.489851288090048,6.225545072580628,0.5611241383285942,43.81951338557303,dbscl-sentinel-1-2021\dbscl-sentinel-1_2021-05\S1_2021-05-20_11-19-57\S1A_IW_GRDH_1SDV_20210520T111957_20210520T112022_037971_047B4F_33A7_metadata.json
2021-05-22 11:03:21,106.11869820354492,108.70111108957175,9.461450352310871,11.662256494276818,-15.478514682342134,2.672590136618868,-23.41945738675145,7.537571977932711,0.5051482564191858,31.81130906827497,dbscl-sentinel-1-2021\dbscl-sentinel-1_2021-05\S1_2021-05-22_11-03-21\S1A_IW_GRDH_1SDV_20210522T110321_20210522T110351_038000_047C2F_A7F7_metadata.json
2021-05-26 22:45:24,104.70602199131868,107.26277472006336,10.517827742303858,12.471184545955635,-16.062614727832727,2.6099232727896813,-24.873316315594536,7.251913140070973,0.5444563916137448,38.09886334881271,dbscl-sentinel-1-2021\dbscl-sentinel-1_2021-05\S1_2021-05-26_22-45-24\S1A_IW_GRDH_1SDV_20210526T224524_20210526T224549_038065_047E16_995F_metadata.json
2021-05-26 22:45:49,104.40643208007718,106.95844300084664,9.005241092343491,10.96292737924927,-16.739224891729368,2.60217490520697,-26.12738957962556,7.351060203833299,0.5424315019197175,38.75025234165516,dbscl-sentinel-1-2021\dbscl-sentinel-1_2021-05\S1_2021-05-26_22-45-49\S1A_IW_GRDH_1SDV_20210526T224549_20210526T224614_038065_047E16_4DB8_metadata.json
2021-05-26 22:46:14,104.17528813338534,106.64784648899682,7.967723768557709,9.454468921679814,-17.36508431663786,2.5075430091539306,-27.90214025388349,6.828028379392094,0.5988694924544081,41.005215312211845,dbscl-sentinel-1-2021\dbscl-sentinel-1_2021-05\S1_2021-05-26_22-46-14\S1A_IW_GRDH_1SDV_20210526T224614_20210526T224633_038065_047E16_EE92_metadata.json
2021-05-27 11:11:07,104.41616047559306,106.98845154194908,7.733925775513445,9.936892150308127,-18.09954591227183,2.5722402144465555,-28.55219708395366,7.646894740589861,0.5685377240235074,38.57160090441173,dbscl-sentinel-1-2021\dbscl-sentinel-1_2021-05\S1_2021-05-27_11-11-07\S1A_IW_GRDH_1SDV_20210527T111107_20210527T111136_038073_047E4F_89B4_metadata.json
2021-05-27 11:11:36,104.10821768250464,106.66256948415892,9.488549284585226,11.445183501903475,-16.519000573990155,2.609565601326313,-25.70610301646298,7.331898131517234,0.5460397667849306,40.33064054411762,dbscl-sentinel-1-2021\dbscl-sentinel-1_2021-05\S1_2021-05-27_11-11-36\S1A_IW_GRDH_1SDV_20210527T111136_20210527T111201_038073_047E4F_876C_metadata.json
2021-05-31 22:53:56,102.44333659784697,104.9883421272558,9.591274379138133,11.386007386044522,-16.54959588504003,2.58796750209824,-25.978912166158825,7.120279603920983,0.5614099569304146,33.139102160926114,dbscl-sentinel-1-2021\dbscl-sentinel-1_2021-05\S1_2021-05-31_22-53-56\S1A_IW_GRDH_1SDV_20210531T225356_20210531T225421_038138_048050_521C_metadata.json
2021-05-08 22:44:47,104.64442767446847,107.20075099274464,10.205221880384864,12.15963615461488,-16.41338053715447,2.624498997557618,-25.00847556244026,7.818285511868713,0.5216063618065292,38.29814928996286,dbscl-sentinel-1-2021\dbscl-sentinel-1_2021-05\S1_2021-05-08_22-44-47\S1B_IW_GRDH_1SDV_20210508T224447_20210508T224512_026819_03342C_89BA_metadata.json
2021-05-08 22:45:12,104.24220498111303,106.89406184589424,8.302233065906664,10.651335762069737,-16.9520165327185,2.5971491436058987,-26.528586030812576,7.375447034624487,0.551937764863642,39.15112614256389,dbscl-sentinel-1-2021\dbscl-sentinel-1_2021-05\S1_2021-05-08_22-45-12\S1B_IW_GRDH_1SDV_20210508T224512_20210508T224545_026819_03342C_86AE_metadata.json
2021-05-09 11:11:11,103.83419944630616,106.42389910164844,10.570682550936764,12.765829092752496,-18.615844750922843,2.697195094021917,-27.421911344863915,9.809778156981716,0.4727486899349494,39.84333405242934,dbscl-sentinel-1-2021\dbscl-sentinel-1_2021-05\S1_2021-05-09_11-11-11\S1B_IW_GRDH_1SDV_20210509T111111_20210509T111140_026827_03346B_B51C_metadata.json
2021-05-20 22:44:47,104.6447891826515,107.20097046052116,10.20522786190946,12.159796190914273,-16.150915813952412,2.654118368107092,-24.62197131307396,7.679860314830803,0.5204350736099803,38.30046602514016,dbscl-sentinel-1-2021\dbscl-sentinel-1_2021-05\S1_2021-05-20_22-44-47\S1B_IW_GRDH_1SDV_20210520T224447_20210520T224512_026994_033995_B126_metadata.json
2021-05-20 22:45:12,104.24222760273116,106.89456352067174,8.301247998822552,10.651427350551982,-16.93433247693707,2.589856137996174,-26.50654209433825,7.362122859535852,0.5614523657157499,39.15363593324207,dbscl-sentinel-1-2021\dbscl-sentinel-1_2021-05\S1_2021-05-20_22-45-12\S1B_IW_GRDH_1SDV_20210520T224512_20210520T224546_026994_033995_23B5_metadata.json
2021-05-21 11:11:12,103.83430833224853,106.42403766130032,10.570543374898213,12.766158315799103,-17.931050169281516,2.683676303549728,-26.904818230253564,8.957282108309624,0.5013025181508874,39.84286591258176,dbscl-sentinel-1-2021\dbscl-sentinel-1_2021-05\S1_2021-05-21_11-11-12\S1B_IW_GRDH_1SDV_20210521T111112_20210521T111141_027002_0339D2_E71D_metadata.json
2021-06-01 11:19:08,102.56813609884104,105.11080106860491,6.958359379147327,8.92167870868581,-16.089313782820625,2.519929593408446,-25.72330603380413,6.455321531837033,0.5916870914517404,45.92703241015429,dbscl-sentinel-1-2021\dbscl-sentinel-1_2021-06\S1_2021-06-01_11-19-08\S1A_IW_GRDH_1SDV_20210601T111908_20210601T111933_038146_048091_AE74_metadata.json
2021-06-01 11:19:33,102.25747408025836,104.80819760907022,8.470776595227566,10.42966959267994,-14.756196078523711,2.6181138032495235,-22.949083312491627,6.563308844555839,0.5499116164176227,44.85989957719796,dbscl-sentinel-1-2021\dbscl-sentinel-1_2021-06\S1_2021-06-01_11-19-33\S1A_IW_GRDH_1SDV_20210601T111933_20210601T111958_038146_048091_3F95_metadata.json
2021-06-01 11:19:58,101.9469014339968,104.50749975924582,9.982862070566236,11.93893697723288,-14.326038213743743,2.570904839404274,-22.42670133615579,6.225375091331692,0.5604951319104298,43.69176249822917,dbscl-sentinel-1-2021\dbscl-sentinel-1_2021-06\S1_2021-06-01_11-19-58\S1A_IW_GRDH_1SDV_20210601T111958_20210601T112023_038146_048091_E800_metadata.json
2021-06-02 22:37:23,106.58630815443016,109.1791141332026,9.74335273944027,11.75695851876091,-18.092847191229623,2.535574227813968,-28.93394586942993,7.25174851302922,0.5876205962187381,45.6362437479122,dbscl-sentinel-1-2021\dbscl-sentinel-1_2021-06\S1_2021-06-02_22-37-23\S1A_IW_GRDH_1SDV_20210602T223723_20210602T223751_038167_048131_1A86_metadata.json
2021-06-03 11:03:22,106.11894664166564,108.70133502036953,9.461962588142756,11.662120378511638,-15.662647518662574,2.652486491779434,-23.88253206935032,7.442762967974801,0.5141503044764841,31.81118097081824,dbscl-sentinel-1-2021\dbscl-sentinel-1_2021-06\S1_2021-06-03_11-03-22\S1A_IW_GRDH_1SDV_20210603T110322_20210603T110351_038175_04816B_0A7D_metadata.json
2021-06-07 22:45:25,104.70610555242529,107.26287131366448,10.517841394921987,12.47120997556175,-15.94592205288416,2.571702642865059,-25.035606347552974,6.856237758215387,0.5662725718549204,38.0993448471888,dbscl-sentinel-1-2021\dbscl-sentinel-1_2021-06\S1_2021-06-07_22-45-25\S1A_IW_GRDH_1SDV_20210607T224525_20210607T224550_038240_048349_DC0B_metadata.json
2021-06-07 22:45:50,104.40643616545096,106.95858342957042,9.005192192833352,10.9629474250398,-16.50960764275505,2.608577800850453,-25.72495741979345,7.294257865716645,0.5466112499492211,38.75064209600907,dbscl-sentinel-1-2021\dbscl-sentinel-1_2021-06\S1_2021-06-07_22-45-50\S1A_IW_GRDH_1SDV_20210607T224550_20210607T224615_038240_048349_7BC7_metadata.json
2021-06-07 22:46:15,104.17520283218488,106.64797889805492,7.967249495598749,9.454431069207953,-17.482389162320665,2.521509204848521,-27.94941969315202,7.015358631489455,0.590971291791642,41.00550950452703,dbscl-sentinel-1-2021\dbscl-sentinel-1_2021-06\S1_2021-06-07_22-46-15\S1A_IW_GRDH_1SDV_20210607T224615_20210607T224634_038240_048349_D62D_metadata.json
2021-06-08 11:11:08,104.4159846153871,106.98824470065824,7.733913650329868,9.937006764728707,-18.073691524294222,2.587082854023289,-28.385841259791853,7.761541788796489,0.5623077912220779,38.57198587635991,dbscl-sentinel-1-2021\dbscl-sentinel-1_2021-06\S1_2021-06-08_11-11-08\S1A_IW_GRDH_1SDV_20210608T111108_20210608T111137_038248_048382_5486_metadata.json
2021-06-08 11:11:37,104.10804937665232,106.66247322927376,9.488628337362089,11.445004050448777,-16.257858997686125,2.564166358610743,-25.463737821612085,7.051980173760231,0.5541142234328367,40.331295292079744,dbscl-sentinel-1-2021\dbscl-sentinel-1_2021-06\S1_2021-06-08_11-11-37\S1A_IW_GRDH_1SDV_20210608T111137_20210608T111202_038248_048382_6FD8_metadata.json
2021-06-12 22:53:57,102.44171792423,104.98769802543688,9.591441178911998,11.385986020765266,-16.387822344436966,2.6036878672473067,-25.58540323399143,7.190241454882809,0.5505364732219624,33.13934486086736,dbscl-sentinel-1-2021\dbscl-sentinel-1_2021-06\S1_2021-06-12_22-53-57\S1A_IW_GRDH_1SDV_20210612T225357_20210612T225421_038313_04857D_45A9_metadata.json
2021-06-13 11:19:09,102.56740857362304,105.1100591465449,6.958529413177553,8.921678434338443,-15.804160697652437,2.524196942801897,-25.253280596605805,6.355040798698979,0.5906191821269775,45.92738538664533,dbscl-sentinel-1-2021\dbscl-sentinel-1_2021-06\S1_2021-06-13_11-19-09\S1A_IW_GRDH_1SDV_20210613T111909_20210613T111934_038321_0485BC_C49F_metadata.json
2021-06-13 11:19:34,102.25676505555911,104.80753785346973,8.470517177578127,10.429842204420805,-14.534026390343348,2.6694536457554943,-22.421747093472668,6.646305687214048,0.5277665538169362,44.85567577545999,dbscl-sentinel-1-2021\dbscl-sentinel-1_2021-06\S1_2021-06-13_11-19-34\S1A_IW_GRDH_1SDV_20210613T111934_20210613T111959_038321_0485BC_4C70_metadata.json
2021-06-13 11:19:59,101.94620783656164,104.50667839699103,9.982782623816576,11.938796192568583,-14.18807887657863,2.5826033238132307,-22.113912936446862,6.26224481671039,0.5531962869156398,43.688941583102086,dbscl-sentinel-1-2021\dbscl-sentinel-1_2021-06\S1_2021-06-13_11-19-59\S1A_IW_GRDH_1SDV_20210613T111959_20210613T112024_038321_0485BC_1FFE_metadata.json
2021-06-14 22:37:24,106.58544009880808,109.17836153423444,9.743074473896808,11.756955145519536,-18.118815906655183,2.5152600282407254,-29.178347761180856,7.059284052129197,0.5975771957519496,45.63492066227517,dbscl-sentinel-1-2021\dbscl-sentinel-1_2021-06\S1_2021-06-14_22-37-24\S1A_IW_GRDH_1SDV_20210614T223724_20210614T223752_038342_048663_1FB2_metadata.json
2021-06-15 11:03:23,106.1180960855934,108.70064519431698,9.46158723029431,11.662043311334743,-15.513151401381297,2.6619816887574106,-23.69132290944918,7.334979893313389,0.5143342605174345,31.81005643305974,dbscl-sentinel-1-2021\dbscl-sentinel-1_2021-06\S1_2021-06-15_11-03-23\S1A_IW_GRDH_1SDV_20210615T110323_20210615T110352_038350_0486A0_0867_metadata.json
2021-06-19 22:45:26,104.7058602975915,107.2624477812148,10.517533449248829,12.471255364850595,-16.044098348923544,2.5150817716779765,-25.701890089788648,6.386306608058454,0.5936427924943076,38.099945913372096,dbscl-sentinel-1-2021\dbscl-sentinel-1_2021-06\S1_2021-06-19_22-45-26\S1A_IW_GRDH_1SDV_20210619T224526_20210619T224551_038415_04887D_8399_metadata.json
2021-06-19 22:45:51,104.40615987010143,106.95812602317308,9.005261349110183,10.962883157684322,-16.569758149753447,2.5977394748695777,-25.964941575493786,7.174574724013122,0.5554277391087151,38.75156625211932,dbscl-sentinel-1-2021\dbscl-sentinel-1_2021-06\S1_2021-06-19_22-45-51\S1A_IW_GRDH_1SDV_20210619T224551_20210619T224616_038415_04887D_422A_metadata.json
2021-06-19 22:46:16,104.17461060207935,106.64743855806428,7.967241223985203,9.45455527387552,-17.67618293939112,2.526512285655941,-28.11853279921402,7.233833079568237,0.5814522743622162,41.00626256406437,dbscl-sentinel-1-2021\dbscl-sentinel-1_2021-06\S1_2021-06-19_22-46-16\S1A_IW_GRDH_1SDV_20210619T224616_20210619T224635_038415_04887D_397B_metadata.json
2021-06-20 11:11:08,104.41549354019584,106.98797101459694,7.732833706203833,9.936913802978792,-17.38944374259568,2.5251647754578466,-27.16365664761207,7.615230837579297,0.5540127617950095,38.56994705604406,dbscl-sentinel-1-2021\dbscl-sentinel-1_2021-06\S1_2021-06-20_11-11-08\S1A_IW_GRDH_1SDV_20210620T111108_20210620T111138_038423_0488B8_5621_metadata.json
2021-06-20 11:11:38,104.1076027777372,106.66203288620515,9.488539249841123,11.445179325141623,-16.15132848671533,2.5591236022014225,-25.489062768603617,6.813594204826956,0.5675713605619648,40.33078320473791,dbscl-sentinel-1-2021\dbscl-sentinel-1_2021-06\S1_2021-06-20_11-11-38\S1A_IW_GRDH_1SDV_20210620T111138_20210620T111203_038423_0488B8_7E00_metadata.json
2021-06-24 22:53:58,102.44284531698572,104.98837751949968,9.591417955685673,11.385896386113844,-16.59510666852206,2.609271105115628,-25.76883029955824,7.421383037486013,0.5457162006887011,33.137522637212186,dbscl-sentinel-1-2021\dbscl-sentinel-1_2021-06\S1_2021-06-24_22-53-58\S1A_IW_GRDH_1SDV_20210624T225358_20210624T225422_038488_048AB7_D5A6_metadata.json
2021-06-25 11:19:10,102.5684910634696,105.11131602658077,6.958333113295886,8.921385120678949,-15.99194657572236,2.5404919950586566,-25.385750180067788,6.598142971377039,0.5805629876665018,45.92696958600403,dbscl-sentinel-1-2021\dbscl-sentinel-1_2021-06\S1_2021-06-25_11-19-10\S1A_IW_GRDH_1SDV_20210625T111910_20210625T111935_038496_048AF8_E4B9_metadata.json
2021-06-25 11:19:35,102.2578574095384,104.8084471219013,8.47065017987627,10.42989082363516,-14.62975207455326,2.525458437250069,-22.651426787714858,6.608077361391712,0.5321734338324442,44.86261522511983,dbscl-sentinel-1-2021\dbscl-sentinel-1_2021-06\S1_2021-06-25_11-19-35\S1A_IW_GRDH_1SDV_20210625T111935_20210625T112000_038496_048AF8_7F41_metadata.json
2021-06-25 11:20:00,101.94731649752964,104.50791488573016,9.9828528929998,11.938823743857336,-14.253075102989037,2.61517921571033,-22.23403537574163,6.272114830236356,0.5548895538707983,43.69492236851519,dbscl-sentinel-1-2021\dbscl-sentinel-1_2021-06\S1_2021-06-25_11-20-00\S1A_IW_GRDH_1SDV_20210625T112000_20210625T112025_038496_048AF8_7783_metadata.json
2021-06-26 22:37:24,106.58642982458063,109.17918907561597,9.743663353620107,11.756822964664805,-18.08082046602367,2.500424814243784,-29.336713993674515,6.824926938372904,0.6091151503932045,45.63500398773541,dbscl-sentinel-1-2021\dbscl-sentinel-1_2021-06\S1_2021-06-26_22-37-24\S1A_IW_GRDH_1SDV_20210626T223724_20210626T223752_038517_048BA0_7C76_metadata.json
2021-06-27 11:03:24,106.11921051218523,108.7017302300068,9.461390949526136,11.662314380637996,-15.780974242720642,2.6274883293790587,-24.23484278737352,7.327105698067876,0.527545578433345,31.809689009540985,dbscl-sentinel-1-2021\dbscl-sentinel-1_2021-06\S1_2021-06-27_11-03-24\S1A_IW_GRDH_1SDV_20210627T110324_20210627T110353_038525_048BDD_654B_metadata.json
2021-06-01 22:44:48,104.64475226679136,107.20085360337336,10.205254708502087,12.159675743911642,-16.17805429093188,2.62702059408968,-24.845654862512944,7.510453719350755,0.526023575953997,38.30100873044913,dbscl-sentinel-1-2021\dbscl-sentinel-1_2021-06\S1_2021-06-01_22-44-48\S1B_IW_GRDH_1SDV_20210601T224448_20210601T224513_027169_033EC7_A8C3_metadata.json
2021-06-01 22:45:13,104.2424539078206,106.89446824650466,8.301488652132178,10.6513818498811,-17.20712009574964,2.5994238916088617,-26.904118011759717,7.51012217973965,0.5521868508097685,39.15404246716448,dbscl-sentinel-1-2021\dbscl-sentinel-1_2021-06\S1_2021-06-01_22-45-13\S1B_IW_GRDH_1SDV_20210601T224513_20210601T224546_027169_033EC7_A347_metadata.json
2021-06-02 11:11:12,103.8344079306769,106.42415438574804,10.5710477028204,12.766146106501958,-17.351319267422646,2.620442987281118,-26.71170011460737,7.990938420237928,0.538920507685919,39.83900941268597,dbscl-sentinel-1-2021\dbscl-sentinel-1_2021-06\S1_2021-06-02_11-11-12\S1B_IW_GRDH_1SDV_20210602T111112_20210602T111141_027177_033F04_DF2F_metadata.json
2021-06-13 22:44:49,104.64448762926042,107.20057787121864,10.20525574865295,12.15966549583016,-16.154925380241625,1.7630386684844546,-25.07415364178591,7.235697118697339,0.5441805203127412,38.30044607785559,dbscl-sentinel-1-2021\dbscl-sentinel-1_2021-06\S1_2021-06-13_22-44-49\S1B_IW_GRDH_1SDV_20210613T224449_20210613T224514_027344_034408_FF88_metadata.json
2021-06-13 22:45:14,104.2420287100382,106.89413541758884,8.30165109349939,10.651372172490785,-17.151153369981046,2.8581157320654484,-26.736663547424605,7.565643192537496,0.5458723486517855,39.153514704163705,dbscl-sentinel-1-2021\dbscl-sentinel-1_2021-06\S1_2021-06-13_22-45-14\S1B_IW_GRDH_1SDV_20210613T224514_20210613T224547_027344_034408_C3C5_metadata.json
2021-06-14 11:11:13,103.83422730906943,106.4238713358149,10.570437222218631,12.766147904023484,-16.996056150471595,2.5811348468239697,-26.66004829222711,7.332064008715939,0.5636032746548133,39.840856060955616,dbscl-sentinel-1-2021\dbscl-sentinel-1_2021-06\S1_2021-06-14_11-11-13\S1B_IW_GRDH_1SDV_20210614T111113_20210614T111142_027352_034445_136D_metadata.json
2021-06-25 22:44:49,104.6450910035009,107.20127639928928,10.205121924312165,12.1592961102303,-15.950717635882048,2.604716686165656,-24.933678292426983,6.967756979337215,0.5482783148604312,38.30256817624328,dbscl-sentinel-1-2021\dbscl-sentinel-1_2021-06\S1_2021-06-25_22-44-49\S1B_IW_GRDH_1SDV_20210625T224449_20210625T224514_027519_0348F4_2803_metadata.json
2021-06-25 22:45:14,104.24279527344363,106.89491796253311,8.301306314453411,10.651176276961568,-16.99270637521836,2.6966331131379007,-26.591911522170523,7.393501228266247,0.5479378250613527,39.155771879002856,dbscl-sentinel-1-2021\dbscl-sentinel-1_2021-06\S1_2021-06-25_22-45-14\S1B_IW_GRDH_1SDV_20210625T224514_20210625T224548_027519_0348F4_7D32_metadata.json
2021-06-26 11:11:14,103.83551475188229,106.42469865141696,10.570768533100088,12.766126241153282,-16.866756099467253,2.4846517481207164,-27.517970267112972,6.215541931821446,0.6202450256686192,39.83799437122251,dbscl-sentinel-1-2021\dbscl-sentinel-1_2021-06\S1_2021-06-26_11-11-14\S1B_IW_GRDH_1SDV_20210626T111114_20210626T111143_027527_034931_C474_metadata.json
2021-07-01 22:45:26,104.70633194184934,107.26287483107924,10.517844892519363,12.471212736349427,-15.83538867936678,2.5318568872652487,-25.38021838425864,6.290558974474733,0.5975472052389399,38.10143771273657,dbscl-sentinel-1-2021\dbscl-sentinel-1_2021-07\S1_2021-07-01_22-45-26\S1A_IW_GRDH_1SDV_20210701T224526_20210701T224551_038590_048DB8_73AD_metadata.json
2021-07-01 22:45:51,104.40674860806864,106.9587666445947,9.005182868745534,10.962953519750492,-16.605915712388214,2.58259851708955,-26.14276016350722,7.069071261269229,0.562528947581481,38.75266937293728,dbscl-sentinel-1-2021\dbscl-sentinel-1_2021-07\S1_2021-07-01_22-45-51\S1A_IW_GRDH_1SDV_20210701T224551_20210701T224616_038590_048DB8_7ADA_metadata.json
2021-07-01 22:46:16,104.17525426117696,106.6481148153172,7.967271770680602,9.45443183826481,-17.883279742491624,2.526072437395497,-28.622165853850444,7.144393631132853,0.5910064127260894,41.007377321904215,dbscl-sentinel-1-2021\dbscl-sentinel-1_2021-07\S1_2021-07-01_22-46-16\S1A_IW_GRDH_1SDV_20210701T224616_20210701T224636_038590_048DB8_86AB_metadata.json
2021-07-02 11:11:09,104.415948555189,106.98840019196,7.733193520376528,9.93669111755847,-17.514142319208485,2.541746423816759,-27.80983245169717,7.218452186719628,0.580142901887098,38.5704578011989,dbscl-sentinel-1-2021\dbscl-sentinel-1_2021-07\S1_2021-07-02_11-11-09\S1A_IW_GRDH_1SDV_20210702T111109_20210702T111138_038598_048DF3_306F_metadata.json
2021-07-02 11:11:38,104.10832306210062,106.66234252060522,9.488628565857054,11.445305230870067,-16.31811355951975,2.5669646289929147,-25.85359341245493,6.782633706584624,0.5754397212950176,40.33109743661922,dbscl-sentinel-1-2021\dbscl-sentinel-1_2021-07\S1_2021-07-02_11-11-38\S1A_IW_GRDH_1SDV_20210702T111138_20210702T111203_038598_048DF3_9BFD_metadata.json
2021-07-06 22:53:58,102.44226115296318,104.98799399993182,9.591687382663126,11.385926250463465,-16.076325064618313,2.5983639461133663,-25.091457513857765,7.061192615378889,0.5505897581357025,33.14028279401424,dbscl-sentinel-1-2021\dbscl-sentinel-1_2021-07\S1_2021-07-06_22-53-58\S1A_IW_GRDH_1SDV_20210706T225358_20210706T225423_038663_048FFD_22F9_metadata.json
2021-07-07 11:19:10,102.5681986159656,105.11105141006637,6.95830169908257,8.921364102298494,-15.599511981721342,2.500337891037656,-25.11137178473232,6.087652178710278,0.603974778604628,45.92649128472698,dbscl-sentinel-1-2021\dbscl-sentinel-1_2021-07\S1_2021-07-07_11-19-10\S1A_IW_GRDH_1SDV_20210707T111910_20210707T111935_038671_04903E_855E_metadata.json
2021-07-07 11:19:35,102.25749748164344,104.80820134908828,8.470555407579136,10.429950622235198,-13.962348340612712,2.624367090238813,-21.389308605525503,6.535388075699991,0.5177571624861406,44.85950743150365,dbscl-sentinel-1-2021\dbscl-sentinel-1_2021-07\S1_2021-07-07_11-19-35\S1A_IW_GRDH_1SDV_20210707T111935_20210707T112000_038671_04903E_5558_metadata.json
2021-07-07 11:20:00,101.94696656238256,104.50764808840098,9.982865850699037,11.93877247182604,-13.821302727149716,2.591136569280728,-21.50165168111695,6.140953773182524,0.5503101207375088,43.69158934268098,dbscl-sentinel-1-2021\dbscl-sentinel-1_2021-07\S1_2021-07-07_11-20-00\S1A_IW_GRDH_1SDV_20210707T112000_20210707T112025_038671_04903E_500D_metadata.json
2021-07-08 22:37:25,106.58614583774396,109.178790955529,9.743166429769987,11.75679411164896,-17.849117181486434,2.4820520682153604,-29.126675788950976,6.57155857402177,0.6181340649357895,45.63550549619173,dbscl-sentinel-1-2021\dbscl-sentinel-1_2021-07\S1_2021-07-08_22-37-25\S1A_IW_GRDH_1SDV_20210708T223725_20210708T223753_038692_0490E1_2191_metadata.json
2021-07-09 11:03:24,106.11895130717328,108.70146887142002,9.462049086486566,11.662258345586196,-15.525620632081267,2.555379380284717,-23.9999458008444,7.051295463318147,0.5335880772130317,31.808396691979823,dbscl-sentinel-1-2021\dbscl-sentinel-1_2021-07\S1_2021-07-09_11-03-24\S1A_IW_GRDH_1SDV_20210709T110324_20210709T110353_038700_04911E_5665_metadata.json
2021-07-13 22:45:27,104.70602875451624,107.26240178433532,10.517463953886962,12.470979215938058,-15.10737522058396,2.5317290263725334,-24.09257456085029,6.122175880317696,0.5884668448827051,38.10115450709134,dbscl-sentinel-1-2021\dbscl-sentinel-1_2021-07\S1_2021-07-13_22-45-27\S1A_IW_GRDH_1SDV_20210713T224527_20210713T224552_038765_049306_4513_metadata.json
2021-07-13 22:45:52,104.40636547073804,106.9583201370424,9.005217878187617,10.962834145580445,-16.255218685703806,2.6002940879155294,-25.52597057429754,6.984466797110112,0.5579783209342587,38.75270287852749,dbscl-sentinel-1-2021\dbscl-sentinel-1_2021-07\S1_2021-07-13_22-45-52\S1A_IW_GRDH_1SDV_20210713T224552_20210713T224617_038765_049306_9813_metadata.json
2021-07-13 22:46:17,104.17482341093672,106.64766946396898,7.967489830664062,9.454411648792808,-17.563576818904103,2.5470119843341217,-27.96825382832191,7.158899809486199,0.5826625429305914,41.00745328054248,dbscl-sentinel-1-2021\dbscl-sentinel-1_2021-07\S1_2021-07-13_22-46-17\S1A_IW_GRDH_1SDV_20210713T224617_20210713T224636_038765_049306_81E9_metadata.json
2021-07-14 11:11:10,104.41562321444076,106.98803191377186,7.733764632997813,9.936979843881414,-17.296912243954647,2.5478797281693604,-27.42233266853306,7.171491819376257,0.5758526368421659,38.57086605701328,dbscl-sentinel-1-2021\dbscl-sentinel-1_2021-07\S1_2021-07-14_11-11-10\S1A_IW_GRDH_1SDV_20210714T111110_20210714T111139_038773_049340_D8C8_metadata.json
2021-07-14 11:11:39,104.10802447201192,106.66220506518688,9.488563501688953,11.445206163171324,-16.0108068483014,2.568492021322355,-25.058395194569773,6.963218502033056,0.5546322513808113,40.33003183506863,dbscl-sentinel-1-2021\dbscl-sentinel-1_2021-07\S1_2021-07-14_11-11-39\S1A_IW_GRDH_1SDV_20210714T111139_20210714T111204_038773_049340_844D_metadata.json
2021-07-18 22:53:59,102.44181824336384,104.9874255867444,9.591387970984924,11.385936371728429,-16.04498270093921,2.541605247321817,-25.375845104111622,6.714120297766837,0.5731786464090765,33.14257873905268,dbscl-sentinel-1-2021\dbscl-sentinel-1_2021-07\S1_2021-07-18_22-53-59\S1A_IW_GRDH_1SDV_20210718T225359_20210718T225424_038838_04953D_A12F_metadata.json
2021-07-19 11:19:11,102.5671316266708,105.11025212089942,6.958271902218365,8.921615334871062,-15.761051558885788,2.532593131515533,-25.04731628852403,6.474786829247498,0.5830441959719173,45.92692544429683,dbscl-sentinel-1-2021\dbscl-sentinel-1_2021-07\S1_2021-07-19_11-19-11\S1A_IW_GRDH_1SDV_20210719T111911_20210719T111936_038846_04957D_A7FC_metadata.json
2021-07-19 11:19:36,102.25677815326496,104.80736982060108,8.470430878717005,10.429873769408536,-14.597874010374396,2.633391421729349,-22.591491019569222,6.604257001179553,0.5430741553212969,44.85334006186344,dbscl-sentinel-1-2021\dbscl-sentinel-1_2021-07\S1_2021-07-19_11-19-36\S1A_IW_GRDH_1SDV_20210719T111936_20210719T112001_038846_04957D_37E5_metadata.json
2021-07-19 11:20:01,101.9459065767112,104.5066843514512,9.98273228416394,11.938681936099998,-14.27682839068035,2.581828402943747,-22.308546845026697,6.245109936333986,0.5573808516861116,43.68653322902714,dbscl-sentinel-1-2021\dbscl-sentinel-1_2021-07\S1_2021-07-19_11-20-01\S1A_IW_GRDH_1SDV_20210719T112001_20210719T112026_038846_04957D_3CED_metadata.json
2021-07-20 22:37:26,106.58551158984088,109.17826735738156,9.742767945796034,11.756915703816649,-17.62732677780421,2.491264128025494,-28.765819284965225,6.488834270643161,0.618211174172621,45.63678209226761,dbscl-sentinel-1-2021\dbscl-sentinel-1_2021-07\S1_2021-07-20_22-37-26\S1A_IW_GRDH_1SDV_20210720T223726_20210720T223754_038867_049621_E7D2_metadata.json
2021-07-21 11:03:25,106.11841289038225,108.7010157536352,9.461411548553295,11.662284909440556,-15.255324863679764,2.607118209107549,-23.43280900690803,7.077840720451493,0.5247533492483901,31.80792597147489,dbscl-sentinel-1-2021\dbscl-sentinel-1_2021-07\S1_2021-07-21_11-03-25\S1A_IW_GRDH_1SDV_20210721T110325_20210721T110354_038875_04965F_6F8B_metadata.json
2021-07-25 22:45:28,104.70738985407289,107.26380135592883,10.517748136711202,12.471063832805791,-15.015856543577282,2.56217671053227,-23.68853168793662,6.343181399218072,0.5705174040314839,38.10798853632724,dbscl-sentinel-1-2021\dbscl-sentinel-1_2021-07\S1_2021-07-25_22-45-28\S1A_IW_GRDH_1SDV_20210725T224528_20210725T224553_038940_049843_D38B_metadata.json
2021-07-25 22:45:53,104.40779269344104,106.95986368585385,9.005163654260892,10.96283633902094,-16.07223225291799,2.597087190287833,-25.09466459893877,7.0497999068971895,0.5484621261645073,38.758781200161465,dbscl-sentinel-1-2021\dbscl-sentinel-1_2021-07\S1_2021-07-25_22-45-53\S1A_IW_GRDH_1SDV_20210725T224553_20210725T224618_038940_049843_BD1A_metadata.json
2021-07-25 22:46:18,104.1762725590476,106.6492331000789,7.967122859948079,9.454346866592838,-17.515480620359977,3.1576403029427667,-27.7313929527826,7.299568287937274,0.5747438913816756,41.01324693718168,dbscl-sentinel-1-2021\dbscl-sentinel-1_2021-07\S1_2021-07-25_22-46-18\S1A_IW_GRDH_1SDV_20210725T224618_20210725T224637_038940_049843_D87F_metadata.json
2021-07-26 11:11:11,104.41725108001027,106.98946494079188,7.734213596747602,9.937001352285058,-17.238951493230637,2.537357463797595,-27.25396929648802,7.223933689973244,0.5730629153902972,38.56469597330024,dbscl-sentinel-1-2021\dbscl-sentinel-1_2021-07\S1_2021-07-26_11-11-11\S1A_IW_GRDH_1SDV_20210726T111111_20210726T111140_038948_04987E_19E9_metadata.json
2021-07-26 11:11:40,104.10958053303077,106.66359815467108,9.48865470034792,11.4452958301342,-15.75162705095316,2.58095307632946,-24.587055573275144,6.916198528631231,0.5518106830260443,40.32512223950587,dbscl-sentinel-1-2021\dbscl-sentinel-1_2021-07\S1_2021-07-26_11-11-40\S1A_IW_GRDH_1SDV_20210726T111140_20210726T111205_038948_04987E_BEFD_metadata.json
2021-07-30 22:54:00,102.4426916445594,104.98870122071092,9.5906390593313,11.385898267696357,-15.765152332038433,2.594838789332876,-24.832020830066003,6.69828383401086,0.5645731500867879,33.137016283960975,dbscl-sentinel-1-2021\dbscl-sentinel-1_2021-07\S1_2021-07-30_22-54-00\S1A_IW_GRDH_1SDV_20210730T225400_20210730T225424_039013_049A6F_8BCB_metadata.json
2021-07-31 11:19:12,102.5682700641495,105.111139109963,6.958779189440253,8.921575157127897,-15.89863360444339,2.5277398674580227,-25.28657835879737,6.510688850089518,0.5858079902953394,45.92790218113724,dbscl-sentinel-1-2021\dbscl-sentinel-1_2021-07\S1_2021-07-31_11-19-12\S1A_IW_GRDH_1SDV_20210731T111912_20210731T111937_039021_049AAF_C6FC_metadata.json
2021-07-31 11:19:37,102.25792036647846,104.80824275643737,8.470776640333058,10.4301759856709,-14.57317490789296,2.655154419993372,-22.509447455976748,6.636902359809232,0.5317157438421702,44.86213494190659,dbscl-sentinel-1-2021\dbscl-sentinel-1_2021-07\S1_2021-07-31_11-19-37\S1A_IW_GRDH_1SDV_20210731T111937_20210731T112002_039021_049AAF_C9C2_metadata.json
2021-07-31 11:20:02,101.94728132111578,104.5076597307795,9.983082910523072,11.939062449095706,-14.20047922837818,2.5788888654831914,-22.176007098017173,6.224951358739308,0.5568022284056473,43.69334373530116,dbscl-sentinel-1-2021\dbscl-sentinel-1_2021-07\S1_2021-07-31_11-20-02\S1A_IW_GRDH_1SDV_20210731T112002_20210731T112027_039021_049AAF_9BA6_metadata.json
2021-07-07 22:44:50,104.64577372748984,107.20181975036547,10.205100061174235,12.159516157464,-15.623505696785571,2.5729038326395863,-24.684869223990383,6.562142169580786,0.5691036149926233,38.30699677828952,dbscl-sentinel-1-2021\dbscl-sentinel-1_2021-07\S1_2021-07-07_22-44-50\S1B_IW_GRDH_1SDV_20210707T224450_20210707T224515_027694_034E17_B053_metadata.json
2021-07-07 22:45:15,104.24332621924805,106.89543458774146,8.300910163431368,10.651223099306764,-16.497825723495968,2.599523363306006,-25.824268642103,7.171382804888979,0.552596131021449,39.16026775975277,dbscl-sentinel-1-2021\dbscl-sentinel-1_2021-07\S1_2021-07-07_22-45-15\S1B_IW_GRDH_1SDV_20210707T224515_20210707T224548_027694_034E17_71BF_metadata.json
2021-07-08 11:11:14,103.8357692344674,106.425299618698,10.571030041940372,12.766079440961358,-16.440656296326726,2.478681037867468,-26.8496530554608,6.031659537192502,0.6263242353934764,39.832949387304055,dbscl-sentinel-1-2021\dbscl-sentinel-1_2021-07\S1_2021-07-08_11-11-14\S1B_IW_GRDH_1SDV_20210708T111114_20210708T111143_027702_034E52_F91D_metadata.json
2021-07-19 22:44:51,104.64474434989722,107.2008375535534,10.205252563888036,12.15959464657728,-15.269061662175131,2.62292707363089,-23.929794830908527,6.608328493441673,0.5562552373595869,38.303647884854094,dbscl-sentinel-1-2021\dbscl-sentinel-1_2021-07\S1_2021-07-19_22-44-51\S1B_IW_GRDH_1SDV_20210719T224451_20210719T224516_027869_03534C_AA13_metadata.json
2021-07-19 22:45:16,104.24241194687352,106.89430048121966,8.301412026433589,10.651341139590286,-16.524994498341727,2.5714895602648022,-25.99428459316079,7.055704403522758,0.557188995951452,39.15663714343518,dbscl-sentinel-1-2021\dbscl-sentinel-1_2021-07\S1_2021-07-19_22-45-16\S1B_IW_GRDH_1SDV_20210719T224516_20210719T224549_027869_03534C_6042_metadata.json
2021-07-20 11:11:15,103.83465692706788,106.4241174544492,10.570718529196162,12.766084275084872,-15.927530650092088,2.579125167428801,-25.015276871702863,6.839784428481235,0.5629629608562073,39.836529430648085,dbscl-sentinel-1-2021\dbscl-sentinel-1_2021-07\S1_2021-07-20_11-11-15\S1B_IW_GRDH_1SDV_20210720T111115_20210720T111144_027877_035387_6A43_metadata.json
2021-07-31 22:44:52,104.64514864574694,107.20124267657704,10.205125720433028,12.159544480409291,-15.633732928635215,2.550602778899816,-24.754180488114923,6.513285369155461,0.5743690785716066,38.303266111640575,dbscl-sentinel-1-2021\dbscl-sentinel-1_2021-07\S1_2021-07-31_22-44-52\S1B_IW_GRDH_1SDV_20210731T224452_20210731T224517_028044_035866_8253_metadata.json
2021-07-31 22:45:17,104.2424956026427,106.89486231080215,8.300787501836474,10.65124834798026,-16.54906850646283,2.5587080441073686,-25.819042004659096,7.2790950082666335,0.5485462957967681,39.15633045905951,dbscl-sentinel-1-2021\dbscl-sentinel-1_2021-07\S1_2021-07-31_22-45-17\S1B_IW_GRDH_1SDV_20210731T224517_20210731T224550_028044_035866_25F2_metadata.json
2021-08-01 22:37:26,106.58588469248518,109.17898502541804,9.742388402231851,11.756812499995426,-17.16073260363765,2.429367451277071,-28.48303069208155,5.838434515193684,0.6535663471134925,45.63434541561911,dbscl-sentinel-1-2021\dbscl-sentinel-1_2021-08\S1_2021-08-01_22-37-26\S1A_IW_GRDH_1SDV_20210801T223726_20210801T223754_039042_049B52_700F_metadata.json
2021-08-02 11:03:26,106.1187296059624,108.70109967100773,9.461752412968597,11.66242614522112,-15.36779412855934,2.619836604083164,-23.74878757135269,6.986800685766056,0.5384584072994061,31.81176504731257,dbscl-sentinel-1-2021\dbscl-sentinel-1_2021-08\S1_2021-08-02_11-03-26\S1A_IW_GRDH_1SDV_20210802T110326_20210802T110355_039050_049B8F_5693_metadata.json
2021-08-06 22:45:29,104.70610813312044,107.26286572187703,10.517694166362467,12.47085086283283,-15.635293869652696,2.512363781411441,-25.13493525027256,6.135652489032768,0.6005233300980374,38.10013756117376,dbscl-sentinel-1-2021\dbscl-sentinel-1_2021-08\S1_2021-08-06_22-45-29\S1A_IW_GRDH_1SDV_20210806T224529_20210806T224554_039115_049DAB_B827_metadata.json
2021-08-06 22:45:54,104.40656032534298,106.95853505866626,9.005051243445127,10.962789115894894,-16.32002896647401,2.558057867587299,-25.984657109572613,6.655400823375314,0.5797549268716885,38.75149987452889,dbscl-sentinel-1-2021\dbscl-sentinel-1_2021-08\S1_2021-08-06_22-45-54\S1A_IW_GRDH_1SDV_20210806T224554_20210806T224619_039115_049DAB_EF1E_metadata.json
2021-08-06 22:46:19,104.1751874034909,106.64789614238414,7.967501309073987,9.45434315800637,-17.671043435019545,2.506231248075086,-28.272612521202344,7.069474348836694,0.5924108089472621,41.00648662814171,dbscl-sentinel-1-2021\dbscl-sentinel-1_2021-08\S1_2021-08-06_22-46-19\S1A_IW_GRDH_1SDV_20210806T224619_20210806T224638_039115_049DAB_F3A3_metadata.json
2021-08-07 11:11:11,104.4162302868239,106.988540728799,7.733828036947059,9.9369968427064,-17.264043980001485,2.530182344161759,-27.565803218727105,6.962284741275822,0.589800567488696,38.569834651054336,dbscl-sentinel-1-2021\dbscl-sentinel-1_2021-08\S1_2021-08-07_11-11-11\S1A_IW_GRDH_1SDV_20210807T111111_20210807T111140_039123_049DF7_3B0D_metadata.json
2021-08-07 11:11:40,104.10822583634776,106.6627011825004,9.488631897320255,11.445232957135577,-15.721026905856531,2.55920065749455,-24.776874682542207,6.665179129170855,0.566763358262576,40.3299867590869,dbscl-sentinel-1-2021\dbscl-sentinel-1_2021-08\S1_2021-08-07_11-11-40\S1A_IW_GRDH_1SDV_20210807T111140_20210807T111205_039123_049DF7_451E_metadata.json
2021-08-11 22:54:00,102.44280350966872,104.988461676403,9.591331897916724,11.385784530363685,-15.492522386194604,2.5412516283732605,-24.65912320332287,6.325921569066221,0.5814506241657739,33.141737878630465,dbscl-sentinel-1-2021\dbscl-sentinel-1_2021-08\S1_2021-08-11_22-54-00\S1A_IW_GRDH_1SDV_20210811T225400_20210811T225425_039188_04A02D_238D_metadata.json
2021-08-12 11:19:12,102.56901151679293,105.11158171412382,6.958465033101354,8.921737614852578,-16.226069802529604,2.4875380291803197,-26.29205651843244,6.160083086626829,0.6130453975137398,45.9765500011242,dbscl-sentinel-1-2021\dbscl-sentinel-1_2021-08\S1_2021-08-12_11-19-12\S1A_IW_GRDH_1SDV_20210812T111912_20210812T111937_039196_04A073_2060_metadata.json
2021-08-12 11:19:37,102.25811246831935,104.80883590678458,8.470661860887944,10.43002929149654,-14.812353752129855,2.81162592275587,-22.985005693940423,6.639701810319278,0.5386902378246339,45.01129906291173,dbscl-sentinel-1-2021\dbscl-sentinel-1_2021-08\S1_2021-08-12_11-19-37\S1A_IW_GRDH_1SDV_20210812T111937_20210812T112002_039196_04A073_A059_metadata.json
2021-08-12 11:20:02,101.94756569314914,104.50807974574369,9.982979497045022,11.93897907535846,-14.427488730376584,2.570944214813046,-22.60309538946079,6.25188207129231,0.5618833210753276,43.821757536170175,dbscl-sentinel-1-2021\dbscl-sentinel-1_2021-08\S1_2021-08-12_11-20-02\S1A_IW_GRDH_1SDV_20210812T112002_20210812T112027_039196_04A073_A4D9_metadata.json
2021-08-13 22:37:27,106.58626552942702,109.17916104025647,9.742832782885792,11.756780346587222,-17.037126772104813,2.49862742591777,-27.724060985796516,6.350192558413087,0.611441272574394,45.63541740883025,dbscl-sentinel-1-2021\dbscl-sentinel-1_2021-08\S1_2021-08-13_22-37-27\S1A_IW_GRDH_1SDV_20210813T223727_20210813T223755_039217_04A13C_C898_metadata.json
2021-08-14 11:03:26,106.11903806769118,108.7014095129591,9.461807269555765,11.662332385769302,-15.472795682641657,2.6304226345037343,-24.084405290376225,6.861186074907136,0.5434986702133362,31.810292271893644,dbscl-sentinel-1-2021\dbscl-sentinel-1_2021-08\S1_2021-08-14_11-03-26\S1A_IW_GRDH_1SDV_20210814T110326_20210814T110356_039225_04A183_F07D_metadata.json
2021-08-18 22:45:29,104.70615369574584,107.26291262074344,10.517709818899894,12.47106187556014,-14.6849995786967,2.580856016911816,-23.030674539887173,6.339324617506118,0.5698011057799826,38.10058303537828,dbscl-sentinel-1-2021\dbscl-sentinel-1_2021-08\S1_2021-08-18_22-45-29\S1A_IW_GRDH_1SDV_20210818T224529_20210818T224554_039290_04A3BD_109F_metadata.json
2021-08-18 22:45:54,104.40649424882088,106.95857352119071,9.005069992032597,10.962812223006576,-16.123117388589336,2.5954114494525613,-25.566242165128788,6.6799926120499,0.5741054386183314,38.75190921352703,dbscl-sentinel-1-2021\dbscl-sentinel-1_2021-08\S1_2021-08-18_22-45-54\S1A_IW_GRDH_1SDV_20210818T224554_20210818T224619_039290_04A3BD_0897_metadata.json
2021-08-18 22:46:19,104.17520283218488,106.64791908009408,7.967347230815016,9.454354980099144,-17.64385827244113,2.5357728109886173,-28.21231798054915,7.075398564333218,0.5919230169770098,41.00683229320335,dbscl-sentinel-1-2021\dbscl-sentinel-1_2021-08\S1_2021-08-18_22-46-19\S1A_IW_GRDH_1SDV_20210818T224619_20210818T224638_039290_04A3BD_5CDD_metadata.json
2021-08-19 11:11:12,104.41600655349224,106.98835271575204,7.733888866156142,9.937071630615987,-17.263748481524022,2.51325371381859,-27.66639998641674,6.8610969766312735,0.5945674174237723,38.57076499334477,dbscl-sentinel-1-2021\dbscl-sentinel-1_2021-08\S1_2021-08-19_11-11-12\S1A_IW_GRDH_1SDV_20210819T111112_20210819T111141_039298_04A400_CA4A_metadata.json
2021-08-19 11:11:41,104.10808066255908,106.66251020193958,9.488695017932372,11.445289974587144,-15.906303661541587,2.568776909492626,-25.05745304893005,6.7551542741531305,0.5656530872951676,40.33056673032291,dbscl-sentinel-1-2021\dbscl-sentinel-1_2021-08\S1_2021-08-19_11-11-41\S1A_IW_GRDH_1SDV_20210819T111141_20210819T111206_039298_04A400_2C2E_metadata.json
2021-08-23 22:54:01,102.44233925706683,104.98778075560232,9.59155070630218,11.385830661222355,-15.6167359160275,2.516287708483282,-25.1626162522262,6.070855579828983,0.599863204015861,33.13875326703065,dbscl-sentinel-1-2021\dbscl-sentinel-1_2021-08\S1_2021-08-23_22-54-01\S1A_IW_GRDH_1SDV_20210823T225401_20210823T225426_039363_04A636_6F9B_metadata.json
2021-08-24 11:19:13,102.5678162463526,105.11073718966166,6.958379503383162,8.921760927882186,-15.561474074869572,2.52564940202266,-24.8257337854686,6.297214364270588,0.5891063926491907,45.9779740338397,dbscl-sentinel-1-2021\dbscl-sentinel-1_2021-08\S1_2021-08-24_11-19-13\S1A_IW_GRDH_1SDV_20210824T111913_20210824T111938_039371_04A67D_BAAF_metadata.json
2021-08-24 11:19:38,102.2571449769742,104.8078583363731,8.470663300820181,10.430028297152935,-14.204750266773024,2.6651692044062942,-21.748228362455546,6.661272171090431,0.5102755917826275,45.00650201001426,dbscl-sentinel-1-2021\dbscl-sentinel-1_2021-08\S1_2021-08-24_11-19-38\S1A_IW_GRDH_1SDV_20210824T111938_20210824T112003_039371_04A67D_EC44_metadata.json
2021-08-24 11:20:03,101.94661601889143,104.50717919458248,9.982986243548725,11.938949569114042,-13.877496624274364,2.611488078204445,-21.501012246807555,6.253981001741227,0.5434680323440965,43.81715285866711,dbscl-sentinel-1-2021\dbscl-sentinel-1_2021-08\S1_2021-08-24_11-20-03\S1A_IW_GRDH_1SDV_20210824T112003_20210824T112028_039371_04A67D_5905_metadata.json
2021-08-25 22:37:28,106.5858779480354,109.178543627685,9.743178502749908,11.756775911628011,-17.473044941394356,2.491115050022492,-28.525798892248144,6.420290990540469,0.6162628933634411,45.63451556944781,dbscl-sentinel-1-2021\dbscl-sentinel-1_2021-08\S1_2021-08-25_22-37-28\S1A_IW_GRDH_1SDV_20210825T223728_20210825T223756_039392_04A739_00B5_metadata.json
2021-08-26 11:03:27,106.1183794244316,108.70084184717452,9.461716009626398,11.66240397212391,-15.295542825935172,2.6100516095164554,-23.763449484692952,6.827636167177452,0.54227595549957,31.81088235082607,dbscl-sentinel-1-2021\dbscl-sentinel-1_2021-08\S1_2021-08-26_11-03-27\S1A_IW_GRDH_1SDV_20210826T110327_20210826T110356_039400_04A77B_39F6_metadata.json
2021-08-30 22:45:30,104.70637519081023,107.26277742576596,10.517769357202624,12.471140539634863,-14.75218588694695,2.676465938475434,-22.996902777319185,6.507468996574715,0.5560098201745485,38.1020912765182,dbscl-sentinel-1-2021\dbscl-sentinel-1_2021-08\S1_2021-08-30_22-45-30\S1A_IW_GRDH_1SDV_20210830T224530_20210830T224555_039465_04A9AE_907E_metadata.json
2021-08-30 22:45:55,104.4067137935088,106.9586577424316,9.005113592796517,10.962870509214628,-15.916217004965509,2.5739810648828736,-25.061151599353323,6.771282410577654,0.561942991165785,38.75329238413286,dbscl-sentinel-1-2021\dbscl-sentinel-1_2021-08\S1_2021-08-30_22-45-55\S1A_IW_GRDH_1SDV_20210830T224555_20210830T224620_039465_04A9AE_9B1C_metadata.json
2021-08-30 22:46:20,104.1750329393018,106.64798960232332,7.965785993837376,9.454381518102146,-17.40696996810499,2.5610561156735767,-27.91077676040452,6.9031631758055845,0.5925970564033662,41.00804677431916,dbscl-sentinel-1-2021\dbscl-sentinel-1_2021-08\S1_2021-08-30_22-46-20\S1A_IW_GRDH_1SDV_20210830T224620_20210830T224639_039465_04A9AE_ABC0_metadata.json
2021-08-31 11:11:12,104.41580991002664,106.98811173135348,7.7340414602262895,9.9371787931406,-17.023216907080844,2.563322892029757,-26.94319946211916,7.103234352042657,0.574042208760842,38.5722109370186,dbscl-sentinel-1-2021\dbscl-sentinel-1_2021-08\S1_2021-08-31_11-11-12\S1A_IW_GRDH_1SDV_20210831T111112_20210831T111141_039473_04A9FA_45F3_metadata.json
2021-08-31 11:11:41,104.10788452751312,106.66230869648902,9.4887496427189,11.445411093408714,-15.834078448439596,2.612373428508665,-24.66882387657019,6.999333020309029,0.5480502785533997,40.33098532763557,dbscl-sentinel-1-2021\dbscl-sentinel-1_2021-08\S1_2021-08-31_11-11-41\S1A_IW_GRDH_1SDV_20210831T111141_20210831T111206_039473_04A9FA_08C6_metadata.json
2021-08-01 11:11:16,103.834906189277,106.42432089117452,10.5711955824094,12.766277791587488,-15.327948034767168,2.570422006285956,-24.143867268092706,6.512028801441663,0.5665634019884904,39.83647502213273,dbscl-sentinel-1-2021\dbscl-sentinel-1_2021-08\S1_2021-08-01_11-11-16\S1B_IW_GRDH_1SDV_20210801T111116_20210801T111145_028052_0358A4_D64B_metadata.json
2021-08-12 22:44:52,104.6454053674962,107.20144979181056,10.205037075734904,12.15915335855085,-15.34562730462089,2.6004370496640585,-24.221520421471904,6.469734187770163,0.5693017960801604,38.30433372592068,dbscl-sentinel-1-2021\dbscl-sentinel-1_2021-08\S1_2021-08-12_22-44-52\S1B_IW_GRDH_1SDV_20210812T224452_20210812T224517_028219_035DCD_FA9C_metadata.json
2021-08-12 22:45:17,104.2431252846402,106.8950789744133,8.301190185418482,10.651159803392355,-16.701141769470443,2.568928235168977,-26.48231346935168,6.919970069589218,0.5710465208943428,39.157514065052446,dbscl-sentinel-1-2021\dbscl-sentinel-1_2021-08\S1_2021-08-12_22-45-17\S1B_IW_GRDH_1SDV_20210812T224517_20210812T224551_028219_035DCD_ACA7_metadata.json
2021-08-13 11:11:17,103.83535535774992,106.42472363178072,10.57112922324327,12.76622172308309,-15.311307423755084,2.614358422266112,-23.724421194904885,6.89819365260519,0.541709385647173,39.83570390193275,dbscl-sentinel-1-2021\dbscl-sentinel-1_2021-08\S1_2021-08-13_11-11-17\S1B_IW_GRDH_1SDV_20210813T111117_20210813T111146_028227_035E0E_F56C_metadata.json
2021-08-24 22:44:53,104.64466829436206,107.20076749339646,10.205039212701273,12.159464277066462,-14.99116535388622,2.5967927516120737,-23.581012451380687,6.401318256391804,0.5630743978069069,38.30080422196079,dbscl-sentinel-1-2021\dbscl-sentinel-1_2021-08\S1_2021-08-24_22-44-53\S1B_IW_GRDH_1SDV_20210824T224453_20210824T224518_028394_03634C_C99A_metadata.json
2021-08-24 22:45:18,104.24204929124969,106.89438512928156,8.300433323582986,10.651147619773068,-16.158764267730646,2.5638188652611604,-25.401133444204262,6.916395091257156,0.56021588310075,39.15378636587519,dbscl-sentinel-1-2021\dbscl-sentinel-1_2021-08\S1_2021-08-24_22-45-18\S1B_IW_GRDH_1SDV_20210824T224518_20210824T224551_028394_03634C_2750_metadata.json
2021-08-25 11:11:17,103.83478686533051,106.42429456300052,10.571023822767517,12.765982667988148,-15.699904204828156,2.61064052095322,-24.31522899816377,7.084579411492564,0.541618379792265,39.83800070880833,dbscl-sentinel-1-2021\dbscl-sentinel-1_2021-08\S1_2021-08-25_11-11-17\S1B_IW_GRDH_1SDV_20210825T111117_20210825T111146_028402_036382_13F6_metadata.json
2021-09-04 22:54:02,102.44213774334132,104.98810909136584,9.590889055495726,11.385869352354527,-15.469472372261816,2.585827140300119,-24.67134024604884,6.267604498474802,0.5830281609705258,33.139225283337176,dbscl-sentinel-1-2021\dbscl-sentinel-1_2021-09\S1_2021-09-04_22-54-02\S1A_IW_GRDH_1SDV_20210904T225402_20210904T225426_039538_04AC3B_3D7A_metadata.json
2021-09-05 11:19:14,102.56781265644469,105.11074504070363,6.958354867057478,8.921713776554927,-15.957092050922869,2.516470680708619,-25.56938400078269,6.344800101063168,0.5944227563896617,45.9769647032605,dbscl-sentinel-1-2021\dbscl-sentinel-1_2021-09\S1_2021-09-05_11-19-14\S1A_IW_GRDH_1SDV_20210905T111914_20210905T111939_039546_04AC83_9839_metadata.json
2021-09-05 11:19:39,102.25745294916116,104.8079552204698,8.47055883089849,10.42997257987053,-14.54248328914915,2.673430163971452,-22.38710053167668,6.69786604662166,0.5028830480909217,45.00557559075224,dbscl-sentinel-1-2021\dbscl-sentinel-1_2021-09\S1_2021-09-05_11-19-39\S1A_IW_GRDH_1SDV_20210905T111939_20210905T112004_039546_04AC83_8889_metadata.json
2021-09-05 11:20:04,101.94658928847367,104.50727588825934,9.98286620610126,11.938945728910856,-14.24511263175849,2.5888117375037063,-22.17891385240992,6.311311411106977,0.5514166355513203,43.81636687231648,dbscl-sentinel-1-2021\dbscl-sentinel-1_2021-09\S1_2021-09-05_11-20-04\S1A_IW_GRDH_1SDV_20210905T112004_20210905T112029_039546_04AC83_33C0_metadata.json
2021-09-06 22:37:28,106.58567894189883,109.17879140917522,9.741971766297551,11.756737577624786,-17.622174194379333,2.4912921085627384,-28.664971964369474,6.579376424389179,0.6142264145016378,45.63577007949661,dbscl-sentinel-1-2021\dbscl-sentinel-1_2021-09\S1_2021-09-06_22-37-28\S1A_IW_GRDH_1SDV_20210906T223728_20210906T223756_039567_04AD4A_D9D4_metadata.json
2021-09-07 11:03:28,106.11867747795208,108.70113365483024,9.461549157872469,11.662410369794395,-15.003089314608008,2.635271799514656,-23.114703261524987,6.891475367691014,0.5293358333596097,31.808686709422183,dbscl-sentinel-1-2021\dbscl-sentinel-1_2021-09\S1_2021-09-07_11-03-28\S1A_IW_GRDH_1SDV_20210907T110328_20210907T110357_039575_04AD91_FCA7_metadata.json
2021-09-11 22:45:30,104.70627561143088,107.2630335657454,10.51769597190477,12.47085414523422,-15.736257302376586,2.5777412994701194,-24.63911255923132,6.833402045521872,0.5634421296942955,38.10042323833716,dbscl-sentinel-1-2021\dbscl-sentinel-1_2021-09\S1_2021-09-11_22-45-30\S1A_IW_GRDH_1SDV_20210911T224530_20210911T224555_039640_04AFC0_43B6_metadata.json
2021-09-11 22:45:55,104.40662489208071,106.9587436751516,9.005129191524075,10.962807460977052,-16.577371491048975,2.5908285698436253,-25.798588619870483,7.356154362227598,0.5493842812314753,38.75160004718924,dbscl-sentinel-1-2021\dbscl-sentinel-1_2021-09\S1_2021-09-11_22-45-55\S1A_IW_GRDH_1SDV_20210911T224555_20210911T224620_039640_04AFC0_49E4_metadata.json
2021-09-11 22:46:20,104.17491917502632,106.64815538362308,7.966388806063854,9.454361681272845,-17.522863601181257,2.557533257687066,-27.870720033421456,7.175007168941064,0.5839837908028963,41.00631830750253,dbscl-sentinel-1-2021\dbscl-sentinel-1_2021-09\S1_2021-09-11_22-46-20\S1A_IW_GRDH_1SDV_20210911T224620_20210911T224640_039640_04AFC0_BF51_metadata.json
2021-09-12 11:11:13,104.41591675827286,106.98783390142384,7.734787880306959,9.937141508080936,-17.200949906639636,2.567869523237852,-26.95762581600006,7.444273997279244,0.5608098557900603,38.5760536383924,dbscl-sentinel-1-2021\dbscl-sentinel-1_2021-09\S1_2021-09-12_11-11-13\S1A_IW_GRDH_1SDV_20210912T111113_20210912T111142_039648_04B00C_052F_metadata.json
2021-09-12 11:11:42,104.10800541686298,106.66232785749038,9.488775566964607,11.445441949609146,-15.92277683374732,2.598514057868488,-24.76159146112623,7.0839622063685335,0.6032367081091425,40.33253661258444,dbscl-sentinel-1-2021\dbscl-sentinel-1_2021-09\S1_2021-09-12_11-11-42\S1A_IW_GRDH_1SDV_20210912T111142_20210912T111207_039648_04B00C_2AAD_metadata.json
2021-09-16 22:54:02,102.4427317900394,104.98845561425172,9.591811685138394,11.385841559143335,-15.09194579537019,2.525918624766245,-24.06546930447217,6.118422286268155,0.5846119428549675,33.13694240978,dbscl-sentinel-1-2021\dbscl-sentinel-1_2021-09\S1_2021-09-16_22-54-02\S1A_IW_GRDH_1SDV_20210916T225402_20210916T225427_039713_04B235_839E_metadata.json
2021-09-17 11:19:14,102.5679964423619,105.11078456356832,6.958560234563694,8.921881272663642,-16.05422729678128,2.4927761514723072,-25.96472473188551,6.143729861677176,0.6103892955008284,45.9785225969304,dbscl-sentinel-1-2021\dbscl-sentinel-1_2021-09\S1_2021-09-17_11-19-14\S1A_IW_GRDH_1SDV_20210917T111914_20210917T111939_039721_04B27D_0F46_metadata.json
2021-09-17 11:19:39,102.25727577991373,104.80800437492417,8.47076712189596,10.430152852589096,-14.751386060171816,2.72065705042918,-22.857015914834623,6.645756205508984,0.5364233572944067,45.00815750297357,dbscl-sentinel-1-2021\dbscl-sentinel-1_2021-09\S1_2021-09-17_11-19-39\S1A_IW_GRDH_1SDV_20210917T111939_20210917T112004_039721_04B27D_95AC_metadata.json
2021-09-17 11:20:04,101.94671371122438,104.50723829503012,9.983070793552,11.939064498201216,-14.36383434240767,2.5740064629455044,-22.453127599112005,6.274541085703365,0.5581784106972263,43.818109718691936,dbscl-sentinel-1-2021\dbscl-sentinel-1_2021-09\S1_2021-09-17_11-20-04\S1A_IW_GRDH_1SDV_20210917T112004_20210917T112029_039721_04B27D_99A7_metadata.json
2021-09-18 22:37:29,106.58603432939904,109.17911422393192,9.743163463719563,11.756712695297876,-17.02518812918393,2.5205363111020103,-27.263332739729396,6.78704351863854,0.5900951057915174,45.634309860048255,dbscl-sentinel-1-2021\dbscl-sentinel-1_2021-09\S1_2021-09-18_22-37-29\S1A_IW_GRDH_1SDV_20210918T223729_20210918T223757_039742_04B338_BA2E_metadata.json
2021-09-19 11:03:28,106.11898369656583,108.70154309216524,9.461411377548083,11.662434232743768,-15.08688320137953,2.6481204821796545,-23.137894441478924,7.035871961280225,0.5196913686378609,31.810521909345177,dbscl-sentinel-1-2021\dbscl-sentinel-1_2021-09\S1_2021-09-19_11-03-28\S1A_IW_GRDH_1SDV_20210919T110328_20210919T110357_039750_04B37E_9ACB_metadata.json
2021-09-23 22:45:31,104.70647646105829,107.2628846618028,10.517620137008588,12.47100417174281,-16.867378237046953,2.5581225474777702,-26.77402307792447,6.9607333961696085,0.5747256556926356,38.10081751507384,dbscl-sentinel-1-2021\dbscl-sentinel-1_2021-09\S1_2021-09-23_22-45-31\S1A_IW_GRDH_1SDV_20210923T224531_20210923T224556_039815_04B5A2_79FA_metadata.json
2021-09-23 22:45:56,104.4067551802059,106.95896192999088,9.005028082387726,10.962728580019965,-16.655590015162392,2.5959794231770075,-26.0793999754089,7.231780054915883,0.5531175032115567,38.75201732453722,dbscl-sentinel-1-2021\dbscl-sentinel-1_2021-09\S1_2021-09-23_22-45-56\S1A_IW_GRDH_1SDV_20210923T224556_20210923T224621_039815_04B5A2_C5B4_metadata.json
2021-09-23 22:46:21,104.17566817656932,106.64834500232377,7.967823995388454,9.454381319425751,-17.767776596303673,2.514815585963373,-28.452695839298617,7.0828573533087615,0.5931225105166661,41.00682939383898,dbscl-sentinel-1-2021\dbscl-sentinel-1_2021-09\S1_2021-09-23_22-46-21\S1A_IW_GRDH_1SDV_20210923T224621_20210923T224640_039815_04B5A2_4532_metadata.json
2021-09-24 11:11:13,104.41624272139777,106.98831523928352,7.734703058624865,9.93683278718732,-17.387011991772063,2.5831729250168385,-27.481569530372337,7.292454453171868,0.5707577504637047,38.57187696564471,dbscl-sentinel-1-2021\dbscl-sentinel-1_2021-09\S1_2021-09-24_11-11-13\S1A_IW_GRDH_1SDV_20210924T111113_20210924T111142_039823_04B5EC_5B89_metadata.json
2021-09-24 11:11:42,104.1083706557707,106.66266411984437,9.488779110139944,11.445172020757177,-16.316872707376625,2.550763227319558,-25.514465066894804,7.119280347858455,0.5512734432793837,40.33068124577514,dbscl-sentinel-1-2021\dbscl-sentinel-1_2021-09\S1_2021-09-24_11-11-42\S1A_IW_GRDH_1SDV_20210924T111142_20210924T111207_039823_04B5EC_568A_metadata.json
2021-09-28 22:54:03,102.44219319456516,104.98790173071608,9.591714805312447,11.38591218588469,-14.681505464504331,2.538435525836834,-23.22517914480154,6.137831784206994,0.5717733736726583,33.13634672215332,dbscl-sentinel-1-2021\dbscl-sentinel-1_2021-09\S1_2021-09-28_22-54-03\S1A_IW_GRDH_1SDV_20210928T225403_20210928T225427_039888_04B838_6CDA_metadata.json
2021-09-29 11:19:15,102.56728327759087,105.11014800572018,6.958598367417814,8.92196667109689,-15.938082825702338,2.503916528213522,-25.656616143714874,6.21954950768987,0.6021730986568444,45.97957455946686,dbscl-sentinel-1-2021\dbscl-sentinel-1_2021-09\S1_2021-09-29_11-19-15\S1A_IW_GRDH_1SDV_20210929T111915_20210929T111940_039896_04B880_75D3_metadata.json
2021-09-29 11:19:40,102.25657836976023,104.80734613394732,8.470843897254898,10.430264250675403,-14.669314855814356,2.5874871726974487,-22.690187821454828,6.64844189017383,0.5329729432456016,45.00547303615435,dbscl-sentinel-1-2021\dbscl-sentinel-1_2021-09\S1_2021-09-29_11-19-40\S1A_IW_GRDH_1SDV_20210929T111940_20210929T112005_039896_04B880_3976_metadata.json
2021-09-29 11:20:05,101.9460040942578,104.50662978372064,9.983144473775171,11.939161016232942,-14.040341165919695,2.5937200982843547,-21.823832306784148,6.256850025055313,0.5490466886923369,43.81614178751119,dbscl-sentinel-1-2021\dbscl-sentinel-1_2021-09\S1_2021-09-29_11-20-05\S1A_IW_GRDH_1SDV_20210929T112005_20210929T112030_039896_04B880_DBB5_metadata.json
2021-09-30 22:37:29,106.5854805654275,109.17854752904024,9.742637487197165,11.756755473032184,-17.214342117742923,2.5089777531051567,-27.91649384526187,6.512190390223887,0.603708689366277,45.6327212940015,dbscl-sentinel-1-2021\dbscl-sentinel-1_2021-09\S1_2021-09-30_22-37-29\S1A_IW_GRDH_1SDV_20210930T223729_20210930T223757_039917_04B93E_4E15_metadata.json
2021-09-05 22:44:53,104.64488231740336,107.20104457827794,10.205077140167816,12.159489559958352,-14.906589705536952,2.613660327770276,-23.08047193274668,6.732707478327241,0.5400353567387357,38.3029338898938,dbscl-sentinel-1-2021\dbscl-sentinel-1_2021-09\S1_2021-09-05_22-44-53\S1B_IW_GRDH_1SDV_20210905T224453_20210905T224518_028569_0368C4_084D_metadata.json
2021-09-05 22:45:18,104.24235907432345,106.89458234137672,8.300454999916562,10.65118544731659,-16.566149116842656,2.589013450147548,-25.93528062047269,7.197017613212727,0.5537713090689821,39.155851696020726,dbscl-sentinel-1-2021\dbscl-sentinel-1_2021-09\S1_2021-09-05_22-45-18\S1B_IW_GRDH_1SDV_20210905T224518_20210905T224552_028569_0368C4_EBEE_metadata.json
2021-09-06 11:11:18,103.8347142449519,106.42449710132588,10.571130851067732,12.76622195696265,-15.677148401464953,2.66721373878037,-23.73391767318976,7.6203791297401,0.5060491387743306,39.83631802225752,dbscl-sentinel-1-2021\dbscl-sentinel-1_2021-09\S1_2021-09-06_11-11-18\S1B_IW_GRDH_1SDV_20210906T111118_20210906T111147_028577_036906_355C_metadata.json
2021-09-17 22:44:54,104.64518235935466,107.201730033336,10.205004038378885,12.159554645993914,-16.061750823709275,2.6655759880528884,-24.86182429095743,7.2616773564612975,0.5342911118628694,38.30209526449751,dbscl-sentinel-1-2021\dbscl-sentinel-1_2021-09\S1_2021-09-17_22-44-54\S1B_IW_GRDH_1SDV_20210917T224454_20210917T224519_028744_036E21_6F44_metadata.json
2021-09-17 22:45:19,104.24287502608004,106.8948536658743,8.301436208077627,10.65116777687181,-16.424638897184114,2.6145177757398312,-25.58063187022625,7.268645924141985,0.543074064177315,39.15517984053173,dbscl-sentinel-1-2021\dbscl-sentinel-1_2021-09\S1_2021-09-17_22-45-19\S1B_IW_GRDH_1SDV_20210917T224519_20210917T224552_028744_036E21_ACE1_metadata.json
2021-09-18 11:11:18,103.83493537899076,106.42435917036858,10.571208326022386,12.76607856678586,-16.949328432336323,2.64626376718257,-26.09249072931368,7.80616613535893,0.5255949972593021,39.83636603376872,dbscl-sentinel-1-2021\dbscl-sentinel-1_2021-09\S1_2021-09-18_11-11-18\S1B_IW_GRDH_1SDV_20210918T111118_20210918T111147_028752_036E61_85DE_metadata.json
2021-09-29 22:44:54,104.64488685405465,107.2012732434203,10.20501072631943,12.159587733842748,-16.9686716928644,2.6306490652707213,-26.553099742335156,7.384243643393621,0.5436564339177276,38.30091782471328,dbscl-sentinel-1-2021\dbscl-sentinel-1_2021-09\S1_2021-09-29_22-44-54\S1B_IW_GRDH_1SDV_20210929T224454_20210929T224519_028919_037383_E705_metadata.json
2021-09-29 22:45:19,104.24275118329544,106.89469085312696,8.301313567450974,10.651200513326618,-16.574041049451495,2.5368760996435125,-25.91427150239365,7.233810596509337,0.5483175160313342,39.153994301158846,dbscl-sentinel-1-2021\dbscl-sentinel-1_2021-09\S1_2021-09-29_22-45-19\S1B_IW_GRDH_1SDV_20210929T224519_20210929T224553_028919_037383_C488_metadata.json
2021-10-01 11:03:28,106.11810631377736,108.70051342789768,9.462180128999584,11.662418252278297,-15.31891059324079,2.6602499151306795,-23.56959875621085,7.068222430270677,0.5232566283140488,31.81261510293553,dbscl-sentinel-1-2021\dbscl-sentinel-1_2021-10\S1_2021-10-01_11-03-28\S1A_IW_GRDH_1SDV_20211001T110328_20211001T110358_039925_04B983_0472_metadata.json
2021-10-05 22:45:31,104.70642084250431,107.26282216005326,10.517362665482038,12.47101912085497,-17.572518374214884,2.5605522637874474,-28.18349064868532,6.961546099744671,0.578384244451244,38.10183476246917,dbscl-sentinel-1-2021\dbscl-sentinel-1_2021-10\S1_2021-10-05_22-45-31\S1A_IW_GRDH_1SDV_20211005T224531_20211005T224556_039990_04BBC4_6462_metadata.json
2021-10-05 22:45:56,104.40677853793925,106.95890302008011,9.00506452999309,10.962758896327893,-16.70656757979798,2.587231916402998,-26.373916124715727,7.039219034880206,0.5640536252554863,38.75305677008158,dbscl-sentinel-1-2021\dbscl-sentinel-1_2021-10\S1_2021-10-05_22-45-56\S1A_IW_GRDH_1SDV_20211005T224556_20211005T224621_039990_04BBC4_C890_metadata.json
2021-10-05 22:46:21,104.17521196526314,106.64829426941044,7.966463305463746,9.45434435335867,-17.32138807916815,2.498208063036075,-27.79695872526211,6.84581743307399,0.5995905041592321,41.00786644987647,dbscl-sentinel-1-2021\dbscl-sentinel-1_2021-10\S1_2021-10-05_22-46-21\S1A_IW_GRDH_1SDV_20211005T224621_20211005T224640_039990_04BBC4_1702_metadata.json
2021-10-06 11:11:14,104.4164944329254,106.98868261703927,7.73467895713865,9.937082210953095,-17.982132560593545,2.564380958612851,-28.336995422671954,7.627269698515261,0.567940826076606,38.57018951806344,dbscl-sentinel-1-2021\dbscl-sentinel-1_2021-10\S1_2021-10-06_11-11-14\S1A_IW_GRDH_1SDV_20211006T111114_20211006T111143_039998_04BC07_53A1_metadata.json
2021-10-06 11:11:43,104.1085163616316,106.66302431155484,9.488759592904929,11.44515563325548,-16.783107268004827,2.606544230825172,-26.485803847362824,7.080410688646917,0.5623746783196333,40.32783207318959,dbscl-sentinel-1-2021\dbscl-sentinel-1_2021-10\S1_2021-10-06_11-11-43\S1A_IW_GRDH_1SDV_20211006T111143_20211006T111208_039998_04BC07_F79B_metadata.json
2021-10-10 22:54:03,102.44170060672502,104.98804659786587,9.59102829997685,11.385882026217562,-15.675293455532412,2.5707620179832977,-24.695703805499623,6.654883105565244,0.5641835294785841,33.13751996824169,dbscl-sentinel-1-2021\dbscl-sentinel-1_2021-10\S1_2021-10-10_22-54-03\S1A_IW_GRDH_1SDV_20211010T225403_20211010T225427_040063_04BE3E_1634_metadata.json
2021-10-11 11:19:15,102.56761039596012,105.11028566616402,6.958560186170229,8.921887222684662,-15.965273391651866,2.5137185322418643,-25.569593691252454,6.36095309205145,0.5958355274333561,45.97861372243712,dbscl-sentinel-1-2021\dbscl-sentinel-1_2021-10\S1_2021-10-11_11-19-15\S1A_IW_GRDH_1SDV_20211011T111915_20211011T111940_040071_04BE86_1F27_metadata.json
2021-10-11 11:19:40,102.25662822828475,104.80738193107209,8.470753827395445,10.430177632129745,-14.298823852502496,2.775883736978513,-21.962209765481543,6.635437939523465,0.5222161448259055,45.00441465869564,dbscl-sentinel-1-2021\dbscl-sentinel-1_2021-10\S1_2021-10-11_11-19-40\S1A_IW_GRDH_1SDV_20211011T111940_20211011T112005_040071_04BE86_21C5_metadata.json
2021-10-11 11:20:05,101.94602751589603,104.50667484208957,9.98333749948183,11.939174662604454,-13.696433144562471,2.6096000029570425,-21.218504768426705,6.174361520698261,0.543302372989692,43.81515699336089,dbscl-sentinel-1-2021\dbscl-sentinel-1_2021-10\S1_2021-10-11_11-20-05\S1A_IW_GRDH_1SDV_20211011T112005_20211011T112030_040071_04BE86_40B1_metadata.json
2021-10-12 22:37:29,106.58541797705936,109.17864814772577,9.742099386010343,11.75681156850316,-17.543497776763935,2.5169833473147407,-28.245025877250264,6.841969676277548,0.5968963186021776,45.63397672384161,dbscl-sentinel-1-2021\dbscl-sentinel-1_2021-10\S1_2021-10-12_22-37-29\S1A_IW_GRDH_1SDV_20211012T223729_20211012T223757_040092_04BF53_C7B4_metadata.json
2021-10-13 11:03:29,106.118231833377,108.70039534565062,9.46318147630968,11.662532537404516,-15.23825371906931,2.661476881069221,-23.305802421019443,7.1707050171192455,0.5167003448178632,31.811275709474828,dbscl-sentinel-1-2021\dbscl-sentinel-1_2021-10\S1_2021-10-13_11-03-29\S1A_IW_GRDH_1SDV_20211013T110329_20211013T110358_040100_04BF97_20C3_metadata.json
2021-10-17 22:45:31,104.70605500640436,107.26283487685816,10.51769762611779,12.47104544023573,-17.947002650606425,2.5450109599520867,-28.745266810559183,7.148738490653661,0.582969002297769,38.09950009116289,dbscl-sentinel-1-2021\dbscl-sentinel-1_2021-10\S1_2021-10-17_22-45-31\S1A_IW_GRDH_1SDV_20211017T224531_20211017T224556_040165_04C1D1_D857_metadata.json
2021-10-17 22:45:56,104.40637239810792,106.958512089246,9.005072358067396,10.962789162841164,-17.290559042331616,2.592981124097806,-27.26293579868012,7.318182285982974,0.55192844972712,38.75083211791274,dbscl-sentinel-1-2021\dbscl-sentinel-1_2021-10\S1_2021-10-17_22-45-56\S1A_IW_GRDH_1SDV_20211017T224556_20211017T224621_040165_04C1D1_1277_metadata.json
2021-10-17 22:46:21,104.17521914758726,106.647925736528,7.967125609178757,9.454289182491124,-17.33090792042594,2.51541021381493,-27.69871770687616,6.9630981339757465,0.5886491235721096,41.005860713908696,dbscl-sentinel-1-2021\dbscl-sentinel-1_2021-10\S1_2021-10-17_22-46-21\S1A_IW_GRDH_1SDV_20211017T224621_20211017T224640_040165_04C1D1_3B7F_metadata.json
2021-10-18 11:11:14,104.41582776247137,106.98784624340789,7.735351807645763,9.937096611007473,-18.04017807312273,2.559670261126916,-28.54155709329677,7.538799052948607,0.5742404393742094,38.5754054159334,dbscl-sentinel-1-2021\dbscl-sentinel-1_2021-10\S1_2021-10-18_11-11-14\S1A_IW_GRDH_1SDV_20211018T111114_20211018T111143_040173_04C21B_EA6C_metadata.json
2021-10-18 11:11:43,104.10792201738104,106.66235025697296,9.488712709775276,11.445382572455058,-17.571860536145582,2.553738787733107,-28.092259509397117,7.051461562894041,0.5798232688244491,40.33033400363544,dbscl-sentinel-1-2021\dbscl-sentinel-1_2021-10\S1_2021-10-18_11-11-43\S1A_IW_GRDH_1SDV_20211018T111143_20211018T111208_040173_04C21B_E1CC_metadata.json
2021-10-22 22:54:03,102.44207013486697,104.98742148590374,9.591616007317306,11.385843972672395,-16.70879044056781,2.535473893248462,-26.844921898780136,6.572658982355577,0.5869481233420974,33.13804139468202,dbscl-sentinel-1-2021\dbscl-sentinel-1_2021-10\S1_2021-10-22_22-54-03\S1A_IW_GRDH_1SDV_20211022T225403_20211022T225427_040238_04C459_A512_metadata.json
2021-10-23 11:19:15,102.56724081181078,105.110191543165,6.958546317341203,8.921824429278336,-15.848109426811018,2.5003120563302987,-25.585199744186667,6.111019109435452,0.6063042516352938,45.97805164751384,dbscl-sentinel-1-2021\dbscl-sentinel-1_2021-10\S1_2021-10-23_11-19-15\S1A_IW_GRDH_1SDV_20211023T111915_20211023T111940_040246_04C4A0_12DE_metadata.json
2021-10-23 11:19:40,102.25655767542302,104.80732894776844,8.470704732629692,10.430120281724289,-14.766114329345235,2.592215594280387,-22.79047729379994,6.741751364890503,0.5295235137877367,45.00328101259859,dbscl-sentinel-1-2021\dbscl-sentinel-1_2021-10\S1_2021-10-23_11-19-40\S1A_IW_GRDH_1SDV_20211023T111940_20211023T112005_040246_04C4A0_09FE_metadata.json
2021-10-23 11:20:05,101.94600200459516,104.5066974157154,9.983023010431232,11.939001264226826,-14.343086965974296,2.463480915445764,-22.32314247779248,6.363031454156158,0.5507243212771079,43.814225753747984,dbscl-sentinel-1-2021\dbscl-sentinel-1_2021-10\S1_2021-10-23_11-20-05\S1A_IW_GRDH_1SDV_20211023T112005_20211023T112030_040246_04C4A0_3E02_metadata.json
2021-10-24 22:37:29,106.58513830799342,109.17807800571484,9.74375812796117,11.756765162220074,-17.49049451734716,2.492196807213117,-28.342649824621567,6.638339210072734,0.6059660789510332,45.6329060470903,dbscl-sentinel-1-2021\dbscl-sentinel-1_2021-10\S1_2021-10-24_22-37-29\S1A_IW_GRDH_1SDV_20211024T223729_20211024T223757_040267_04C56B_DD8F_metadata.json
2021-10-25 11:03:29,106.11782961467252,108.70000466858056,9.463752633377776,11.66244351378733,-15.761843634142656,2.6075296540534736,-24.517631401876976,7.0060558664082375,0.5416839740324265,31.81135881670566,dbscl-sentinel-1-2021\dbscl-sentinel-1_2021-10\S1_2021-10-25_11-03-29\S1A_IW_GRDH_1SDV_20211025T110329_20211025T110358_040275_04C5AC_6A62_metadata.json
2021-10-29 22:45:31,104.7059861285786,107.26276534029454,10.51776512735616,12.470920892016316,-18.13617139873629,2.5220145211174674,-29.339354214938545,6.932988582534075,0.5969035101828915,38.09891078636235,dbscl-sentinel-1-2021\dbscl-sentinel-1_2021-10\S1_2021-10-29_22-45-31\S1A_IW_GRDH_1SDV_20211029T224531_20211029T224556_040340_04C7E4_3C84_metadata.json
2021-10-29 22:45:56,104.4062728394006,106.95839526050445,9.00511865423789,10.962864429099945,-17.52745017290284,2.575957911997009,-27.791983394710783,7.262916951094935,0.566982763538596,38.75031318498554,dbscl-sentinel-1-2021\dbscl-sentinel-1_2021-10\S1_2021-10-29_22-45-56\S1A_IW_GRDH_1SDV_20211029T224556_20211029T224621_040340_04C7E4_BC9A_metadata.json
2021-10-29 22:46:21,104.17506353064626,106.64772127615733,7.967165385952708,9.454423563856968,-17.641483038263686,2.246232402938838,-28.078311227471875,7.204654849055523,0.584337173803302,41.00530604875141,dbscl-sentinel-1-2021\dbscl-sentinel-1_2021-10\S1_2021-10-29_22-46-21\S1A_IW_GRDH_1SDV_20211029T224621_20211029T224640_040340_04C7E4_699C_metadata.json
2021-10-30 11:11:14,104.4155024219898,106.98739841898742,7.735920978877394,9.937063942861068,-18.09436767292568,2.563085567660335,-28.479973322385668,7.708762023465742,0.5695066094667418,38.57809846751196,dbscl-sentinel-1-2021\dbscl-sentinel-1_2021-10\S1_2021-10-30_11-11-14\S1A_IW_GRDH_1SDV_20211030T111114_20211030T111143_040348_04C82F_6AC4_metadata.json
2021-10-30 11:11:43,104.10784792394008,106.66198916679885,9.488682820079015,11.44529500758567,-17.839870194458037,2.537298014428324,-28.40889445378143,7.270845935134716,0.576472286596926,40.331392243739366,dbscl-sentinel-1-2021\dbscl-sentinel-1_2021-10\S1_2021-10-30_11-11-43\S1A_IW_GRDH_1SDV_20211030T111143_20211030T111208_040348_04C82F_17AB_metadata.json
2021-10-11 22:44:54,104.64464400997112,107.20117171462816,10.20500607846184,12.15958618647425,-17.568164644110226,2.6104285280344963,-27.424964438739256,7.711364849481091,0.541882212043444,38.29984608497457,dbscl-sentinel-1-2021\dbscl-sentinel-1_2021-10\S1_2021-10-11_22-44-54\S1B_IW_GRDH_1SDV_20211011T224454_20211011T224519_029094_0378BE_74E4_metadata.json
2021-10-11 22:45:19,104.24237042950034,106.8944260125056,8.300959028485998,10.651188819530375,-17.225562146173857,2.5934906190883296,-27.050665429041125,7.400458863306632,0.5558413527060634,39.15299949033083,dbscl-sentinel-1-2021\dbscl-sentinel-1_2021-10\S1_2021-10-11_22-45-19\S1B_IW_GRDH_1SDV_20211011T224519_20211011T224553_029094_0378BE_494B_metadata.json
2021-10-12 11:11:19,103.8343353105012,106.42383647127836,10.571551039911968,12.766373063970356,-19.170505920546084,2.638127542550801,-29.49905508834927,8.841956752742929,0.5255793038739954,39.83713905015584,dbscl-sentinel-1-2021\dbscl-sentinel-1_2021-10\S1_2021-10-12_11-11-19\S1B_IW_GRDH_1SDV_20211012T111119_20211012T111148_029102_0378FD_DD8F_metadata.json
2021-10-23 22:44:54,104.64407853167496,107.20059707688192,10.205042803628992,12.15912366366717,-17.694040102474656,2.6161295937281577,-28.002070129623142,7.386010075326247,0.5652930141997529,38.29651144229855,dbscl-sentinel-1-2021\dbscl-sentinel-1_2021-10\S1_2021-10-23_22-44-54\S1B_IW_GRDH_1SDV_20211023T224454_20211023T224519_029269_037E2B_969C_metadata.json
2021-10-23 22:45:19,104.24186947188524,106.89371965227603,8.301788316150294,10.65114787160668,-17.562572707774784,2.573943588815276,-27.837360361515533,7.287785054033961,0.5691010262182543,39.149477048949045,dbscl-sentinel-1-2021\dbscl-sentinel-1_2021-10\S1_2021-10-23_22-45-19\S1B_IW_GRDH_1SDV_20211023T224519_20211023T224553_029269_037E2B_4B3C_metadata.json
2021-10-24 11:11:19,103.83365652160424,106.42326480154192,10.571715639520566,12.766268366938476,-19.756485253652343,2.554145750565809,-31.827145407231544,7.685825100072966,0.5813514292101907,39.83853313584636,dbscl-sentinel-1-2021\dbscl-sentinel-1_2021-10\S1_2021-10-24_11-11-19\S1B_IW_GRDH_1SDV_20211024T111119_20211024T111148_029277_037E6B_B773_metadata.json
2021-11-04 11:19:14,102.56809442077687,105.11110038996216,6.95841584811168,8.921690588079704,-16.15023653508541,2.503131210024471,-25.93885127125825,6.3616217989126005,0.6024368697226479,45.974663169071896,dbscl-sentinel-1-2021\dbscl-sentinel-1_2021-11\S1_2021-11-04_11-19-14\S1A_IW_GRDH_1SDV_20211104T111914_20211104T111939_040421_04CAB8_4E48_metadata.json
2021-11-04 11:19:39,102.25741190943845,104.80818941664997,8.470582383706422,10.429991840360962,-14.71487200956413,2.3355314015231032,-22.802588876583105,6.6271551425451465,0.5375025785384453,45.00539167633723,dbscl-sentinel-1-2021\dbscl-sentinel-1_2021-11\S1_2021-11-04_11-19-39\S1A_IW_GRDH_1SDV_20211104T111939_20211104T112004_040421_04CAB8_AA1E_metadata.json
2021-11-04 11:20:04,101.94685441620284,104.50764320037972,9.982880510657909,11.93886383642836,-14.188028573620892,2.585013209935492,-22.1166940656327,6.259363081609018,0.5535562101445025,43.8154721635408,dbscl-sentinel-1-2021\dbscl-sentinel-1_2021-11\S1_2021-11-04_11-20-04\S1A_IW_GRDH_1SDV_20211104T112004_20211104T112029_040421_04CAB8_7C5F_metadata.json
2021-11-10 22:45:31,104.70631690260448,107.26272448419031,10.517797445123332,12.471173012998571,-18.648973363385423,2.45823459578548,-30.510748853754208,6.787197873016518,0.6162084932212069,38.10093443748153,dbscl-sentinel-1-2021\dbscl-sentinel-1_2021-11\S1_2021-11-10_22-45-31\S1A_IW_GRDH_1SDV_20211110T224531_20211110T224556_040515_04CE03_FDB2_metadata.json
2021-11-10 22:45:56,104.40660117912152,106.95872016525335,9.00515172266226,10.962906095029975,-17.42075800207056,2.5541963376608487,-27.8538998037174,6.987616200423773,0.578080591639591,38.752257703502565,dbscl-sentinel-1-2021\dbscl-sentinel-1_2021-11\S1_2021-11-10_22-45-56\S1A_IW_GRDH_1SDV_20211110T224556_20211110T224621_040515_04CE03_DAA6_metadata.json
2021-11-10 22:46:21,104.1753496708736,106.64803457824677,7.967660472207444,9.454466381532972,-17.496824301253955,1.6038320977875369,-28.00078389675016,6.992864705757725,0.5918029950567611,41.007015517843406,dbscl-sentinel-1-2021\dbscl-sentinel-1_2021-11\S1_2021-11-10_22-46-21\S1A_IW_GRDH_1SDV_20211110T224621_20211110T224640_040515_04CE03_26B3_metadata.json
2021-11-11 11:11:13,104.41545650312082,106.98734193425416,7.735960252717995,9.937040508762044,-17.371569477131246,2.563919327570277,-27.50169529741724,7.241443656845212,0.5752101214832475,38.57751920180232,dbscl-sentinel-1-2021\dbscl-sentinel-1_2021-11\S1_2021-11-11_11-11-13\S1A_IW_GRDH_1SDV_20211111T111113_20211111T111142_040523_04CE46_FE3D_metadata.json
2021-11-11 11:11:42,104.10756688326391,106.66204943841068,9.488632488297355,11.445147235690008,-17.472481526137084,2.5721087391008504,-27.793437988470338,7.151525063804034,0.5719388785243027,40.3305821533856,dbscl-sentinel-1-2021\dbscl-sentinel-1_2021-11\S1_2021-11-11_11-11-42\S1A_IW_GRDH_1SDV_20211111T111142_20211111T111207_040523_04CE46_C8E0_metadata.json
2021-11-15 22:54:02,102.44207074710393,104.98788728858278,9.59141279563509,11.385866952286724,-17.22780791152369,2.536354079581023,-27.728028839389737,6.727586983657825,0.5903071770808629,33.13873448520841,dbscl-sentinel-1-2021\dbscl-sentinel-1_2021-11\S1_2021-11-15_22-54-02\S1A_IW_GRDH_1SDV_20211115T225402_20211115T225427_040588_04D08C_406F_metadata.json
2021-11-17 22:37:29,106.5852141153602,109.178277609774,9.74289597031816,11.756759238194016,-17.304307033054908,2.525377074190751,-27.816341227576658,6.792272838533506,0.5937454497922275,45.63379487121917,dbscl-sentinel-1-2021\dbscl-sentinel-1_2021-11\S1_2021-11-17_22-37-29\S1A_IW_GRDH_1SDV_20211117T223729_20211117T223757_040617_04D18E_0E51_metadata.json
2021-11-18 11:03:28,106.11839216481962,108.70028750387648,9.46429366840637,11.66234620521444,-15.770413488252268,2.6159134850919084,-24.397221369696307,7.143605606808187,0.5355624921355521,31.80881454694238,dbscl-sentinel-1-2021\dbscl-sentinel-1_2021-11\S1_2021-11-18_11-03-28\S1A_IW_GRDH_1SDV_20211118T110328_20211118T110357_040625_04D1CE_C17D_metadata.json
2021-11-22 22:45:30,104.70531808645907,107.26199583969438,10.517735026548715,12.47088657229312,-18.536026348888537,2.504662533864397,-30.29477573352257,6.777276964254356,0.6094262840069341,38.09533738529814,dbscl-sentinel-1-2021\dbscl-sentinel-1_2021-11\S1_2021-11-22_22-45-30\S1A_IW_GRDH_1SDV_20211122T224530_20211122T224555_040690_04D407_4D87_metadata.json
2021-11-22 22:45:55,104.4056309937577,106.95769951368592,9.005111457558364,10.962849873814465,-17.23127306822723,2.576110045513224,-27.229204697067125,7.233341439387193,0.5620425648904107,38.74711274695348,dbscl-sentinel-1-2021\dbscl-sentinel-1_2021-11\S1_2021-11-22_22-45-55\S1A_IW_GRDH_1SDV_20211122T224555_20211122T224620_040690_04D407_2CC8_metadata.json
2021-11-22 22:46:20,104.17435008900316,106.64704160197267,7.967555963618962,9.454386688340657,-17.587626270994626,2.5601046284190674,-27.67810054560383,7.497151996385591,0.5699389822512085,41.00238006498856,dbscl-sentinel-1-2021\dbscl-sentinel-1_2021-11\S1_2021-11-22_22-46-20\S1A_IW_GRDH_1SDV_20211122T224620_20211122T224640_040690_04D407_7A48_metadata.json
2021-11-23 11:11:13,104.4150902184963,106.98696609041096,7.736056749086828,9.937013880467006,-17.95735289867036,2.571564607594894,-28.152153822883392,7.762551974457344,0.5644432405976959,38.581397830528765,dbscl-sentinel-1-2021\dbscl-sentinel-1_2021-11\S1_2021-11-23_11-11-13\S1A_IW_GRDH_1SDV_20211123T111113_20211123T111142_040698_04D451_5F51_metadata.json
2021-11-23 11:11:42,104.1075034254026,106.66170211223124,9.488607976299116,11.445261757760434,-17.733476072110477,2.5705944270239054,-28.2560100403652,7.210942103855654,0.5764636533926817,40.332592366536886,dbscl-sentinel-1-2021\dbscl-sentinel-1_2021-11\S1_2021-11-23_11-11-42\S1A_IW_GRDH_1SDV_20211123T111142_20211123T111207_040698_04D451_F6BF_metadata.json
2021-11-27 22:54:02,102.44148501275583,104.98747675811283,9.591244422327172,11.385947000235005,-16.82296640484531,2.5574343446870933,-26.677236427246147,6.96869638244464,0.5780271807662765,33.13876494038032,dbscl-sentinel-1-2021\dbscl-sentinel-1_2021-11\S1_2021-11-27_22-54-02\S1A_IW_GRDH_1SDV_20211127T225402_20211127T225426_040763_04D68F_A595_metadata.json
2021-11-28 11:19:14,102.56739543986065,105.11017468132536,6.958440266615301,8.921771535545076,-15.71882404783952,2.5594348228447905,-24.78840496781508,6.649243127863913,0.5684687909539514,45.97677228618695,dbscl-sentinel-1-2021\dbscl-sentinel-1_2021-11\S1_2021-11-28_11-19-14\S1A_IW_GRDH_1SDV_20211128T111914_20211128T111939_040771_04D6D7_923C_metadata.json
2021-11-28 11:19:39,102.25641325175935,104.8072575316464,8.470637792232896,10.430077220632732,-15.002189260556586,4.092727462661089,-23.23151010850263,6.7728684126105145,0.5351518480683789,45.00152265774741,dbscl-sentinel-1-2021\dbscl-sentinel-1_2021-11\S1_2021-11-28_11-19-39\S1A_IW_GRDH_1SDV_20211128T111939_20211128T112004_040771_04D6D7_1406_metadata.json
2021-11-28 11:20:04,101.9460545944508,104.50655068720845,9.982954142956856,11.938957804814832,-14.603770704574496,2.5803837173605446,-22.79692413128403,6.410617277864879,0.555894354688727,43.81241352998264,dbscl-sentinel-1-2021\dbscl-sentinel-1_2021-11\S1_2021-11-28_11-20-04\S1A_IW_GRDH_1SDV_20211128T112004_20211128T112029_040771_04D6D7_B667_metadata.json
2021-11-29 22:37:28,106.58566626234554,109.17853936341304,9.74350486859379,11.75682968440734,-17.086707882767126,2.5812878928212157,-26.906009040026557,7.267406725507377,0.5616955377613696,45.634485094483246,dbscl-sentinel-1-2021\dbscl-sentinel-1_2021-11\S1_2021-11-29_22-37-28\S1A_IW_GRDH_1SDV_20211129T223728_20211129T223756_040792_04D7A0_2665_metadata.json
2021-11-30 11:03:28,106.1183552894734,108.7002939381327,9.464612662744878,11.662326594364956,-15.39367119852263,2.635802657130008,-23.68808116141477,7.099261235630604,0.5269362405250043,31.80821805877027,dbscl-sentinel-1-2021\dbscl-sentinel-1_2021-11\S1_2021-11-30_11-03-28\S1A_IW_GRDH_1SDV_20211130T110328_20211130T110357_040800_04D7E7_9615_metadata.json
2021-11-04 22:44:54,104.64492803973792,107.20106035760864,10.205059653594155,12.159480286234892,-17.526465977820646,2.7106686211218705,-27.6995550441053,7.353376911535884,0.5600359756642043,38.30251387706191,dbscl-sentinel-1-2021\dbscl-sentinel-1_2021-11\S1_2021-11-04_22-44-54\S1B_IW_GRDH_1SDV_20211104T224454_20211104T224519_029444_038386_4FD5_metadata.json
2021-11-04 22:45:19,104.24253241829358,106.8945757676375,8.301747397196463,10.65117789029283,-17.62185775155039,2.579530568551713,-28.019462814024536,7.224252689076208,0.5691281703048185,39.155561936437735,dbscl-sentinel-1-2021\dbscl-sentinel-1_2021-11\S1_2021-11-04_22-45-19\S1B_IW_GRDH_1SDV_20211104T224519_20211104T224553_029444_038386_234E_metadata.json
2021-11-16 22:44:54,104.64439378312024,107.20058544528284,10.205075917588566,12.159494779403952,-17.072383512845576,2.607053380791933,-26.960475112130577,7.184291913560491,0.5535167970715491,38.2995484897,dbscl-sentinel-1-2021\dbscl-sentinel-1_2021-11\S1_2021-11-16_22-44-54\S1B_IW_GRDH_1SDV_20211116T224454_20211116T224519_029619_0388E3_2436_metadata.json
2021-11-16 22:45:19,104.24209187307588,106.89411569641013,8.301825687503765,10.651210055203284,-17.37837743662001,2.568480654919809,-27.36134268605375,7.395412187186452,0.5531245983471177,39.15250060324953,dbscl-sentinel-1-2021\dbscl-sentinel-1_2021-11\S1_2021-11-16_22-45-19\S1B_IW_GRDH_1SDV_20211116T224519_20211116T224553_029619_0388E3_327B_metadata.json
2021-11-17 11:11:18,103.83424915701798,106.4239352241947,10.57137978725532,12.766142461347483,-19.700892267253508,2.5847107128470403,-30.91927375436228,8.48251078014482,0.5594553520942372,39.83489766491431,dbscl-sentinel-1-2021\dbscl-sentinel-1_2021-11\S1_2021-11-17_11-11-18\S1B_IW_GRDH_1SDV_20211117T111118_20211117T111147_029627_038924_572B_metadata.json
2021-11-28 22:44:54,104.64466900599264,107.2006152907048,10.205110320794024,12.159557788587191,-16.995064330665343,2.6049019298888703,-26.976140873054696,7.013987788275984,0.5695994233420988,38.29963170141307,dbscl-sentinel-1-2021\dbscl-sentinel-1_2021-11\S1_2021-11-28_22-44-54\S1B_IW_GRDH_1SDV_20211128T224454_20211128T224519_029794_038E64_F0D1_metadata.json
2021-11-28 22:45:19,104.24201354026783,106.8938069116002,8.30207936603246,10.651265370553244,-17.049334288123905,2.574497597020923,-26.969794701880573,7.128873874367227,0.5650606409840616,39.15269578059208,dbscl-sentinel-1-2021\dbscl-sentinel-1_2021-11\S1_2021-11-28_22-45-19\S1B_IW_GRDH_1SDV_20211128T224519_20211128T224552_029794_038E64_C290_metadata.json
2021-11-29 11:11:18,103.83418042886784,106.4238521962619,10.571615061993825,12.766193998950351,-19.56368460820056,2.612773554269839,-30.295111309287087,8.832257907114089,0.5443578290603096,39.8354516472298,dbscl-sentinel-1-2021\dbscl-sentinel-1_2021-11\S1_2021-11-29_11-11-18\S1B_IW_GRDH_1SDV_20211129T111118_20211129T111147_029802_038EA7_D730_metadata.json
2021-12-04 22:45:30,104.70588307886584,107.26269535280004,10.51772963853058,12.470884639572768,-18.60556373650668,2.537051831635257,-29.9081712668625,7.302956206150922,0.6697290493174993,38.098677017206256,dbscl-sentinel-1-2021\dbscl-sentinel-1_2021-12\S1_2021-12-04_22-45-30\S1A_IW_GRDH_1SDV_20211204T224530_20211204T224555_040865_04DA22_B7A2_metadata.json
2021-12-04 22:45:55,104.40620400982512,106.9582759096918,9.00510681091959,10.962842312623348,-17.274025477243697,2.6115616076825825,-27.031673715918235,7.516377238569081,0.5510108680758126,38.75016234507616,dbscl-sentinel-1-2021\dbscl-sentinel-1_2021-12\S1_2021-12-04_22-45-55\S1A_IW_GRDH_1SDV_20211204T224555_20211204T224620_040865_04DA22_9287_metadata.json
2021-12-04 22:46:20,104.17478998219096,106.64761738193788,7.966848291525157,9.454309022124235,-17.806133727770305,3.12146198206229,-28.288352998096403,7.323914457444157,0.5822598321715472,41.005259489752426,dbscl-sentinel-1-2021\dbscl-sentinel-1_2021-12\S1_2021-12-04_22-46-20\S1A_IW_GRDH_1SDV_20211204T224620_20211204T224639_040865_04DA22_26EC_metadata.json
2021-12-05 11:11:13,104.41564763939692,106.98762246622168,7.735652723313862,9.936961857026931,-17.74838449166558,2.5192886836410486,-28.284702409382884,7.212066573948237,0.5839267128993988,38.57567671175216,dbscl-sentinel-1-2021\dbscl-sentinel-1_2021-12\S1_2021-12-05_11-11-13\S1A_IW_GRDH_1SDV_20211205T111113_20211205T111142_040873_04DA6E_E042_metadata.json
2021-12-05 11:11:42,104.10773013671997,106.66214650272802,9.48856510878372,11.445207934841642,-17.55449519792612,2.6012621013067334,-27.612723440768477,7.496266955083691,0.5584499128670376,40.33003253406905,dbscl-sentinel-1-2021\dbscl-sentinel-1_2021-12\S1_2021-12-05_11-11-42\S1A_IW_GRDH_1SDV_20211205T111142_20211205T111207_040873_04DA6E_F615_metadata.json
2021-12-09 22:54:01,102.44176629081088,104.98786384240611,9.591199850434563,11.38590642894014,-16.87439309746778,2.5765662848602564,-26.646816087339023,7.101970107596766,0.570841650689637,33.13801963120992,dbscl-sentinel-1-2021\dbscl-sentinel-1_2021-12\S1_2021-12-09_22-54-01\S1A_IW_GRDH_1SDV_20211209T225401_20211209T225426_040938_04DC9F_C751_metadata.json
2021-12-10 11:19:13,102.56706499489204,105.11013310663824,6.9585021125057,8.92181857490585,-16.126097035706252,2.5284534869468085,-25.699064742000637,6.553129329411928,0.587238097081189,45.976592491820846,dbscl-sentinel-1-2021\dbscl-sentinel-1_2021-12\S1_2021-12-10_11-19-13\S1A_IW_GRDH_1SDV_20211210T111913_20211210T111938_040946_04DCE7_DEB8_metadata.json
2021-12-10 11:19:38,102.25634060340956,104.80699190313956,8.470778191154379,10.43012439014861,-14.976359544518129,2.667950583472505,-23.32303656437334,6.629682524662849,0.5431661359804137,45.00108515992215,dbscl-sentinel-1-2021\dbscl-sentinel-1_2021-12\S1_2021-12-10_11-19-38\S1A_IW_GRDH_1SDV_20211210T111938_20211210T112003_040946_04DCE7_31CE_metadata.json
2021-12-10 11:20:03,101.94574140656944,104.506489542967,9.982976269329964,11.938999616748111,-14.535505221799768,2.5725435009630586,-22.760893781195243,6.310116662404218,0.5605226135200777,43.81166154794675,dbscl-sentinel-1-2021\dbscl-sentinel-1_2021-12\S1_2021-12-10_11-20-03\S1A_IW_GRDH_1SDV_20211210T112003_20211210T112028_040946_04DCE7_1C1E_metadata.json
2021-12-11 22:37:28,106.58549639237408,109.17858590749024,9.743216614630828,11.756886075520088,-17.724477614739932,2.521148494629253,-28.511575256225587,6.937379973254519,0.5948731167441702,45.633984826432105,dbscl-sentinel-1-2021\dbscl-sentinel-1_2021-12\S1_2021-12-11_22-37-28\S1A_IW_GRDH_1SDV_20211211T223728_20211211T223756_040967_04DDB0_5EC2_metadata.json
2021-12-12 11:03:27,106.11813331977449,108.70003076807988,9.464355770842614,11.662357484615296,-15.82217245296068,2.63014950016759,-24.497916845532117,7.146428060389298,0.5346874240475723,31.809196807803044,dbscl-sentinel-1-2021\dbscl-sentinel-1_2021-12\S1_2021-12-12_11-03-27\S1A_IW_GRDH_1SDV_20211212T110327_20211212T110356_040975_04DDF6_DC9E_metadata.json
2021-12-16 22:45:30,104.70600027789688,107.26277814728664,10.517753757148846,12.471124301586515,-17.800319522306623,2.5420478409932645,-28.22824341025399,7.372395634359236,0.57538593343333,38.09906515864962,dbscl-sentinel-1-2021\dbscl-sentinel-1_2021-12\S1_2021-12-16_22-45-30\S1A_IW_GRDH_1SDV_20211216T224530_20211216T224555_041040_04E017_1741_metadata.json
2021-12-16 22:45:55,104.40631102872726,106.95838751395924,9.00513090443308,10.962819389876016,-16.88743786512798,2.6175356615482754,-26.122151086634293,7.652724643621495,0.5405917521581842,38.75061187248978,dbscl-sentinel-1-2021\dbscl-sentinel-1_2021-12\S1_2021-12-16_22-45-55\S1A_IW_GRDH_1SDV_20211216T224555_20211216T224620_041040_04E017_FEEB_metadata.json
2021-12-16 22:46:20,104.17481773602972,106.64773368949596,7.967135106488227,9.454398684916228,-17.592413707245647,2.5884533296873657,-27.65186440687151,7.53296300761982,0.5666950957180825,41.005639420108686,dbscl-sentinel-1-2021\dbscl-sentinel-1_2021-12\S1_2021-12-16_22-46-20\S1A_IW_GRDH_1SDV_20211216T224620_20211216T224639_041040_04E017_CCF3_metadata.json
2021-12-17 11:11:12,104.41581479502376,106.98765489768468,7.736284925789463,9.93667281405138,-17.84509715302408,2.5389651103034008,-28.292775229960814,7.397419076087214,0.5805199274379885,38.57684100372774,dbscl-sentinel-1-2021\dbscl-sentinel-1_2021-12\S1_2021-12-17_11-11-12\S1A_IW_GRDH_1SDV_20211217T111112_20211217T111141_041048_04E05F_599E_metadata.json
2021-12-17 11:11:41,104.10787619643268,106.6624140370384,9.488564806310112,11.445019734407564,-17.319087328997973,2.6137230908070097,-26.98222786420372,7.655946793792245,0.5500213267560159,40.32911756709831,dbscl-sentinel-1-2021\dbscl-sentinel-1_2021-12\S1_2021-12-17_11-11-41\S1A_IW_GRDH_1SDV_20211217T111141_20211217T111206_041048_04E05F_D133_metadata.json
2021-12-21 22:54:01,102.44259814675358,104.98786990453516,9.591685819542732,11.385940737006974,-16.404966865545187,2.5689554506321217,-25.789580235974626,7.0203534951157485,0.5683073392127599,33.13940206297477,dbscl-sentinel-1-2021\dbscl-sentinel-1_2021-12\S1_2021-12-21_22-54-01\S1A_IW_GRDH_1SDV_20211221T225401_20211221T225425_041113_04E27C_C3E7_metadata.json
2021-12-22 11:19:13,102.56784487806117,105.11080847356786,6.958449910593412,8.92172395925196,-16.274342333304887,2.5167908323017585,-26.01899414612136,6.529690520488418,0.5944019644086604,45.97518379779794,dbscl-sentinel-1-2021\dbscl-sentinel-1_2021-12\S1_2021-12-22_11-19-13\S1A_IW_GRDH_1SDV_20211222T111913_20211222T111938_041121_04E2C3_D5F1_metadata.json
2021-12-22 11:19:38,102.25715405808116,104.80799333298016,8.470616450698927,10.42997514521104,-15.048524324625957,2.6591296034653245,-23.422660018842016,6.674388630409927,0.5395550588181692,45.00380825358928,dbscl-sentinel-1-2021\dbscl-sentinel-1_2021-12\S1_2021-12-22_11-19-38\S1A_IW_GRDH_1SDV_20211222T111938_20211222T112003_041121_04E2C3_FCA2_metadata.json
2021-12-22 11:20:03,101.94657187452428,104.5072667343516,9.982922820763395,11.93889737716436,-14.59500204982975,2.569202756456563,-22.861820362921502,6.328183736737839,0.5612368807412604,43.81432153085409,dbscl-sentinel-1-2021\dbscl-sentinel-1_2021-12\S1_2021-12-22_11-20-03\S1A_IW_GRDH_1SDV_20211222T112003_20211222T112028_041121_04E2C3_733C_metadata.json
2021-12-23 22:37:27,106.58577534249868,109.17891108106056,9.74317884944111,11.75684835808626,-17.92012531151548,2.483399107006251,-29.21221208978899,6.628038533241775,0.6164854220969059,45.63475319396502,dbscl-sentinel-1-2021\dbscl-sentinel-1_2021-12\S1_2021-12-23_22-37-27\S1A_IW_GRDH_1SDV_20211223T223727_20211223T223755_041142_04E37D_8686_metadata.json
2021-12-24 11:03:27,106.1183834618784,108.70051460600166,9.464287731516375,11.662280810445912,-15.862171458543806,2.6325851266106337,-24.371421670746496,7.352921246341123,0.5279180245133925,31.808017814208764,dbscl-sentinel-1-2021\dbscl-sentinel-1_2021-12\S1_2021-12-24_11-03-27\S1A_IW_GRDH_1SDV_20211224T110327_20211224T110356_041150_04E3B8_1640_metadata.json
2021-12-28 22:45:29,104.70703967791492,107.26352474194888,10.51783246259296,12.471195479240269,-17.129390441575108,2.6076486901858105,-26.52452123279957,7.734259650350755,0.5463140996151931,38.10569535623843,dbscl-sentinel-1-2021\dbscl-sentinel-1_2021-12\S1_2021-12-28_22-45-29\S1A_IW_GRDH_1SDV_20211228T224529_20211228T224554_041215_04E5E6_78CA_metadata.json
2021-12-28 22:45:54,104.40735555506082,106.95943699302757,9.005287158766727,10.962926803304438,-16.56388310820192,2.613780907216446,-25.554737605846828,7.5730286105571,0.5369946685621857,38.75668681858906,dbscl-sentinel-1-2021\dbscl-sentinel-1_2021-12\S1_2021-12-28_22-45-54\S1A_IW_GRDH_1SDV_20211228T224554_20211228T224619_041215_04E5E6_B6AA_metadata.json
2021-12-28 22:46:19,104.17621802619225,106.64875068615198,7.967841463958089,9.454517815591355,-17.516747296840048,2.5520798715602004,-27.69534442707985,7.338150166600129,0.5696463579189406,41.011030714742766,dbscl-sentinel-1-2021\dbscl-sentinel-1_2021-12\S1_2021-12-28_22-46-19\S1A_IW_GRDH_1SDV_20211228T224619_20211228T224638_041215_04E5E6_24B4_metadata.json
2021-12-29 11:11:11,104.41672349611822,106.98868757186828,7.735597457726583,9.93673654005613,-17.862788034915344,2.563759508074027,-28.05642674220511,7.669149327625384,0.5695991839254095,38.56941640014468,dbscl-sentinel-1-2021\dbscl-sentinel-1_2021-12\S1_2021-12-29_11-11-11\S1A_IW_GRDH_1SDV_20211229T111111_20211229T111140_041223_04E630_0A99_metadata.json
2021-12-29 11:11:40,104.1086568385318,106.66331226744325,9.488596541959025,11.445256622658574,-16.918655744703436,2.616097369848957,-26.10510503463051,7.732206454776268,0.5376818786136535,40.32512020375962,dbscl-sentinel-1-2021\dbscl-sentinel-1_2021-12\S1_2021-12-29_11-11-40\S1A_IW_GRDH_1SDV_20211229T111140_20211229T111205_041223_04E630_08C7_metadata.json
2021-12-10 22:44:53,104.64428534864724,107.20067029285148,10.205378858268038,12.15967057561281,-17.04918108488874,2.590643269358985,-26.7067283546683,7.391633815109338,0.5530621111101791,38.29791165596769,dbscl-sentinel-1-2021\dbscl-sentinel-1_2021-12\S1_2021-12-10_22-44-53\S1B_IW_GRDH_1SDV_20211210T224453_20211210T224518_029969_0393E7_90B7_metadata.json
2021-12-10 22:45:18,104.2421673671363,106.89399187626287,8.30239393354724,10.651321076221976,-17.263808504926942,2.615008267009088,-26.87140932853947,7.656207681314379,0.5429835607863891,39.150964016113306,dbscl-sentinel-1-2021\dbscl-sentinel-1_2021-12\S1_2021-12-10_22-45-18\S1B_IW_GRDH_1SDV_20211210T224518_20211210T224552_029969_0393E7_182B_metadata.json
2021-12-11 11:11:17,103.83353693339892,106.42336346432978,10.571669264629053,12.76623127551882,-19.326497276705243,2.64621178371165,-29.578821244762185,9.074173308648271,0.5263570614725448,39.837247743044976,dbscl-sentinel-1-2021\dbscl-sentinel-1_2021-12\S1_2021-12-11_11-11-17\S1B_IW_GRDH_1SDV_20211211T111117_20211211T111146_029977_039429_5521_metadata.json
2021-12-22 22:44:52,104.64542520429524,107.2015425744424,10.20512233444434,12.159259389852377,-16.62146044774472,2.599781818988653,-26.02713012460189,7.215790770887589,0.5426844924024177,38.3047887340757,dbscl-sentinel-1-2021\dbscl-sentinel-1_2021-12\S1_2021-12-22_22-44-52\S1B_IW_GRDH_1SDV_20211222T224452_20211222T224517_030144_039976_1338_metadata.json
2021-12-22 22:45:17,104.24312111513916,106.8951431810838,8.302419198251771,10.651264661352124,-17.250591222794682,2.6344530397868264,-26.717093424649683,7.784089020939704,0.5397625903322482,39.15801596208203,dbscl-sentinel-1-2021\dbscl-sentinel-1_2021-12\S1_2021-12-22_22-45-17\S1B_IW_GRDH_1SDV_20211222T224517_20211222T224551_030144_039976_902E_metadata.json
2022-01-02 22:54:00,102.44219398172784,104.98813458800758,9.591939736433368,11.386005623894302,-15.975547195609476,2.5696855383191823,-25.21049895807188,6.740595433147155,0.5737280231731623,33.13804040084243,dbscl-sentinel-1-2022\dbscl-sentinel-1_2022-01\S1_2022-01-02_22-54-00\S1A_IW_GRDH_1SDV_20220102T225400_20220102T225425_041288_04E85B_80A5_metadata.json
2022-01-03 11:19:12,102.5678433895624,105.11086066518337,6.958699234242276,8.921666234147905,-16.406758876866625,2.501846515312823,-26.382048874907778,6.431468878825574,0.6036494789944453,45.97558388212404,dbscl-sentinel-1-2022\dbscl-sentinel-1_2022-01\S1_2022-01-03_11-19-12\S1A_IW_GRDH_1SDV_20220103T111912_20220103T111937_041296_04E8A3_722F_metadata.json
2022-01-03 11:19:37,102.25717195834228,104.80797837292828,8.470575263160676,10.429969006811852,-15.028292921333156,2.6245848639867617,-23.46987305106841,6.586712791597837,0.5477414346628797,45.00418569429062,dbscl-sentinel-1-2022\dbscl-sentinel-1_2022-01\S1_2022-01-03_11-19-37\S1A_IW_GRDH_1SDV_20220103T111937_20220103T112002_041296_04E8A3_DBE1_metadata.json
2022-01-03 11:20:02,101.9466148869844,104.50729730662822,9.982888628998534,11.938840091258996,-14.615223321550385,2.5593124840835952,-22.98543428395979,6.245012359140896,0.5676792982736241,43.81491529884724,dbscl-sentinel-1-2022\dbscl-sentinel-1_2022-01\S1_2022-01-03_11-20-02\S1A_IW_GRDH_1SDV_20220103T112002_20220103T112027_041296_04E8A3_7C94_metadata.json
2022-01-04 22:37:27,106.58556617483416,109.17857420342357,9.743237701161425,11.75684850475644,-17.953316639014385,2.479665117041289,-29.252900699078936,6.653732578949636,0.6197846397051137,45.63389909515815,dbscl-sentinel-1-2022\dbscl-sentinel-1_2022-01\S1_2022-01-04_22-37-27\S1A_IW_GRDH_1SDV_20220104T223727_20220104T223755_041317_04E96F_D117_metadata.json
2022-01-05 11:03:26,106.11844025530591,108.70054188364044,9.463658073156704,11.662351792812744,-15.826906649489896,2.619954565692129,-24.301273105410115,7.352540193569626,0.5257047908332375,31.808822338605868,dbscl-sentinel-1-2022\dbscl-sentinel-1_2022-01\S1_2022-01-05_11-03-26\S1A_IW_GRDH_1SDV_20220105T110326_20220105T110355_041325_04E9B1_8624_metadata.json
2022-01-09 22:45:28,104.70611703206966,107.26292777268678,10.517579188119068,12.471252777669593,-16.815248400414557,2.601155714821403,-25.951709375941284,7.678787424887909,0.5462425239709243,38.0993152425126,dbscl-sentinel-1-2022\dbscl-sentinel-1_2022-01\S1_2022-01-09_22-45-28\S1A_IW_GRDH_1SDV_20220109T224528_20220109T224553_041390_04EBD3_4270_metadata.json
2022-01-09 22:45:53,104.4063802136025,106.9585468586438,9.00525801243124,10.963006795300547,-16.515033494905076,2.6120246376745664,-25.7278906129256,7.302176376884491,0.552922608355839,38.750671945773874,dbscl-sentinel-1-2022\dbscl-sentinel-1_2022-01\S1_2022-01-09_22-45-53\S1A_IW_GRDH_1SDV_20220109T224553_20220109T224618_041390_04EBD3_D209_metadata.json
2022-01-09 22:46:18,104.175225709217,106.64789002566192,7.968105439498002,9.454661278858628,-17.6040690940844,2.5271423327509925,-28.150553010980737,7.057585177187878,0.5927194219700668,41.00527821802828,dbscl-sentinel-1-2022\dbscl-sentinel-1_2022-01\S1_2022-01-09_22-46-18\S1A_IW_GRDH_1SDV_20220109T224618_20220109T224638_041390_04EBD3_C5B0_metadata.json
2022-01-10 11:11:11,104.41550837279208,106.98740319361464,7.735673672843992,9.937022649467936,-17.825232647354156,2.5652107413269425,-28.012122285687823,7.638343009020598,0.5692036594249643,38.57694814151834,dbscl-sentinel-1-2022\dbscl-sentinel-1_2022-01\S1_2022-01-10_11-11-11\S1A_IW_GRDH_1SDV_20220110T111111_20220110T111140_041398_04EC19_2BA6_metadata.json
2022-01-10 11:11:40,104.10782541230424,106.66207471650957,9.488578473336844,11.445081483982673,-16.531877476571577,2.5960696115943973,-25.80532688179902,7.2584280713441345,0.556187027962543,40.33078001121585,dbscl-sentinel-1-2022\dbscl-sentinel-1_2022-01\S1_2022-01-10_11-11-40\S1A_IW_GRDH_1SDV_20220110T111140_20220110T111205_041398_04EC19_E23A_metadata.json
2022-01-14 22:54:00,102.442453483322,104.98807476896984,9.591983577966612,11.38598663746199,-15.789488491128976,2.5507480589438023,-25.25493585162461,6.324041130633238,0.5928345383297416,33.13840303007415,dbscl-sentinel-1-2022\dbscl-sentinel-1_2022-01\S1_2022-01-14_22-54-00\S1A_IW_GRDH_1SDV_20220114T225400_20220114T225424_041463_04EE23_56B2_metadata.json
2022-01-15 11:19:12,102.56770898695714,105.1107191679531,6.958339692345158,8.921686544827145,-16.461160299223167,2.524613677286609,-26.229968500136454,6.69235209830982,0.588756768659062,45.97548983986127,dbscl-sentinel-1-2022\dbscl-sentinel-1_2022-01\S1_2022-01-15_11-19-12\S1A_IW_GRDH_1SDV_20220115T111912_20220115T111937_041471_04EE6C_E51D_metadata.json
2022-01-15 11:19:37,102.25702369187636,104.8078483630136,8.470534886486039,10.429958760179645,-15.172004336232408,2.8603234429867954,-23.70481347112295,6.639195201341879,0.547197999866109,45.00356266453455,dbscl-sentinel-1-2022\dbscl-sentinel-1_2022-01\S1_2022-01-15_11-19-37\S1A_IW_GRDH_1SDV_20220115T111937_20220115T112002_041471_04EE6C_EFFB_metadata.json
2022-01-15 11:20:02,101.94644919333128,104.5072176765254,9.982854611060638,11.938823604023243,-14.755880458205928,2.5514980424902136,-23.175454267854693,6.336306648557157,0.5651991832190423,43.814762681545965,dbscl-sentinel-1-2022\dbscl-sentinel-1_2022-01\S1_2022-01-15_11-20-02\S1A_IW_GRDH_1SDV_20220115T112002_20220115T112027_041471_04EE6C_64D5_metadata.json
2022-01-16 22:37:26,106.58567336649236,109.17861575739803,9.743508967379018,11.75687883161058,-17.786464895319018,2.481623674092282,-29.005530524601664,6.567399266036327,0.6205114463964535,45.63462596957603,dbscl-sentinel-1-2022\dbscl-sentinel-1_2022-01\S1_2022-01-16_22-37-26\S1A_IW_GRDH_1SDV_20220116T223726_20220116T223754_041492_04EF25_C343_metadata.json
2022-01-17 11:03:25,106.11864508861017,108.70097388557949,9.463342582383264,11.662213426874612,-15.844353579167496,2.623468812255068,-24.434850180270285,7.253856978064714,0.5326155102598704,31.807612230048445,dbscl-sentinel-1-2022\dbscl-sentinel-1_2022-01\S1_2022-01-17_11-03-25\S1A_IW_GRDH_1SDV_20220117T110325_20220117T110355_041500_04EF67_83AA_metadata.json
2022-01-21 22:45:28,104.706390941978,107.26297169528964,10.517828972161167,12.47117426792568,-16.36386104109143,2.552353669480313,-25.792296940383437,6.935425141799516,0.5739285535459866,38.100902221652895,dbscl-sentinel-1-2022\dbscl-sentinel-1_2022-01\S1_2022-01-21_22-45-28\S1A_IW_GRDH_1SDV_20220121T224528_20220121T224553_041565_04F190_FC9B_metadata.json
2022-01-21 22:45:53,104.40672924690936,106.95884329949776,9.005234657575013,10.962929152789746,-16.59553684942206,2.6063042970541086,-26.082271042006624,7.108802656837429,0.5634020911375948,38.75212742030896,dbscl-sentinel-1-2022\dbscl-sentinel-1_2022-01\S1_2022-01-21_22-45-53\S1A_IW_GRDH_1SDV_20220121T224553_20220121T224618_041565_04F190_0953_metadata.json
2022-01-21 22:46:18,104.1756158607185,106.64825271160724,7.968167665602891,9.454518741890489,-17.83300431347821,2.512607723522132,-28.62155432217188,7.0444543047846455,0.5994623827602285,41.006807557981936,dbscl-sentinel-1-2022\dbscl-sentinel-1_2022-01\S1_2022-01-21_22-46-18\S1A_IW_GRDH_1SDV_20220121T224618_20220121T224637_041565_04F190_40D3_metadata.json
2022-01-22 11:11:10,104.41599971448748,106.98779336206478,7.734984653273979,9.93700223805041,-17.82470290378016,2.5499295703079583,-28.130720259515783,7.518685548044581,0.5733862281053509,38.572333867752455,dbscl-sentinel-1-2022\dbscl-sentinel-1_2022-01\S1_2022-01-22_11-11-10\S1A_IW_GRDH_1SDV_20220122T111110_20220122T111139_041573_04F1D7_41EC_metadata.json
2022-01-22 11:11:39,104.1080695839794,106.66260051962156,9.488528279587925,11.445173834253024,-16.3922513983943,2.5961017988534683,-25.896685156672667,6.887817640115927,0.571413407532307,40.32852149676886,dbscl-sentinel-1-2022\dbscl-sentinel-1_2022-01\S1_2022-01-22_11-11-39\S1A_IW_GRDH_1SDV_20220122T111139_20220122T111204_041573_04F1D7_FB88_metadata.json
2022-01-26 22:53:59,102.44274473455452,104.98847906051458,9.591987439237409,11.386124003025422,-15.76003158589949,2.532124633455761,-25.24534817336907,6.274714998430143,0.5936333120600585,33.138073018459906,dbscl-sentinel-1-2022\dbscl-sentinel-1_2022-01\S1_2022-01-26_22-53-59\S1A_IW_GRDH_1SDV_20220126T225359_20220126T225424_041638_04F415_2978_metadata.json
2022-01-27 11:19:11,102.56797341438194,105.11103767071752,6.958393718943765,8.921710863632219,-16.5744636602533,2.4987238429873697,-26.681359860914544,6.467567459592111,0.6052941423046133,45.97561158384267,dbscl-sentinel-1-2022\dbscl-sentinel-1_2022-01\S1_2022-01-27_11-19-11\S1A_IW_GRDH_1SDV_20220127T111911_20220127T111936_041646_04F44B_0D37_metadata.json
2022-01-27 11:19:36,102.25726434119925,104.80786252162234,8.470574605117376,10.429987317565056,-15.064074132758316,2.668970962386384,-23.558635572316536,6.5695126932000365,0.5495159821331316,45.00496205830518,dbscl-sentinel-1-2022\dbscl-sentinel-1_2022-01\S1_2022-01-27_11-19-36\S1A_IW_GRDH_1SDV_20220127T111936_20220127T112001_041646_04F44B_7EB6_metadata.json
2022-01-27 11:20:01,101.94667522635532,104.50738386886398,9.98287886084046,11.93887196959346,-14.37614544631957,2.565943097814151,-22.56531600414641,6.186974888492665,0.5637804412832442,43.8151932091069,dbscl-sentinel-1-2022\dbscl-sentinel-1_2022-01\S1_2022-01-27_11-20-01\S1A_IW_GRDH_1SDV_20220127T112001_20220127T112026_041646_04F44B_C620_metadata.json
2022-01-28 22:37:26,106.58599871868172,109.179039281531,9.74365136948915,11.75693342456395,-17.695234745511495,2.47639596107381,-28.7986313564358,6.591838134587015,0.6154140379774516,45.63538218663052,dbscl-sentinel-1-2022\dbscl-sentinel-1_2022-01\S1_2022-01-28_22-37-26\S1A_IW_GRDH_1SDV_20220128T223726_20220128T223754_041667_04F512_9B54_metadata.json
2022-01-29 11:03:25,106.11896521397554,108.70123560631616,9.462697380503462,11.662254647539667,-15.78587862895841,2.6147428346247428,-24.567514555875217,7.0042427020414975,0.5450209331240842,31.807125586874328,dbscl-sentinel-1-2022\dbscl-sentinel-1_2022-01\S1_2022-01-29_11-03-25\S1A_IW_GRDH_1SDV_20220129T110325_20220129T110354_041675_04F554_C11E_metadata.json
2022-02-02 22:45:27,104.70717076028184,107.26361655574978,10.51785254222522,12.471217864725482,-16.134176293024293,2.4879037123492918,-26.03689336793465,6.231459218113931,0.6072850348196086,38.10660654168367,dbscl-sentinel-1-2022\dbscl-sentinel-1_2022-02\S1_2022-02-02_22-45-27\S1A_IW_GRDH_1SDV_20220202T224527_20220202T224552_041740_04F78A_4237_metadata.json
2022-02-02 22:45:52,104.40748042623323,106.9595581459671,9.005252833646194,10.962939453203036,-16.597258156007896,2.5565086831446178,-26.30808051480175,6.886435797214143,0.5740183482374801,38.75742173649372,dbscl-sentinel-1-2022\dbscl-sentinel-1_2022-02\S1_2022-02-02_22-45-52\S1A_IW_GRDH_1SDV_20220202T224552_20220202T224617_041740_04F78A_CD6C_metadata.json
2022-02-02 22:46:17,104.17634367346922,106.64891071108956,7.967839125364036,9.454451670062785,-17.879110906781722,2.5235353690358853,-28.574644001269892,7.183577812293715,0.5938656346141864,41.01200085991582,dbscl-sentinel-1-2022\dbscl-sentinel-1_2022-02\S1_2022-02-02_22-46-17\S1A_IW_GRDH_1SDV_20220202T224617_20220202T224636_041740_04F78A_EEB6_metadata.json
2022-02-03 11:11:10,104.41650304832402,106.9885908175902,7.735341428896985,9.936798454258046,-18.069104359471773,2.542619241873031,-28.59191456256026,7.546294156383363,0.5794104599672023,38.5684666003304,dbscl-sentinel-1-2022\dbscl-sentinel-1_2022-02\S1_2022-02-03_11-11-10\S1A_IW_GRDH_1SDV_20220203T111110_20220203T111139_041748_04F7C7_2FA0_metadata.json
2022-02-03 11:11:39,104.10849677464276,106.66315969845284,9.488433972567613,11.445089472479422,-16.57382835360855,2.537995249817503,-26.74941933496573,6.398237372251313,0.6004493833757468,40.3243727515213,dbscl-sentinel-1-2022\dbscl-sentinel-1_2022-02\S1_2022-02-03_11-11-39\S1A_IW_GRDH_1SDV_20220203T111139_20220203T111204_041748_04F7C7_71A8_metadata.json
2022-02-07 22:53:59,102.44259079987596,104.98815571634664,9.59190273049392,11.386103330498576,-15.936214897688092,2.474224704634917,-26.00115389050316,5.871275904873004,0.6217552366796214,33.13932796086816,dbscl-sentinel-1-2022\dbscl-sentinel-1_2022-02\S1_2022-02-07_22-53-59\S1A_IW_GRDH_1SDV_20220207T225359_20220207T225423_041813_04FA1C_CC07_metadata.json
2022-02-08 11:19:11,102.5674755558345,105.11052619304948,6.958348049597488,8.92168816883669,-16.799932453202818,2.4935923648385585,-27.07799630519588,6.521868601209809,0.6082161539902352,45.97577872418214,dbscl-sentinel-1-2022\dbscl-sentinel-1_2022-02\S1_2022-02-08_11-19-11\S1A_IW_GRDH_1SDV_20220208T111911_20220208T111936_041821_04FA67_CD9C_metadata.json
2022-02-08 11:19:36,102.256737986972,104.8076082011472,8.470502229734025,10.429965532737768,-15.211794692109786,2.5590684992339345,-23.7417695575099,6.681819826709662,0.5436362073807025,45.00218538644642,dbscl-sentinel-1-2022\dbscl-sentinel-1_2022-02\S1_2022-02-08_11-19-36\S1A_IW_GRDH_1SDV_20220208T111936_20220208T112001_041821_04FA67_7DA1_metadata.json
2022-02-08 11:20:01,101.946135133601,104.50689817893938,9.982804559675763,11.938826134417646,-14.720246512262433,2.5635100322323434,-23.07568954087927,6.364803483645672,0.5620428027857602,43.812949950221,dbscl-sentinel-1-2022\dbscl-sentinel-1_2022-02\S1_2022-02-08_11-20-01\S1A_IW_GRDH_1SDV_20220208T112001_20220208T112026_041821_04FA67_8193_metadata.json
2022-02-09 22:37:25,106.58611499309116,109.17896833123076,9.74388046223941,11.757001722464729,-17.726272038104103,2.4998494946708294,-28.6758634669968,6.7766806092115,0.6090479689476249,45.63541332440056,dbscl-sentinel-1-2022\dbscl-sentinel-1_2022-02\S1_2022-02-09_22-37-25\S1A_IW_GRDH_1SDV_20220209T223725_20220209T223753_041842_04FB31_1D4E_metadata.json
2022-02-10 11:03:25,106.11816409405483,108.70041655151574,9.463674697503569,11.662227168198518,-15.884092516166389,2.623298902592873,-24.495691588744005,7.272493443588727,0.5374249846456223,31.80783479286308,dbscl-sentinel-1-2022\dbscl-sentinel-1_2022-02\S1_2022-02-10_11-03-25\S1A_IW_GRDH_1SDV_20220210T110325_20220210T110354_041850_04FB70_87A8_metadata.json
2022-02-14 22:45:27,104.70592899738216,107.26258983045496,10.517547732555212,12.47105307735664,-15.862611532939985,2.554311468006599,-25.68735470106784,6.037868364812134,0.6109716331839695,38.09946028587231,dbscl-sentinel-1-2022\dbscl-sentinel-1_2022-02\S1_2022-02-14_22-45-27\S1A_IW_GRDH_1SDV_20220214T224527_20220214T224552_041915_04FDAB_AE03_metadata.json
2022-02-14 22:45:52,104.40625001462166,106.9578697570833,9.005255962770876,10.962905452096766,-16.60074309058398,2.589813709996846,-26.239900959860535,6.961585221307414,0.572123901650966,38.75117056825318,dbscl-sentinel-1-2022\dbscl-sentinel-1_2022-02\S1_2022-02-14_22-45-52\S1A_IW_GRDH_1SDV_20220214T224552_20220214T224617_041915_04FDAB_BFF2_metadata.json
2022-02-14 22:46:17,104.174870228928,106.64761000589996,7.967764784466871,9.4545143021928,-17.85006785659508,2.548305024431071,-28.361951064852025,7.338184648338164,0.5850599701760368,41.00595453334108,dbscl-sentinel-1-2022\dbscl-sentinel-1_2022-02\S1_2022-02-14_22-46-17\S1A_IW_GRDH_1SDV_20220214T224617_20220214T224636_041915_04FDAB_1E5C_metadata.json
2022-02-15 11:11:10,104.41572713155504,106.98768660845286,7.735364693124743,9.936856360383729,-17.8946772395836,2.5506863806430315,-28.34966578754056,7.439688691626607,0.5807402693531811,38.57425584167482,dbscl-sentinel-1-2022\dbscl-sentinel-1_2022-02\S1_2022-02-15_11-11-10\S1A_IW_GRDH_1SDV_20220215T111110_20220215T111139_041923_04FDEF_4E8F_metadata.json
2022-02-15 11:11:39,104.10784003600426,106.66232497884216,9.488456010038178,11.444897967353183,-16.299667333969367,2.5125758201509343,-26.305228031846116,6.294106636092564,0.6060451545657721,40.32933759106394,dbscl-sentinel-1-2022\dbscl-sentinel-1_2022-02\S1_2022-02-15_11-11-39\S1A_IW_GRDH_1SDV_20220215T111139_20220215T111204_041923_04FDEF_EC56_metadata.json
2022-02-19 22:53:59,102.4416664964957,104.98720191278314,9.591499020939915,11.38566616793438,-15.795325218541752,2.5014819067716765,-25.543665568185308,6.046984868898445,0.609288157566185,33.138472905882885,dbscl-sentinel-1-2022\dbscl-sentinel-1_2022-02\S1_2022-02-19_22-53-59\S1A_IW_GRDH_1SDV_20220219T225359_20220219T225423_041988_050033_B688_metadata.json
2022-02-20 11:19:11,102.56678051878296,105.10981273209568,6.95824374442057,8.921682484668404,-16.478145378853398,2.511900258229154,-26.48113760992356,6.475153147783119,0.6003452056757661,45.9778169824534,dbscl-sentinel-1-2022\dbscl-sentinel-1_2022-02\S1_2022-02-20_11-19-11\S1A_IW_GRDH_1SDV_20220220T111911_20220220T111936_041996_05007E_B55B_metadata.json
2022-02-20 11:19:36,102.25611139468504,104.8069365156901,8.470532201760628,10.429873626064088,-15.077177714154509,2.638162828662961,-23.56665825933985,6.587697168969211,0.5463805747618913,45.00038922322428,dbscl-sentinel-1-2022\dbscl-sentinel-1_2022-02\S1_2022-02-20_11-19-36\S1A_IW_GRDH_1SDV_20220220T111936_20220220T112001_041996_05007E_ED66_metadata.json
2022-02-20 11:20:01,101.9455413220476,104.50630175564952,9.982753211885743,11.938409608801091,-14.533513000779887,2.5631489628318698,-22.831433123943217,6.235592877616595,0.5655087524360395,43.81181365413909,dbscl-sentinel-1-2022\dbscl-sentinel-1_2022-02\S1_2022-02-20_11-20-01\S1A_IW_GRDH_1SDV_20220220T112001_20220220T112026_041996_05007E_AD29_metadata.json
2022-02-21 22:37:25,106.58514298412912,109.17804643198993,9.74366269861643,11.75698739112148,-17.967399418902733,2.464606191535782,-29.275160365637245,6.659638472168328,0.6173512073659391,45.63311080970509,dbscl-sentinel-1-2022\dbscl-sentinel-1_2022-02\S1_2022-02-21_22-37-25\S1A_IW_GRDH_1SDV_20220221T223725_20220221T223753_042017_050147_2362_metadata.json
2022-02-26 22:45:27,104.7059154709961,107.2624029568047,10.517921444163305,12.471076705626276,-15.658251495219416,2.483470539497004,-25.448157795519545,5.868345194919215,0.6193505654794838,38.09973478300535,dbscl-sentinel-1-2022\dbscl-sentinel-1_2022-02\S1_2022-02-26_22-45-27\S1A_IW_GRDH_1SDV_20220226T224527_20220226T224552_042090_0503AE_5452_metadata.json
2022-02-26 22:45:52,104.40619930277148,106.95829329437238,9.005242898699692,10.96303523994325,-16.447271349372752,2.5525939477954607,-26.0096027939148,6.884939904830762,0.5716241979574653,38.751196035453496,dbscl-sentinel-1-2022\dbscl-sentinel-1_2022-02\S1_2022-02-26_22-45-52\S1A_IW_GRDH_1SDV_20220226T224552_20220226T224617_042090_0503AE_B575_metadata.json
2022-02-26 22:46:17,104.17484540120344,106.64766730512804,7.968280695327174,9.454577328507453,-17.722415244304337,2.560088686743922,-28.16220731211717,7.282623176491469,0.5848864041184673,41.00599573868792,dbscl-sentinel-1-2022\dbscl-sentinel-1_2022-02\S1_2022-02-26_22-46-17\S1A_IW_GRDH_1SDV_20220226T224617_20220226T224636_042090_0503AE_5BF2_metadata.json
2022-02-27 11:11:10,104.41571398648009,106.98762183560994,7.735531012870448,9.936851117096833,-18.054459439914837,2.5402740254840426,-28.58750710787164,7.521411771958058,0.5787458302471457,38.57550730729961,dbscl-sentinel-1-2022\dbscl-sentinel-1_2022-02\S1_2022-02-27_11-11-10\S1A_IW_GRDH_1SDV_20220227T111110_20220227T111139_042098_0503F5_5DA2_metadata.json
2022-02-27 11:11:39,104.107824260134,106.66230878644676,9.488440129876125,11.445064562329506,-16.165934738356412,2.4947350662442997,-25.87487727401858,6.456992202694212,0.5929352799130225,40.32996568724031,dbscl-sentinel-1-2022\dbscl-sentinel-1_2022-02\S1_2022-02-27_11-11-39\S1A_IW_GRDH_1SDV_20220227T111139_20220227T111204_042098_0503F5_0C1E_metadata.json
2022-03-03 22:53:58,102.44281330552404,104.98781882219058,9.592131610440546,11.386048416962332,-15.865779944484624,2.545467674901672,-25.41001431869889,6.3215455702704455,0.5924018864857727,33.14080934828515,dbscl-sentinel-1-2022\dbscl-sentinel-1_2022-03\S1_2022-03-03_22-53-58\S1A_IW_GRDH_1SDV_20220303T225358_20220303T225423_042163_050629_D330_metadata.json
2022-03-04 11:19:10,102.56733738864884,105.11044161604808,6.958169111427133,8.92145297019571,-16.679242574846196,2.492406865542213,-26.898904535585125,6.4595806141072885,0.6090779067444817,45.97539342315456,dbscl-sentinel-1-2022\dbscl-sentinel-1_2022-03\S1_2022-03-04_11-19-10\S1A_IW_GRDH_1SDV_20220304T111910_20220304T111935_042171_050671_E3B3_metadata.json
2022-03-04 11:19:35,102.25666883112775,104.80755557395764,8.470320501843918,10.42968161086765,-15.132773514138474,2.513878873975839,-23.725535607344,6.540011420932976,0.554278003139156,45.00081883214088,dbscl-sentinel-1-2022\dbscl-sentinel-1_2022-03\S1_2022-03-04_11-19-35\S1A_IW_GRDH_1SDV_20220304T111935_20220304T112000_042171_050671_8A3F_metadata.json
2022-03-04 11:20:00,101.94609847739648,104.50698722938009,9.982548276634397,11.938549885592112,-14.664409867040032,2.544733276200052,-23.12612871043421,6.202691023645808,0.5716407163025129,43.8127838383324,dbscl-sentinel-1-2022\dbscl-sentinel-1_2022-03\S1_2022-03-04_11-20-00\S1A_IW_GRDH_1SDV_20220304T112000_20220304T112025_042171_050671_211A_metadata.json
2022-03-05 22:37:25,106.58538515414368,109.17816320034564,9.743679035035058,11.75699004066142,-18.009299500929277,2.498443292256783,-29.05288850434909,6.965710497509532,0.6051119620382098,45.63521071867898,dbscl-sentinel-1-2022\dbscl-sentinel-1_2022-03\S1_2022-03-05_22-37-25\S1A_IW_GRDH_1SDV_20220305T223725_20220305T223753_042192_050737_4432_metadata.json
2022-03-06 11:03:24,106.11780251899653,108.69991205162188,9.463120073077532,11.662135373844867,-15.833605519049891,2.614247023443243,-24.53116028227957,7.136050755820243,0.5434501621473794,31.808048608663576,dbscl-sentinel-1-2022\dbscl-sentinel-1_2022-03\S1_2022-03-06_11-03-24\S1A_IW_GRDH_1SDV_20220306T110324_20220306T110353_042200_050778_105E_metadata.json
2022-03-10 22:45:27,104.70633185285976,107.26291505587712,10.51762473626146,12.471375885973002,-15.477829701156512,2.466558646443952,-25.204569950620268,5.751089451692765,0.6238390783872299,38.103034563554125,dbscl-sentinel-1-2022\dbscl-sentinel-1_2022-03\S1_2022-03-10_22-45-27\S1A_IW_GRDH_1SDV_20220310T224527_20220310T224552_042265_05099B_60D2_metadata.json
2022-03-10 22:45:52,104.40666716687898,106.95862090126474,9.005330037653437,10.963042919278449,-16.45434697324668,2.5634828145106177,-25.98452075893153,6.92417318756188,0.5701192571398513,38.754381991032815,dbscl-sentinel-1-2022\dbscl-sentinel-1_2022-03\S1_2022-03-10_22-45-52\S1A_IW_GRDH_1SDV_20220310T224552_20220310T224617_042265_05099B_9A46_metadata.json
2022-03-10 22:46:17,104.17545944530625,106.64799967692936,7.968254540901237,9.454618901127118,-18.048402308334087,2.5073223916388034,-29.015824688042432,7.080979928625766,0.6028539347624602,41.00884552269909,dbscl-sentinel-1-2022\dbscl-sentinel-1_2022-03\S1_2022-03-10_22-46-17\S1A_IW_GRDH_1SDV_20220310T224617_20220310T224636_042265_05099B_92EC_metadata.json
2022-03-11 11:11:10,104.41558075943568,106.9875989534138,7.735312947691757,9.936836097992584,-18.094332576481648,2.5128252916042237,-29.13382015088149,7.054845002081724,0.6035370967060087,38.56844577056624,dbscl-sentinel-1-2022\dbscl-sentinel-1_2022-03\S1_2022-03-11_11-11-10\S1A_IW_GRDH_1SDV_20220311T111110_20220311T111139_042273_0509E5_DB55_metadata.json
2022-03-11 11:11:39,104.10767226237324,106.66220254637112,9.48841620546798,11.44512025661561,-16.194582711075018,2.4908011749818093,-25.99403329841725,6.395132123732763,0.5956397832630962,40.29641463156021,dbscl-sentinel-1-2022\dbscl-sentinel-1_2022-03\S1_2022-03-11_11-11-39\S1A_IW_GRDH_1SDV_20220311T111139_20220311T111204_042273_0509E5_13D4_metadata.json
2022-03-15 22:53:59,102.44219240740247,104.9878379000626,9.59200488149638,11.386034350517932,-15.664667477138009,2.541253977782319,-24.919919084999236,6.409415869276786,0.5841429956509843,33.14335854778785,dbscl-sentinel-1-2022\dbscl-sentinel-1_2022-03\S1_2022-03-15_22-53-59\S1A_IW_GRDH_1SDV_20220315T225359_20220315T225423_042338_050C1D_0511_metadata.json
2022-03-16 11:19:10,102.56782079940668,105.1108976900147,6.958123736261515,8.921420304666684,-16.49716078579427,2.4999964843037685,-26.53832365400173,6.455997917586872,0.6039789410277465,45.97486412546802,dbscl-sentinel-1-2022\dbscl-sentinel-1_2022-03\S1_2022-03-16_11-19-10\S1A_IW_GRDH_1SDV_20220316T111910_20220316T111935_042346_050C69_87D6_metadata.json
2022-03-16 11:19:35,102.2571606942752,104.80775432851252,8.470332796547865,10.429682387883435,-15.10324042624372,2.6151697164362746,-23.62544220199705,6.5810386504903855,0.5554495887197051,45.003388396194346,dbscl-sentinel-1-2022\dbscl-sentinel-1_2022-03\S1_2022-03-16_11-19-35\S1A_IW_GRDH_1SDV_20220316T111935_20220316T112000_042346_050C69_8D17_metadata.json
2022-03-16 11:20:00,101.94662115600832,104.5073614728803,9.9826090825168,11.938585831446836,-14.560183053744028,2.5635660811026653,-22.882041073660247,6.238325033827942,0.5660336481691085,43.814619740822046,dbscl-sentinel-1-2022\dbscl-sentinel-1_2022-03\S1_2022-03-16_11-20-00\S1A_IW_GRDH_1SDV_20220316T112000_20220316T112025_042346_050C69_7F60_metadata.json
2022-03-17 22:37:25,106.58553164330468,109.1782943039357,9.743576581502053,11.7569974670049,-18.04503654642299,2.495453612836006,-29.229004849176924,6.86106824366895,0.6103695660138438,45.63574411855887,dbscl-sentinel-1-2022\dbscl-sentinel-1_2022-03\S1_2022-03-17_22-37-25\S1A_IW_GRDH_1SDV_20220317T223725_20220317T223753_042367_050D27_E4E6_metadata.json
2022-03-18 11:03:25,106.11792821784306,108.70038782391244,9.462824811811512,11.661890250847447,-15.87169117707181,2.60073979982164,-24.83532109085348,6.908061263290029,0.5551895629166647,31.80716712800389,dbscl-sentinel-1-2022\dbscl-sentinel-1_2022-03\S1_2022-03-18_11-03-25\S1A_IW_GRDH_1SDV_20220318T110325_20220318T110354_042375_050D68_1C98_metadata.json
2022-03-22 22:45:27,104.70538037879474,107.26200999949413,10.517629907280456,12.471374933085134,-14.26450025429755,2.4914371625917946,-22.977764014113347,5.551236494481871,0.6093378055032165,38.097017468745854,dbscl-sentinel-1-2022\dbscl-sentinel-1_2022-03\S1_2022-03-22_22-45-27\S1A_IW_GRDH_1SDV_20220322T224527_20220322T224552_042440_050F92_6841_metadata.json
2022-03-22 22:45:52,104.40570097762154,106.95760106081512,9.005323662129427,10.963010078625992,-15.734345643314,2.563324709864897,-24.91031987883128,6.5583714077966775,0.5728270570682225,38.74883498501563,dbscl-sentinel-1-2022\dbscl-sentinel-1_2022-03\S1_2022-03-22_22-45-52\S1A_IW_GRDH_1SDV_20220322T224552_20220322T224617_042440_050F92_C9B2_metadata.json
2022-03-22 22:46:17,104.17453159687209,106.64688940418,7.968470497722446,9.45458333326564,-17.675491714335333,2.5064769551845942,-28.569263435871765,6.781719992798666,0.6060314287847393,41.00355717051408,dbscl-sentinel-1-2022\dbscl-sentinel-1_2022-03\S1_2022-03-22_22-46-17\S1A_IW_GRDH_1SDV_20220322T224617_20220322T224636_042440_050F92_7A87_metadata.json
2022-03-23 11:11:10,104.41461317943497,106.98698789149944,7.73456683492497,9.936535154512116,-17.831717071409507,2.517515819902243,-28.72052271392066,6.942911428898404,0.6023516035652616,38.57791524169845,dbscl-sentinel-1-2022\dbscl-sentinel-1_2022-03\S1_2022-03-23_11-11-10\S1A_IW_GRDH_1SDV_20220323T111110_20220323T111139_042448_050FDA_2FDA_metadata.json
2022-03-23 11:11:39,104.10690226107556,106.66129865322196,9.48842812549863,11.445070029497977,-15.847534940990906,2.5614473306205485,-25.121570109352664,6.573499772629132,0.5773284615027433,40.33315371618455,dbscl-sentinel-1-2022\dbscl-sentinel-1_2022-03\S1_2022-03-23_11-11-39\S1A_IW_GRDH_1SDV_20220323T111139_20220323T111204_042448_050FDA_1DE9_metadata.json
2022-03-27 22:53:59,102.44155944291956,104.98700703408907,9.591804107229366,11.386068881734662,-15.263463454432978,2.544906811011673,-24.282851099505315,6.244075809360698,0.5836400557153433,33.14407852604888,dbscl-sentinel-1-2022\dbscl-sentinel-1_2022-03\S1_2022-03-27_22-53-59\S1A_IW_GRDH_1SDV_20220327T225359_20220327T225423_042513_051211_E949_metadata.json
2022-03-28 11:19:11,102.5670748889645,105.10996716485894,6.958100030320317,8.921400785810862,-16.335808415816537,2.48970256858893,-26.465523080514185,6.206093751119023,0.6117930434701716,45.97651185358841,dbscl-sentinel-1-2022\dbscl-sentinel-1_2022-03\S1_2022-03-28_11-19-11\S1A_IW_GRDH_1SDV_20220328T111911_20220328T111936_042521_05125B_0958_metadata.json
2022-03-28 11:19:36,102.25620334007075,104.80679056718334,8.470258594898768,10.429626606394192,-14.81171291984283,2.7610592924939183,-22.99289926298334,6.630526576702292,0.5387115572513556,44.999444320612,dbscl-sentinel-1-2022\dbscl-sentinel-1_2022-03\S1_2022-03-28_11-19-36\S1A_IW_GRDH_1SDV_20220328T111936_20220328T112001_042521_05125B_D97C_metadata.json
2022-03-28 11:20:01,101.94562960994972,104.5064930978641,9.98256756525412,11.938500139673367,-14.115140606406731,2.5870887223683527,-21.997089086369304,6.233192126444187,0.552793826717126,43.81117229465261,dbscl-sentinel-1-2022\dbscl-sentinel-1_2022-03\S1_2022-03-28_11-20-01\S1A_IW_GRDH_1SDV_20220328T112001_20220328T112026_042521_05125B_93FC_metadata.json
2022-03-29 22:37:25,106.58521582394884,109.17787812955692,9.743682892567865,11.756803720829687,-18.109843162692588,2.479694756843056,-29.292975999510222,6.9267103258747,0.6079792052194779,45.63712156204844,dbscl-sentinel-1-2022\dbscl-sentinel-1_2022-03\S1_2022-03-29_22-37-25\S1A_IW_GRDH_1SDV_20220329T223725_20220329T223753_042542_05131B_ECD2_metadata.json
2022-03-30 11:03:25,106.11824107463733,108.70080215410096,9.46191883852482,11.662145434750514,-15.706493438551046,2.6077920773933414,-24.372922050779938,7.040064826322295,0.5417972364663138,31.806700694630862,dbscl-sentinel-1-2022\dbscl-sentinel-1_2022-03\S1_2022-03-30_11-03-25\S1A_IW_GRDH_1SDV_20220330T110325_20220330T110354_042550_05135E_C821_metadata.json
2022-04-03 22:45:27,104.70521316842502,107.2618631705271,10.517689701142402,12.4711994380722,-14.928959225175207,2.5594932428755954,-23.50458088754268,6.353337562807855,0.571814202750215,38.09713345881229,dbscl-sentinel-1-2022\dbscl-sentinel-1_2022-04\S1_2022-04-03_22-45-27\S1A_IW_GRDH_1SDV_20220403T224527_20220403T224552_042615_051585_F494_metadata.json
2022-04-03 22:45:52,104.4055472440761,106.95748234094032,9.00525644167335,10.962950151205996,-16.13354239548496,2.6159590241022315,-25.342048485912155,6.925036305057803,0.5597723401763905,38.74902004883637,dbscl-sentinel-1-2022\dbscl-sentinel-1_2022-04\S1_2022-04-03_22-45-52\S1A_IW_GRDH_1SDV_20220403T224552_20220403T224617_042615_051585_3648_metadata.json
2022-04-03 22:46:17,104.17412655178462,106.64679477534604,7.968285126342567,9.45444031883392,-17.106808427336606,2.531867601265881,-27.3555987250828,6.858018129590331,0.5926706343200423,41.00404370199492,dbscl-sentinel-1-2022\dbscl-sentinel-1_2022-04\S1_2022-04-03_22-46-17\S1A_IW_GRDH_1SDV_20220403T224617_20220403T224637_042615_051585_8A1D_metadata.json
2022-04-04 11:11:10,104.41516207202812,106.98732229522724,7.73481643411304,9.936729015547604,-17.759280638809287,2.533233760249673,-28.319763465870984,7.198797811747684,0.5884940979877431,38.57660291405424,dbscl-sentinel-1-2022\dbscl-sentinel-1_2022-04\S1_2022-04-04_11-11-10\S1A_IW_GRDH_1SDV_20220404T111110_20220404T111139_042623_0515CF_CEE4_metadata.json
2022-04-04 11:11:39,104.10748862448096,106.66177497781749,9.488355993042422,11.44501105466768,-16.054486090095818,2.5906606061224227,-25.17613269295243,6.93283948723922,0.5592870983889712,40.331678252799286,dbscl-sentinel-1-2022\dbscl-sentinel-1_2022-04\S1_2022-04-04_11-11-39\S1A_IW_GRDH_1SDV_20220404T111139_20220404T111204_042623_0515CF_18EE_metadata.json
2022-04-08 22:53:59,102.44253919682028,104.98814804952286,9.59150001233395,11.386004414491971,-15.047910869246348,2.557429249930696,-23.766230068223656,6.32959167026877,0.5685741190238908,33.142354404704506,dbscl-sentinel-1-2022\dbscl-sentinel-1_2022-04\S1_2022-04-08_22-53-59\S1A_IW_GRDH_1SDV_20220408T225359_20220408T225424_042688_0517F4_5947_metadata.json
2022-04-09 11:19:11,102.56774103342728,105.1107677908842,6.958113758942921,8.921546696661732,-16.03795442796053,2.52473107051736,-25.69128184879944,6.384627007121623,0.5945323013840114,45.97548944542688,dbscl-sentinel-1-2022\dbscl-sentinel-1_2022-04\S1_2022-04-09_11-19-11\S1A_IW_GRDH_1SDV_20220409T111911_20220409T111936_042696_051841_A314_metadata.json
2022-04-09 11:19:36,102.257083504885,104.80787124831264,8.470381716583173,10.429700612678776,-14.928518802116049,2.514050421623499,-23.252811781439032,6.604225822793053,0.5436452175406286,45.00390143711163,dbscl-sentinel-1-2022\dbscl-sentinel-1_2022-04\S1_2022-04-09_11-19-36\S1A_IW_GRDH_1SDV_20220409T111936_20220409T112001_042696_051841_C4B9_metadata.json
2022-04-09 11:20:01,101.94650631103032,104.5072000797004,9.982601588277015,11.93863227096013,-14.591210850600332,2.565852884398688,-22.910371447690483,6.272050253510271,0.5646968924321943,43.81508712467181,dbscl-sentinel-1-2022\dbscl-sentinel-1_2022-04\S1_2022-04-09_11-20-01\S1A_IW_GRDH_1SDV_20220409T112001_20220409T112026_042696_051841_C03D_metadata.json
2022-04-10 22:37:26,106.58606904086147,109.17868489305836,9.744199035609864,11.757018268714836,-18.23158300979072,2.498006232066504,-29.376210619372618,7.086955400208708,0.6035159585665398,45.63764085755356,dbscl-sentinel-1-2022\dbscl-sentinel-1_2022-04\S1_2022-04-10_22-37-26\S1A_IW_GRDH_1SDV_20220410T223726_20220410T223754_042717_0518FF_9192_metadata.json
2022-04-11 11:03:25,106.11870852148152,108.70115803256078,9.462311822576709,11.66219514949861,-15.8400589748594,2.607777323075801,-24.579013278810272,7.101104670908543,0.540730736795178,31.807399029097702,dbscl-sentinel-1-2022\dbscl-sentinel-1_2022-04\S1_2022-04-11_11-03-25\S1A_IW_GRDH_1SDV_20220411T110325_20220411T110354_042725_051940_677A_metadata.json
2022-04-15 22:45:28,104.7061454197211,107.26254825285946,10.51758199071688,12.471241768139189,-16.338308396350563,2.5539183162421,-25.47790677180189,7.198710020899351,0.5592034424920769,38.10021653734637,dbscl-sentinel-1-2022\dbscl-sentinel-1_2022-04\S1_2022-04-15_22-45-28\S1A_IW_GRDH_1SDV_20220415T224528_20220415T224553_042790_051B6B_64AF_metadata.json
2022-04-15 22:45:53,104.40649424882088,106.95853154569596,9.005185982322343,10.962961286405832,-16.39800974278108,2.585882075047386,-25.747378526707298,7.048640958854953,0.5510811406004328,38.75151052267122,dbscl-sentinel-1-2022\dbscl-sentinel-1_2022-04\S1_2022-04-15_22-45-53\S1A_IW_GRDH_1SDV_20220415T224553_20220415T224618_042790_051B6B_A339_metadata.json
2022-04-15 22:46:18,104.17525834002883,106.64791404279288,7.9677418925549315,9.454344246142936,-17.755026638321816,2.547579917535297,-28.500194898205372,7.009858378438406,0.5978881020525759,41.006301160176015,dbscl-sentinel-1-2022\dbscl-sentinel-1_2022-04\S1_2022-04-15_22-46-18\S1A_IW_GRDH_1SDV_20220415T224618_20220415T224637_042790_051B6B_255F_metadata.json
2022-04-16 11:11:10,104.41587101691108,106.98792245742592,7.734711024952741,9.936893503352133,-17.74363905439858,2.522934203822835,-28.4372013779155,7.050076730881459,0.5938639118603798,38.57479161891837,dbscl-sentinel-1-2022\dbscl-sentinel-1_2022-04\S1_2022-04-16_11-11-10\S1A_IW_GRDH_1SDV_20220416T111110_20220416T111139_042798_051BB4_E752_metadata.json
2022-04-16 11:11:39,104.1079606594303,106.66233712313952,9.488520831493249,11.445122810743698,-16.31872694199757,2.5953856314106227,-25.58784029012984,7.049613593865403,0.557089767344582,40.33106196356665,dbscl-sentinel-1-2022\dbscl-sentinel-1_2022-04\S1_2022-04-16_11-11-39\S1A_IW_GRDH_1SDV_20220416T111139_20220416T111204_042798_051BB4_C7A0_metadata.json
2022-04-20 22:54:00,102.443115140731,104.98854601164902,9.592146717835009,11.38606239179423,-15.09268285047835,2.533314045478516,-23.939587817043364,6.245777883913043,0.5741677798222736,33.13777999932594,dbscl-sentinel-1-2022\dbscl-sentinel-1_2022-04\S1_2022-04-20_22-54-00\S1A_IW_GRDH_1SDV_20220420T225400_20220420T225424_042863_051DD3_59F3_metadata.json
2022-04-21 11:19:12,102.56798523482736,105.11040298542798,6.958266587525792,8.921697734744,-16.46758620629473,2.4913721367843453,-26.60945873102719,6.325713681562311,0.6112347381700446,45.97762925717148,dbscl-sentinel-1-2022\dbscl-sentinel-1_2022-04\S1_2022-04-21_11-19-12\S1A_IW_GRDH_1SDV_20220421T111912_20220421T111937_042871_051E17_9FB6_metadata.json
2022-04-21 11:19:37,102.25739217544952,104.80783340297556,8.47056930105579,10.42989067378896,-14.852620218315025,2.7106758302933427,-23.09037536059516,6.614865076034964,0.5391395163772493,45.00618450809174,dbscl-sentinel-1-2022\dbscl-sentinel-1_2022-04\S1_2022-04-21_11-19-37\S1A_IW_GRDH_1SDV_20220421T111937_20220421T112002_042871_051E17_30B9_metadata.json
2022-04-21 11:20:02,101.94652024218104,104.5071186721934,9.982863150041917,11.938872882527562,-14.506673866423538,2.568107288250636,-22.748849650710746,6.264498082136331,0.562831100435093,43.8168525799477,dbscl-sentinel-1-2022\dbscl-sentinel-1_2022-04\S1_2022-04-21_11-20-02\S1A_IW_GRDH_1SDV_20220421T112002_20220421T112027_042871_051E17_0E0C_metadata.json
2022-04-22 22:37:26,106.58582642044595,109.17866475117197,9.744431138114429,11.757007363248304,-18.32223614273554,2.504399045683442,-29.54442547056788,7.100046814903396,0.6032630276945923,45.634451686117245,dbscl-sentinel-1-2022\dbscl-sentinel-1_2022-04\S1_2022-04-22_22-37-26\S1A_IW_GRDH_1SDV_20220422T223726_20220422T223754_042892_051ED0_44EE_metadata.json
2022-04-23 11:03:26,106.11802556497096,108.70028052588036,9.463027773180224,11.66202673480898,-15.977663756257227,2.619751240202276,-24.748900054370377,7.206427458144062,0.537976476713765,31.81195361200231,dbscl-sentinel-1-2022\dbscl-sentinel-1_2022-04\S1_2022-04-23_11-03-26\S1A_IW_GRDH_1SDV_20220423T110326_20220423T110355_042900_051F0E_619E_metadata.json
2022-04-27 22:45:28,104.70599547246788,107.26276921846814,10.517851521504438,12.471159229561689,-16.9271241441853,2.6381229780241764,-25.787069465715057,8.067178822655755,0.5261678799011489,38.09827401091374,dbscl-sentinel-1-2022\dbscl-sentinel-1_2022-04\S1_2022-04-27_22-45-28\S1A_IW_GRDH_1SDV_20220427T224528_20220427T224553_042965_052126_A417_metadata.json
2022-04-27 22:45:53,104.40632674852276,106.95845705272282,9.005199568799396,10.962895378565616,-16.61630663497562,2.610391883636908,-25.903243910812176,7.329369359138989,0.5523434395429206,38.749627786236765,dbscl-sentinel-1-2022\dbscl-sentinel-1_2022-04\S1_2022-04-27_22-45-53\S1A_IW_GRDH_1SDV_20220427T224553_20220427T224618_042965_052126_DFFC_metadata.json
2022-04-27 22:46:18,104.17526977854892,106.64787590323034,7.968076915320834,9.454438936724882,-17.842204165526333,2.5068047351497134,-28.6932195590873,6.991188771965234,0.5999654922140972,41.00456728071164,dbscl-sentinel-1-2022\dbscl-sentinel-1_2022-04\S1_2022-04-27_22-46-18\S1A_IW_GRDH_1SDV_20220427T224618_20220427T224637_042965_052126_927B_metadata.json
2022-04-28 11:11:11,104.41573938845023,106.98786516177884,7.734390843956041,9.936910864259945,-17.937512093373833,2.667756399713316,-28.54626727754777,7.328756909199961,0.5807712547410265,38.57670581978885,dbscl-sentinel-1-2022\dbscl-sentinel-1_2022-04\S1_2022-04-28_11-11-11\S1A_IW_GRDH_1SDV_20220428T111111_20220428T111140_042973_05216B_9049_metadata.json
2022-04-28 11:11:40,104.10781371334532,106.66208794028483,9.488561634435683,11.445209230977952,-16.615000879628973,2.5290074431363045,-25.93319946474852,7.296802294509515,0.5531799851690702,40.33350259228197,dbscl-sentinel-1-2022\dbscl-sentinel-1_2022-04\S1_2022-04-28_11-11-40\S1A_IW_GRDH_1SDV_20220428T111140_20220428T111205_042973_05216B_8489_metadata.json
2022-05-02 22:54:00,102.44357537318392,104.9889043923628,9.592370697034037,11.386035052573456,-15.894260205942382,2.563752160929192,-25.294753376466225,6.493767035418432,0.5736951744973812,33.14013705173542,dbscl-sentinel-1-2022\dbscl-sentinel-1_2022-05\S1_2022-05-02_22-54-00\S1A_IW_GRDH_1SDV_20220502T225400_20220502T225424_043038_052396_504A_metadata.json
2022-05-04 22:37:26,106.58840910995104,109.181338549099,9.744171359293748,11.756898798714854,-17.209752452642537,2.5222887546491,-27.69574134175259,6.723763563532574,0.5947368837288484,45.63931768944125,dbscl-sentinel-1-2022\dbscl-sentinel-1_2022-05\S1_2022-05-04_22-37-26\S1A_IW_GRDH_1SDV_20220504T223726_20220504T223754_043067_052498_E04E_metadata.json
2022-05-05 11:03:26,106.12073057838744,108.70238888345123,9.463346291049172,11.662264110870304,-15.587533690299209,2.645616890868021,-23.870384625947416,7.304682754651046,0.5200668169863277,31.80473826807454,dbscl-sentinel-1-2022\dbscl-sentinel-1_2022-05\S1_2022-05-05_11-03-26\S1A_IW_GRDH_1SDV_20220505T110326_20220505T110355_043075_0524D5_896A_metadata.json
2022-05-09 22:45:29,104.70681746997558,107.26317119599793,10.517678787788796,12.47127514961991,-16.59595790422198,2.817883949031579,-24.870272868020123,8.321642940423901,0.4964985461248637,38.10389685987965,dbscl-sentinel-1-2022\dbscl-sentinel-1_2022-05\S1_2022-05-09_22-45-29\S1A_IW_GRDH_1SDV_20220509T224529_20220509T224554_043140_0526FB_0D14_metadata.json
2022-05-09 22:45:54,104.40708307693852,106.95924089654464,9.005337016265582,10.963022279156403,-16.634207363036193,2.574307241163272,-25.694044808338383,7.57436991773393,0.5329265172386652,38.75492209214673,dbscl-sentinel-1-2022\dbscl-sentinel-1_2022-05\S1_2022-05-09_22-45-54\S1A_IW_GRDH_1SDV_20220509T224554_20220509T224619_043140_0526FB_5F5C_metadata.json
2022-05-09 22:46:19,104.17589136152536,106.64837936398456,7.968061412187777,9.454445693105953,-17.741807638659424,2.541596607586172,-28.289638751584185,7.193976525734763,0.5831905333887679,41.00937593843906,dbscl-sentinel-1-2022\dbscl-sentinel-1_2022-05\S1_2022-05-09_22-46-19\S1A_IW_GRDH_1SDV_20220509T224619_20220509T224638_043140_0526FB_DDF0_metadata.json
2022-05-10 11:11:12,104.41621882925324,106.98837406653128,7.734780817561877,9.936985759243235,-17.960532014759938,2.558039001025653,-28.380406332349704,7.540657697170222,0.5733109867715473,38.572809515107295,dbscl-sentinel-1-2022\dbscl-sentinel-1_2022-05\S1_2022-05-10_11-11-12\S1A_IW_GRDH_1SDV_20220510T111112_20220510T111141_043148_05273A_1263_metadata.json
2022-05-10 11:11:41,104.10824418249656,106.66270981846002,9.48859224454984,11.445223523551793,-16.54905755248925,2.626078530841997,-25.505896943538666,7.5922181614399875,0.5348909292703355,40.32947532944206,dbscl-sentinel-1-2022\dbscl-sentinel-1_2022-05\S1_2022-05-10_11-11-41\S1A_IW_GRDH_1SDV_20220510T111141_20220510T111206_043148_05273A_DD0C_metadata.json
2022-05-14 22:54:01,102.44194410158312,104.98770961478938,9.591467187505955,11.385962452505304,-16.290535658413592,2.542682341715199,-25.79370265317329,6.78736866365407,0.5734775276484024,33.1378803492972,dbscl-sentinel-1-2022\dbscl-sentinel-1_2022-05\S1_2022-05-14_22-54-01\S1A_IW_GRDH_1SDV_20220514T225401_20220514T225425_043213_052937_DED6_metadata.json
2022-05-15 11:19:13,102.5674817724862,105.11011285459487,6.958363648904864,8.92166644881801,-16.189352680265394,2.534029059396941,-25.749485775138137,6.629219585392734,0.5830401215383882,45.92862625235304,dbscl-sentinel-1-2022\dbscl-sentinel-1_2022-05\S1_2022-05-15_11-19-13\S1A_IW_GRDH_1SDV_20220515T111913_20220515T111938_043221_05297A_B745_metadata.json
2022-05-15 11:19:38,102.25682390792944,104.80714702372134,8.470588322691171,10.429628463104796,-14.934051433158343,2.774240868778832,-23.270713700361256,6.597389165955418,0.5462491064249729,44.85753199471556,dbscl-sentinel-1-2022\dbscl-sentinel-1_2022-05\S1_2022-05-15_11-19-38\S1A_IW_GRDH_1SDV_20220515T111938_20220515T112003_043221_05297A_3000_metadata.json
2022-05-15 11:20:03,101.94626269032511,104.50686902870684,9.982846764669224,11.938875829778029,-14.507818650308858,2.565149298925507,-22.74166502343457,6.273972277183038,0.5622792335801953,43.69079690613613,dbscl-sentinel-1-2022\dbscl-sentinel-1_2022-05\S1_2022-05-15_11-20-03\S1A_IW_GRDH_1SDV_20220515T112003_20220515T112028_043221_05297A_19F3_metadata.json
2022-05-17 11:03:27,106.12046365527236,108.7024408109114,9.462048550886305,11.662014454693852,-15.431108682675736,2.658308689293232,-23.55210436926577,7.310112996085573,0.5108512703678136,31.80560719836969,dbscl-sentinel-1-2022\dbscl-sentinel-1_2022-05\S1_2022-05-17_11-03-27\S1A_IW_GRDH_1SDV_20220517T110327_20220517T110356_043250_052A51_282E_metadata.json
2022-05-21 22:45:30,104.70721320856713,107.26360834842434,10.51764604836328,12.471257325217437,-16.131134784536876,2.6161879147293536,-24.75750991383792,7.50475965523574,0.5324572255581531,38.10678512021506,dbscl-sentinel-1-2022\dbscl-sentinel-1_2022-05\S1_2022-05-21_22-45-30\S1A_IW_GRDH_1SDV_20220521T224530_20220521T224555_043315_052C30_B4CB_metadata.json
2022-05-21 22:45:55,104.40748033742013,106.9595575154312,9.00529541874031,10.963032105447612,-16.71194980030463,2.613201996678509,-25.92723420199995,7.496665398609284,0.5398411247827954,38.75753019045533,dbscl-sentinel-1-2022\dbscl-sentinel-1_2022-05\S1_2022-05-21_22-45-55\S1A_IW_GRDH_1SDV_20220521T224555_20220521T224620_043315_052C30_063D_metadata.json
2022-05-21 22:46:20,104.17577963599707,106.64893751685229,7.967091613052069,9.454548497884453,-17.72245468073566,2.5380633234038354,-28.252265896856706,7.192643464614778,0.5865508470988596,41.011841586235725,dbscl-sentinel-1-2022\dbscl-sentinel-1_2022-05\S1_2022-05-21_22-46-20\S1A_IW_GRDH_1SDV_20220521T224620_20220521T224639_043315_052C30_38B3_metadata.json
2022-05-22 11:11:12,104.41661540382664,106.98884378416702,7.733836550730602,9.936984650012043,-17.542200722004164,2.580419028053396,-27.699035110436363,7.385366333572044,0.5672704283527544,38.56725974730644,dbscl-sentinel-1-2022\dbscl-sentinel-1_2022-05\S1_2022-05-22_11-11-12\S1A_IW_GRDH_1SDV_20220522T111112_20220522T111142_043323_052C70_44B1_metadata.json
2022-05-22 11:11:42,104.10861048557072,106.66310293489934,9.488593014217878,11.445000926130088,-16.126566039839616,2.6084294200716847,-24.92338038322708,7.329751696452111,0.5355438443616829,40.3276444700346,dbscl-sentinel-1-2022\dbscl-sentinel-1_2022-05\S1_2022-05-22_11-11-42\S1A_IW_GRDH_1SDV_20220522T111142_20220522T111207_043323_052C70_DAD8_metadata.json
2022-05-26 22:54:02,102.44288301355468,104.98904310909212,9.591424616024028,11.386061887426033,-16.830876026870857,2.595530994957927,-26.228858373730617,7.432893680011129,0.5522522258731601,33.13638035486497,dbscl-sentinel-1-2022\dbscl-sentinel-1_2022-05\S1_2022-05-26_22-54-02\S1A_IW_GRDH_1SDV_20220526T225402_20220526T225426_043388_052E67_F34A_metadata.json
2022-05-27 11:19:14,102.56811666075043,105.11105801209152,6.958409529578804,8.92171703746464,-15.514437480587446,2.50740367821146,-24.927638483332423,6.101236477842478,0.6004616125249004,45.9268007992439,dbscl-sentinel-1-2022\dbscl-sentinel-1_2022-05\S1_2022-05-27_11-19-14\S1A_IW_GRDH_1SDV_20220527T111914_20220527T111939_043396_052EA9_0EC0_metadata.json
2022-05-27 11:19:39,102.2574649118066,104.80806189990304,8.47058796114968,10.429941250341702,-14.18413429747239,2.7015491861616243,-21.810726296938533,6.557542298006253,0.5239233323457304,44.85974607597746,dbscl-sentinel-1-2022\dbscl-sentinel-1_2022-05\S1_2022-05-27_11-19-39\S1A_IW_GRDH_1SDV_20220527T111939_20220527T112004_043396_052EA9_F686_metadata.json
2022-05-27 11:20:04,101.94690570042728,104.50748696153056,9.982846347361978,11.938862070711926,-13.752474174697491,2.585087653121426,-21.419912370504463,6.085035978890635,0.5525479612789954,43.691788616712834,dbscl-sentinel-1-2022\dbscl-sentinel-1_2022-05\S1_2022-05-27_11-20-04\S1A_IW_GRDH_1SDV_20220527T112004_20220527T112029_043396_052EA9_91B1_metadata.json
2022-05-29 11:03:28,106.11848430835502,108.7008284349026,9.4612418121109,11.662283951587984,-15.463343868445133,2.6905985058867548,-23.39886296835658,7.527824768533668,0.5006524814280373,31.811166484477607,dbscl-sentinel-1-2022\dbscl-sentinel-1_2022-05\S1_2022-05-29_11-03-28\S1A_IW_GRDH_1SDV_20220529T110328_20220529T110357_043425_052F7E_ED16_metadata.json
2022-06-02 22:45:31,104.7056456554378,107.26230347730764,10.517929243198122,12.471082709015848,-15.602636856640569,2.607403792725127,-24.247661747086017,6.957611966195177,0.5472103118016021,38.09686727020425,dbscl-sentinel-1-2022\dbscl-sentinel-1_2022-06\S1_2022-06-02_22-45-31\S1A_IW_GRDH_1SDV_20220602T224531_20220602T224556_043490_053157_E529_metadata.json
2022-06-02 22:45:56,104.40595267113277,106.95798838707992,9.005249644014208,10.963025394371988,-16.48384551327269,2.629889220528115,-25.633316020406934,7.334375006138405,0.5410398074361658,38.74840280049098,dbscl-sentinel-1-2022\dbscl-sentinel-1_2022-06\S1_2022-06-02_22-45-56\S1A_IW_GRDH_1SDV_20220602T224556_20220602T224621_043490_053157_A1CB_metadata.json
2022-06-02 22:46:21,104.17456919305953,106.64740617548718,7.966979264150385,9.454574708541664,-17.532089159038218,2.609449318545858,-27.64989118363096,7.414287134445202,0.5701399110770832,41.003272694219895,dbscl-sentinel-1-2022\dbscl-sentinel-1_2022-06\S1_2022-06-02_22-46-21\S1A_IW_GRDH_1SDV_20220602T224621_20220602T224640_043490_053157_0187_metadata.json
2022-06-03 11:11:14,104.41507138914642,106.98718608330633,7.735198715145632,9.936945616731624,-17.592040012937026,2.551365401375795,-27.517817908608407,7.66626211726564,0.553772577439739,38.579298984832015,dbscl-sentinel-1-2022\dbscl-sentinel-1_2022-06\S1_2022-06-03_11-11-14\S1A_IW_GRDH_1SDV_20220603T111114_20220603T111143_043498_053196_2DF6_metadata.json
2022-06-03 11:11:43,104.1073886518294,106.66151626011776,9.488550260275602,11.445200436023496,-16.116005342954637,2.613357108056253,-25.058725566352283,7.173285119557033,0.5313730884531075,40.33408076480437,dbscl-sentinel-1-2022\dbscl-sentinel-1_2022-06\S1_2022-06-03_11-11-43\S1A_IW_GRDH_1SDV_20220603T111143_20220603T111208_043498_053196_8176_metadata.json
2022-06-07 22:54:03,102.4408406822291,104.98674868200308,9.59040462368452,11.386043189315748,-16.542015854050437,2.344961275707817,-25.75806333039344,7.325968377706975,0.5492042955011681,33.14069027878947,dbscl-sentinel-1-2022\dbscl-sentinel-1_2022-06\S1_2022-06-07_22-54-03\S1A_IW_GRDH_1SDV_20220607T225403_20220607T225427_043563_053398_4689_metadata.json
2022-06-08 11:19:15,102.56623030598249,105.10924255438866,6.958262358052081,8.921624783212334,-16.084647246018065,2.516246487194004,-25.78651380029648,6.382780691739605,0.5954945150442806,45.928924505641874,dbscl-sentinel-1-2022\dbscl-sentinel-1_2022-06\S1_2022-06-08_11-19-15\S1A_IW_GRDH_1SDV_20220608T111915_20220608T111940_043571_0533DA_0F57_metadata.json
2022-06-08 11:19:40,102.255821675535,104.80634248207583,8.470485870979878,10.429854279830217,-14.80526144939673,2.819379187691193,-23.01723798707152,6.593284911722002,0.5365708110127172,44.84878509362628,dbscl-sentinel-1-2022\dbscl-sentinel-1_2022-06\S1_2022-06-08_11-19-40\S1A_IW_GRDH_1SDV_20220608T111940_20220608T112005_043571_0533DA_FC03_metadata.json
2022-06-08 11:20:05,101.9449607481904,104.50565041188032,9.982737097526666,11.938706806237509,-14.372894029390228,2.578589518934973,-22.512547706905988,6.233240351874469,0.5610231351702339,43.68258389746601,dbscl-sentinel-1-2022\dbscl-sentinel-1_2022-06\S1_2022-06-08_11-20-05\S1A_IW_GRDH_1SDV_20220608T112005_20220608T112030_043571_0533DA_52CF_metadata.json
2022-06-10 11:03:29,106.11759643048408,108.69990362366102,9.462478602111297,11.662274263172606,-15.28642170234872,2.5984357755631,-23.213581100163967,7.359262304533572,0.507790714822634,31.81471224759296,dbscl-sentinel-1-2022\dbscl-sentinel-1_2022-06\S1_2022-06-10_11-03-29\S1A_IW_GRDH_1SDV_20220610T110329_20220610T110358_043600_0534AA_44B3_metadata.json
2022-06-14 22:45:31,104.70653029983768,107.2630639598379,10.517567010024369,12.471193598610412,-15.797735632026436,2.537437800991439,-25.240853503161496,6.354617760891185,0.590753247445345,38.10275790813058,dbscl-sentinel-1-2022\dbscl-sentinel-1_2022-06\S1_2022-06-14_22-45-31\S1A_IW_GRDH_1SDV_20220614T224531_20220614T224556_043665_053691_C4A5_metadata.json
2022-06-14 22:45:56,104.40689159652598,106.95892707045476,9.00521804223718,10.962909979342326,-16.53348274975357,2.6721588858588223,-25.867160186906634,7.199805312600377,0.55079355983175,38.7539710589656,dbscl-sentinel-1-2022\dbscl-sentinel-1_2022-06\S1_2022-06-14_22-45-56\S1A_IW_GRDH_1SDV_20220614T224556_20220614T224621_043665_053691_5F81_metadata.json
2022-06-14 22:46:21,104.17575347804876,106.64835174872272,7.966940441803838,9.454410674834008,-17.538422345866795,2.5631714067488924,-27.825021395641105,7.251823296092641,0.5778441847481178,41.00874023523728,dbscl-sentinel-1-2022\dbscl-sentinel-1_2022-06\S1_2022-06-14_22-46-21\S1A_IW_GRDH_1SDV_20220614T224621_20220614T224641_043665_053691_6DC0_metadata.json
2022-06-15 11:11:14,104.4170491057518,106.98921125284004,7.734605416674403,9.93660923090857,-17.596647420360267,2.58765415630834,-27.558182191303207,7.63511264941717,0.5545989137975286,38.568099323140125,dbscl-sentinel-1-2022\dbscl-sentinel-1_2022-06\S1_2022-06-15_11-11-14\S1A_IW_GRDH_1SDV_20220615T111114_20220615T111143_043673_0536D3_2F4F_metadata.json
2022-06-15 11:11:43,104.1090180908122,106.66341086161168,9.488598835889336,11.444952819085088,-16.041383112001764,2.5804184065288087,-25.27755074179419,6.805215482209359,0.5649614197168884,40.32653622716592,dbscl-sentinel-1-2022\dbscl-sentinel-1_2022-06\S1_2022-06-15_11-11-43\S1A_IW_GRDH_1SDV_20220615T111143_20220615T111208_043673_0536D3_60D5_metadata.json
2022-06-19 22:54:04,102.4423210648408,104.98821152370286,9.590227376628729,11.385979073159008,-16.2625988426604,2.597531615443536,-25.34559699659253,7.179600688728074,0.5501704862914225,33.13814082827453,dbscl-sentinel-1-2022\dbscl-sentinel-1_2022-06\S1_2022-06-19_22-54-04\S1A_IW_GRDH_1SDV_20220619T225404_20220619T225428_043738_0538CB_0DC9_metadata.json
2022-06-20 11:19:13,102.60183397880762,105.14404218351623,6.791497045177539,8.755336843732893,-16.08451867292475,2.5282779047538497,-25.6487856762908,6.520251669558691,0.5870160723253728,45.89242926624695,dbscl-sentinel-1-2022\dbscl-sentinel-1_2022-06\S1_2022-06-20_11-19-13\S1A_IW_GRDH_1SDV_20220620T111913_20220620T111938_043746_05390D_97D5_metadata.json
2022-06-20 11:19:38,102.29115796746,104.84073522595833,8.303740461564082,10.263490405768811,-15.500317515240768,2.589564189012016,-24.300743878636283,6.699891151845189,0.55338440808064,45.04517274981447,dbscl-sentinel-1-2022\dbscl-sentinel-1_2022-06\S1_2022-06-20_11-19-38\S1A_IW_GRDH_1SDV_20220620T111938_20220620T112003_043746_05390D_70BC_metadata.json
2022-06-20 11:20:03,101.98058984947758,104.53997597605438,9.816034207954978,11.771962753233458,-14.561377814736357,2.0970282015067463,-22.68348718085204,6.439268448620636,0.548176635490501,44.15952932322693,dbscl-sentinel-1-2022\dbscl-sentinel-1_2022-06\S1_2022-06-20_11-20-03\S1A_IW_GRDH_1SDV_20220620T112003_20220620T112028_043746_05390D_E5D1_metadata.json
2022-06-22 11:03:30,106.11822187434936,108.70050953109234,9.462294927046562,11.662328237366603,-14.95892571717306,2.663592208383815,-22.861726064376818,7.0561253699692426,0.5108914923514387,31.81162190713996,dbscl-sentinel-1-2022\dbscl-sentinel-1_2022-06\S1_2022-06-22_11-03-30\S1A_IW_GRDH_1SDV_20220622T110330_20220622T110359_043775_0539EB_23F8_metadata.json
2022-06-26 22:45:32,104.70523399184594,107.26191079072316,10.517468583444586,12.471159721021673,-15.321174686912178,2.515563127455734,-24.69909337682336,5.943255997000916,0.6045035168027134,38.09547552209591,dbscl-sentinel-1-2022\dbscl-sentinel-1_2022-06\S1_2022-06-26_22-45-32\S1A_IW_GRDH_1SDV_20220626T224532_20220626T224557_043840_053BD2_FACF_metadata.json
2022-06-26 22:45:57,104.405660923401,106.95765393531605,9.005191454319947,10.962805780921054,-16.222360589055775,2.5750518492506256,-25.40774267192281,7.036978506188781,0.5544719609427478,38.7473192957638,dbscl-sentinel-1-2022\dbscl-sentinel-1_2022-06\S1_2022-06-26_22-45-57\S1A_IW_GRDH_1SDV_20220626T224557_20220626T224622_043840_053BD2_CF12_metadata.json
2022-06-26 22:46:22,104.17463746918004,106.64701137828908,7.967199405989255,9.454384148954846,-17.25029200734954,2.543655082012476,-27.372378815718903,7.128205198980236,0.5803644076514576,41.00241046291983,dbscl-sentinel-1-2022\dbscl-sentinel-1_2022-06\S1_2022-06-26_22-46-22\S1A_IW_GRDH_1SDV_20220626T224622_20220626T224642_043840_053BD2_0740_metadata.json
2022-06-27 11:11:15,104.41538651462076,106.98771228336771,7.734114122681132,9.936901353480472,-17.33045113677781,2.5835436651061188,-27.157661077452666,7.503241196102926,0.557378246135962,38.574685618268425,dbscl-sentinel-1-2022\dbscl-sentinel-1_2022-06\S1_2022-06-27_11-11-15\S1A_IW_GRDH_1SDV_20220627T111115_20220627T111144_043848_053C12_A3E0_metadata.json
2022-06-27 11:11:44,104.10753302725055,106.66186394583166,9.488558163947296,11.44492471140532,-15.922447707191836,2.586891167178899,-25.082639139805583,6.7622562745780055,0.5660157665215382,40.33292068391012,dbscl-sentinel-1-2022\dbscl-sentinel-1_2022-06\S1_2022-06-27_11-11-44\S1A_IW_GRDH_1SDV_20220627T111144_20220627T111209_043848_053C12_AB61_metadata.json
2022-07-01 22:54:04,102.4416492664607,104.98746668430556,9.591157544750638,11.385883795013548,-15.902420844332555,2.607158332100459,-24.914019444188867,6.8908222444763485,0.5565597718729443,33.14102938291958,dbscl-sentinel-1-2022\dbscl-sentinel-1_2022-07\S1_2022-07-01_22-54-04\S1A_IW_GRDH_1SDV_20220701T225404_20220701T225429_043913_053E06_8477_metadata.json
2022-07-02 11:19:11,102.63588423952936,105.17737612405683,6.624453794341434,8.588751264218354,-18.002508423095087,2.468700239160122,-29.61480501501158,6.3902118311785765,0.6250324599395414,45.83999376445318,dbscl-sentinel-1-2022\dbscl-sentinel-1_2022-07\S1_2022-07-02_11-19-11\S1A_IW_GRDH_1SDV_20220702T111911_20220702T111936_043921_053E47_C873_metadata.json
2022-07-02 11:19:36,102.32517444547166,104.87401399572808,8.136755106177553,10.096929369489647,-15.54076747979273,2.5463165770409275,-24.66324162967803,6.418293329907394,0.5797964010431155,45.40725347409363,dbscl-sentinel-1-2022\dbscl-sentinel-1_2022-07\S1_2022-07-02_11-19-36\S1A_IW_GRDH_1SDV_20220702T111936_20220702T112001_043921_053E47_C86C_metadata.json
2022-07-02 11:20:01,102.01461955940718,104.5728648341622,9.648984910751365,11.605374838733496,-13.988781318468366,2.57205548404368,-21.530019434834685,6.447543202101953,0.5278136783005337,44.30076743779024,dbscl-sentinel-1-2022\dbscl-sentinel-1_2022-07\S1_2022-07-02_11-20-01\S1A_IW_GRDH_1SDV_20220702T112001_20220702T112026_043921_053E47_A6E5_metadata.json
2022-07-04 11:03:30,106.11805068681828,108.70064528494038,9.461864730735895,11.662251329312278,-15.126398912885778,2.6540638537465866,-23.180456994629257,7.072340831142437,0.5208721123425912,31.8094616766583,dbscl-sentinel-1-2022\dbscl-sentinel-1_2022-07\S1_2022-07-04_11-03-30\S1A_IW_GRDH_1SDV_20220704T110330_20220704T110359_043950_053F1C_0D16_metadata.json
2022-07-08 22:45:33,104.70611587520624,107.26237914665856,10.517836843634385,12.471192216712044,-14.876105324719951,2.591130260978576,-23.784745821719383,5.967464827720549,0.5934351632571628,38.09724965563141,dbscl-sentinel-1-2022\dbscl-sentinel-1_2022-07\S1_2022-07-08_22-45-33\S1A_IW_GRDH_1SDV_20220708T224533_20220708T224558_044015_054100_3F87_metadata.json
2022-07-08 22:45:58,104.4062086280666,106.9581523253677,9.005203220770207,10.962910187606532,-15.979123702019711,2.578735020392265,-25.121038389953487,6.837209014085936,0.5602235378036239,38.74878846309538,dbscl-sentinel-1-2022\dbscl-sentinel-1_2022-07\S1_2022-07-08_22-45-58\S1A_IW_GRDH_1SDV_20220708T224558_20220708T224623_044015_054100_1494_metadata.json
2022-07-08 22:46:23,104.17478138116216,106.64757537450566,7.96724232299128,9.4543633722172,-16.93549987250025,2.550228400645777,-27.041688867293843,6.829310877706699,0.5872088385543511,41.00368251415014,dbscl-sentinel-1-2022\dbscl-sentinel-1_2022-07\S1_2022-07-08_22-46-23\S1A_IW_GRDH_1SDV_20220708T224623_20220708T224642_044015_054100_8586_metadata.json
2022-07-09 11:11:16,104.41538056382342,106.98750075818803,7.734492185006394,9.936990902529155,-17.01061984182214,2.5752844368330163,-26.788404558279044,7.232835125365203,0.5755836974767344,38.57768959397036,dbscl-sentinel-1-2022\dbscl-sentinel-1_2022-07\S1_2022-07-09_11-11-16\S1A_IW_GRDH_1SDV_20220709T111116_20220709T111145_044023_054140_76D4_metadata.json
2022-07-09 11:11:45,104.10753994025784,106.66187249180057,9.488711861677594,11.445265969252866,-15.584394741019922,2.599183622051189,-24.42020618370145,6.748583298338391,0.5564161791527058,40.33416410740313,dbscl-sentinel-1-2022\dbscl-sentinel-1_2022-07\S1_2022-07-09_11-11-45\S1A_IW_GRDH_1SDV_20220709T111145_20220709T111210_044023_054140_49D7_metadata.json
2022-07-13 22:54:05,102.4424579439208,104.98845142423554,9.590532762469712,11.385815703464289,-15.800615820254016,2.5984528653189853,-24.77644196017687,6.824789680331226,0.55697707981495,33.13723770637383,dbscl-sentinel-1-2022\dbscl-sentinel-1_2022-07\S1_2022-07-13_22-54-05\S1A_IW_GRDH_1SDV_20220713T225405_20220713T225429_044088_05433E_3336_metadata.json
2022-07-14 11:19:17,102.56818933470969,105.11104329136008,6.958396422748656,8.921397603720191,-15.773806564841085,2.5136690522734573,-25.276013417761707,6.2715997119204765,0.5968524323666436,45.9268369006234,dbscl-sentinel-1-2022\dbscl-sentinel-1_2022-07\S1_2022-07-14_11-19-17\S1A_IW_GRDH_1SDV_20220714T111917_20220714T111942_044096_054377_228D_metadata.json
2022-07-14 11:19:42,102.25753677502492,104.80818540948802,8.470620090337219,10.42991744005728,-14.055198229688386,2.7185480782828817,-21.49876332738692,6.611633131989798,0.5152589331662211,44.86013070756261,dbscl-sentinel-1-2022\dbscl-sentinel-1_2022-07\S1_2022-07-14_11-19-42\S1A_IW_GRDH_1SDV_20220714T111942_20220714T112007_044096_054377_BC3A_metadata.json
2022-07-14 11:20:07,101.94701427678658,104.50759263158756,9.982877724678485,11.938843351757656,-13.7156821180759,2.5867111143556265,-21.373368380087275,6.0579958560643625,0.553232793812286,43.69256992727204,dbscl-sentinel-1-2022\dbscl-sentinel-1_2022-07\S1_2022-07-14_11-20-07\S1A_IW_GRDH_1SDV_20220714T112007_20220714T112032_044096_054377_FCF9_metadata.json
2022-07-16 11:03:31,106.1186391670136,108.70104448128652,9.461393314509882,11.662312316746393,-15.029650499366952,2.648982848907261,-23.01427263226409,7.045028366469827,0.5196739791233107,31.810925578433764,dbscl-sentinel-1-2022\dbscl-sentinel-1_2022-07\S1_2022-07-16_11-03-31\S1A_IW_GRDH_1SDV_20220716T110331_20220716T110400_044125_054457_D43E_metadata.json
2022-07-20 22:45:34,104.705863501208,107.26290883275776,10.63760645996787,12.471229889380414,-14.481272333700955,2.4671684694832483,-22.68282630730738,6.279718360094546,0.5610067199951229,38.10190277580222,dbscl-sentinel-1-2022\dbscl-sentinel-1_2022-07\S1_2022-07-20_22-45-34\S1A_IW_GRDH_1SDV_20220720T224534_20220720T224559_044190_054644_8B48_metadata.json
2022-07-21 11:11:16,104.4157861955885,106.98801317556249,7.733992531784535,9.93709833118169,-17.260938577781385,2.609493092486329,-27.01611461175396,7.505762543808863,0.5523506258641289,38.57320588015819,dbscl-sentinel-1-2022\dbscl-sentinel-1_2022-07\S1_2022-07-21_11-11-16\S1A_IW_GRDH_1SDV_20220721T111116_20220721T111146_044198_05467C_315C_metadata.json
2022-07-21 11:11:46,104.10783941560489,106.66221559023876,9.488701287829231,11.44534793661492,-15.58157545638158,2.632006113423824,-24.21370472144139,6.949446191321695,0.5420944907042086,40.33213075661956,dbscl-sentinel-1-2022\dbscl-sentinel-1_2022-07\S1_2022-07-21_11-11-46\S1A_IW_GRDH_1SDV_20220721T111146_20220721T111211_044198_05467C_C57B_metadata.json
2022-07-25 22:54:06,102.44260488139184,104.98787418368514,9.591746470938835,11.38595308182799,-15.665321363420055,2.523960781700364,-25.17559725096399,6.15504547587612,0.5960189517163811,33.13967148630212,dbscl-sentinel-1-2022\dbscl-sentinel-1_2022-07\S1_2022-07-25_22-54-06\S1A_IW_GRDH_1SDV_20220725T225406_20220725T225430_044263_054873_A1F2_metadata.json
2022-07-26 11:19:18,102.56775950830892,105.110380235298,6.958388485605404,8.92172578198176,-16.011862990549716,2.49979636059434,-25.80882855377438,6.214897427325103,0.6048153359608393,45.92693756872091,dbscl-sentinel-1-2022\dbscl-sentinel-1_2022-07\S1_2022-07-26_11-19-18\S1A_IW_GRDH_1SDV_20220726T111918_20220726T111943_044271_0548B5_C2E0_metadata.json
2022-07-26 11:19:43,102.25706560463814,104.80765646501511,8.470601213036336,10.430015457273514,-14.722394710712464,2.6082560348914554,-22.930090129783487,6.514699291641473,0.5438835540151681,44.8573564047533,dbscl-sentinel-1-2022\dbscl-sentinel-1_2022-07\S1_2022-07-26_11-19-43\S1A_IW_GRDH_1SDV_20220726T111943_20220726T112008_044271_0548B5_7A1B_metadata.json
2022-07-26 11:20:08,101.94652302841142,104.50699318385254,9.983227057501558,11.938917464447556,-14.190715292005825,2.5652388258743044,-22.288820151655987,6.092610432355681,0.5655926559008628,43.68963548816901,dbscl-sentinel-1-2022\dbscl-sentinel-1_2022-07\S1_2022-07-26_11-20-08\S1A_IW_GRDH_1SDV_20220726T112008_20220726T112033_044271_0548B5_8867_metadata.json
2022-07-28 11:03:32,106.11931073103746,108.70173965486909,9.461499309427284,11.662227567596998,-14.91560512733721,2.6400646564870245,-22.91008030769904,6.921129946975319,0.523598428855309,31.808854090026337,dbscl-sentinel-1-2022\dbscl-sentinel-1_2022-07\S1_2022-07-28_11-03-32\S1A_IW_GRDH_1SDV_20220728T110332_20220728T110401_044300_054986_A481_metadata.json
2022-08-01 22:45:35,104.70588921913176,107.26269959173278,10.51778073807882,12.471123708786934,-14.692755010921424,2.5845629735557454,-22.900965481559798,6.484544540282847,0.5544837361343278,38.09879621282708,dbscl-sentinel-1-2022\dbscl-sentinel-1_2022-08\S1_2022-08-01_22-45-35\S1A_IW_GRDH_1SDV_20220801T224535_20220801T224600_044365_054B6A_2E6C_metadata.json
2022-08-01 22:46:00,104.40623465008376,106.95830023022975,9.005177608579748,10.962874162830978,-15.94219795406904,2.5133049371845915,-25.09510449541112,6.78929141272696,0.5586747213640618,38.75023232350289,dbscl-sentinel-1-2022\dbscl-sentinel-1_2022-08\S1_2022-08-01_22-46-00\S1A_IW_GRDH_1SDV_20220801T224600_20220801T224625_044365_054B6A_D8A9_metadata.json
2022-08-01 22:46:25,104.17493194357652,106.64767063334112,7.967139478193357,9.454404489619172,-17.268764162958515,2.550623563538913,-27.440381874505576,7.097146451411412,0.5799272009311144,41.00519062058139,dbscl-sentinel-1-2022\dbscl-sentinel-1_2022-08\S1_2022-08-01_22-46-25\S1A_IW_GRDH_1SDV_20220801T224625_20220801T224644_044365_054B6A_2625_metadata.json
2022-08-02 11:11:17,104.41554167952552,106.98778786672996,7.734045544871334,9.937050554413752,-16.984159662215095,2.5344793303663686,-27.157001199994223,6.8113181244360765,0.5877967854510326,38.574783018630654,dbscl-sentinel-1-2022\dbscl-sentinel-1_2022-08\S1_2022-08-02_11-11-17\S1A_IW_GRDH_1SDV_20220802T111117_20220802T111146_044373_054BA6_063F_metadata.json
2022-08-02 11:11:46,104.10767057843395,106.66204260163,9.488668953987895,11.445288479837298,-15.464991106079374,2.616568702387876,-24.27467996462076,6.655302247537883,0.5584563113649905,40.33269970195591,dbscl-sentinel-1-2022\dbscl-sentinel-1_2022-08\S1_2022-08-02_11-11-46\S1A_IW_GRDH_1SDV_20220802T111146_20220802T111211_044373_054BA6_5240_metadata.json
2022-08-07 11:19:19,102.56658614031304,105.10921828775506,6.958393259942637,8.921719231216212,-15.48923470471308,2.5651878101969547,-24.46546007835602,6.513009331070222,0.5714192344677131,45.97986685159981,dbscl-sentinel-1-2022\dbscl-sentinel-1_2022-08\S1_2022-08-07_11-19-19\S1A_IW_GRDH_1SDV_20220807T111919_20220807T111944_044446_054DD2_C07C_metadata.json
2022-08-07 11:19:44,102.25590183283713,104.80670330090511,8.470577639396392,10.43000806413412,-14.149650387695903,2.705400967837004,-21.609217787948257,6.690082987443434,0.5105645407465625,45.00085884298338,dbscl-sentinel-1-2022\dbscl-sentinel-1_2022-08\S1_2022-08-07_11-19-44\S1A_IW_GRDH_1SDV_20220807T111944_20220807T112009_044446_054DD2_65C9_metadata.json
2022-08-07 11:20:09,101.94532051554226,104.5060022562516,9.982904258104536,11.938916387075954,-13.900839366828285,2.608538999494079,-21.52340784449212,6.278270889164315,0.5424996183774309,43.81227746049264,dbscl-sentinel-1-2022\dbscl-sentinel-1_2022-08\S1_2022-08-07_11-20-09\S1A_IW_GRDH_1SDV_20220807T112009_20220807T112034_044446_054DD2_BB80_metadata.json
2022-08-08 22:37:33,106.58503273526384,109.17789890651156,9.743039128354264,11.756888959581548,-17.462652674933793,2.510418117882693,-28.239021846402363,6.686283503465419,0.6034311517701384,45.63418896786219,dbscl-sentinel-1-2022\dbscl-sentinel-1_2022-08\S1_2022-08-08_22-37-33\S1A_IW_GRDH_1SDV_20220808T223733_20220808T223801_044467_054E6B_3C69_metadata.json
2022-08-09 11:03:33,106.11783015299724,108.7004403854596,9.461530094772186,11.662347472954998,-15.025352188255324,2.6522850540824345,-22.94908400896623,7.10162036754437,0.5188951981938779,31.811388203986656,dbscl-sentinel-1-2022\dbscl-sentinel-1_2022-08\S1_2022-08-09_11-03-33\S1A_IW_GRDH_1SDV_20220809T110333_20220809T110402_044475_054EB1_5935_metadata.json
2022-08-14 11:11:18,104.41597298019909,106.9882309172512,7.733971172159583,9.93699983231905,-17.110857785475776,2.312832343555176,-27.197635915687684,7.024079655263814,0.5810750723079313,38.5717342118166,dbscl-sentinel-1-2022\dbscl-sentinel-1_2022-08\S1_2022-08-14_11-11-18\S1A_IW_GRDH_1SDV_20220814T111118_20220814T111147_044548_05511F_176C_metadata.json
2022-08-14 11:11:47,104.10801357069386,106.6624390453061,9.48868620893733,11.445070353846056,-16.154980925778847,2.635630551946844,-25.223068930863118,7.086892920694575,0.5512599811033576,40.3308324556925,dbscl-sentinel-1-2022\dbscl-sentinel-1_2022-08\S1_2022-08-14_11-11-47\S1A_IW_GRDH_1SDV_20220814T111147_20220814T111212_044548_05511F_1FB7_metadata.json
2022-08-18 22:54:07,102.44151037673096,104.98750929740612,9.590341307864946,11.385869891621391,-15.405851215951632,2.5356368282303854,-24.568794306281585,6.242908125621792,0.5849500679635012,33.1370817202,dbscl-sentinel-1-2022\dbscl-sentinel-1_2022-08\S1_2022-08-18_22-54-07\S1A_IW_GRDH_1SDV_20220818T225407_20220818T225432_044613_05534A_C3BF_metadata.json
2022-08-19 11:19:19,102.56727093186764,105.10991524117536,6.958531664782786,8.921883986575581,-16.04028467703036,2.535453776188739,-25.48662107117957,6.593948282880947,0.5819894441044163,45.9802007029238,dbscl-sentinel-1-2022\dbscl-sentinel-1_2022-08\S1_2022-08-19_11-19-19\S1A_IW_GRDH_1SDV_20220819T111919_20220819T111944_044621_055394_FF12_metadata.json
2022-08-19 11:19:44,102.25662849023855,104.8072483597528,8.470835211767874,10.430077317856115,-14.675735288269712,2.623317683155452,-22.67338344412973,6.67808713240969,0.5309380695420209,45.00596367582665,dbscl-sentinel-1-2022\dbscl-sentinel-1_2022-08\S1_2022-08-19_11-19-44\S1A_IW_GRDH_1SDV_20220819T111944_20220819T112009_044621_055394_4149_metadata.json
2022-08-19 11:20:09,101.94607070227596,104.50657557149988,9.98302290502916,11.939083388129596,-14.38383753185824,2.582769950671831,-22.493997085378787,6.273677978337795,0.5586895909752911,43.81736583477796,dbscl-sentinel-1-2022\dbscl-sentinel-1_2022-08\S1_2022-08-19_11-20-09\S1A_IW_GRDH_1SDV_20220819T112009_20220819T112034_044621_055394_2C2E_metadata.json
2022-08-20 22:37:34,106.58528578616928,109.17818878595676,9.742955125783135,11.756786041993069,-17.65157982533411,2.4879368861686317,-28.75587868760884,6.547280963059488,0.615738818437251,45.63264323837266,dbscl-sentinel-1-2022\dbscl-sentinel-1_2022-08\S1_2022-08-20_22-37-34\S1A_IW_GRDH_1SDV_20220820T223734_20220820T223802_044642_05544E_4E4D_metadata.json
2022-08-21 11:03:33,106.1182155041608,108.70055275844716,9.461676548029642,11.662202037325375,-14.930995366078765,2.642807367216249,-22.95433264909998,6.907658083057601,0.5266194000675035,31.813793480041337,dbscl-sentinel-1-2022\dbscl-sentinel-1_2022-08\S1_2022-08-21_11-03-33\S1A_IW_GRDH_1SDV_20220821T110333_20220821T110402_044650_055495_1F07_metadata.json
2022-08-25 22:45:37,104.69390050524945,107.2508599926602,10.453780488817282,12.40722126364636,-15.72383615676555,2.569173008100077,-24.822632003607595,6.625040309923525,0.5680538210993951,38.013767711351605,dbscl-sentinel-1-2022\dbscl-sentinel-1_2022-08\S1_2022-08-25_22-45-37\S1A_IW_GRDH_1SDV_20220825T224537_20220825T224602_044715_0556BA_9B4F_metadata.json
2022-08-25 22:46:02,104.39423685696686,106.94567758266872,8.941194332817412,10.898950575065829,-15.984726567296622,2.604295929784741,-25.04847366885505,6.920979465738253,0.568461408790396,38.81479948508712,dbscl-sentinel-1-2022\dbscl-sentinel-1_2022-08\S1_2022-08-25_22-46-02\S1A_IW_GRDH_1SDV_20220825T224602_20220825T224627_044715_0556BA_81DE_metadata.json
2022-08-25 22:46:27,104.10870629352432,106.63509017194312,7.633476955544888,9.390485289449998,-17.1704540785713,2.542563728804818,-27.42323861353657,6.917669543605929,0.5890500591255857,41.11632169705298,dbscl-sentinel-1-2022\dbscl-sentinel-1_2022-08\S1_2022-08-25_22-46-27\S1A_IW_GRDH_1SDV_20220825T224627_20220825T224650_044715_0556BA_A029_metadata.json
2022-08-26 11:11:18,104.41636999820328,106.98873648954924,7.733589118139217,9.93700785621712,-16.547895326924788,2.5463712884480514,-26.230979870062207,6.864810783787448,0.5743467018569517,38.56857862285844,dbscl-sentinel-1-2022\dbscl-sentinel-1_2022-08\S1_2022-08-26_11-11-18\S1A_IW_GRDH_1SDV_20220826T111118_20220826T111147_044723_055705_7D3D_metadata.json
2022-08-26 11:11:47,104.10842622605392,106.662788801523,9.48866469093444,11.445232678453428,-15.875975371253588,2.6337024322081604,-24.689764909778983,7.062185832728176,0.5463884253550054,40.32924497788101,dbscl-sentinel-1-2022\dbscl-sentinel-1_2022-08\S1_2022-08-26_11-11-47\S1A_IW_GRDH_1SDV_20220826T111147_20220826T111212_044723_055705_0CDD_metadata.json
2022-08-30 22:54:08,102.44224663417718,104.98772682052196,9.591631039422872,11.385853174904703,-14.785309406775704,2.545931369945813,-23.46949769196,6.101121121591352,0.5787291173218826,33.13917022369775,dbscl-sentinel-1-2022\dbscl-sentinel-1_2022-08\S1_2022-08-30_22-54-08\S1A_IW_GRDH_1SDV_20220830T225408_20220830T225432_044788_05593D_9690_metadata.json
2022-08-31 11:19:20,102.5676152992404,105.11054189511356,6.95837569649485,8.921758021131007,-16.171199626473385,2.5111371692435243,-25.95345142395294,6.388947828993919,0.5974759832556432,45.926011714990025,dbscl-sentinel-1-2022\dbscl-sentinel-1_2022-08\S1_2022-08-31_11-19-20\S1A_IW_GRDH_1SDV_20220831T111920_20220831T111945_044796_055983_F51E_metadata.json
2022-08-31 11:19:45,102.2569676335822,104.8076553964422,8.47067182354101,10.429971866555316,-14.77889536544436,2.6711492614948127,-22.843579238383164,6.714211492505509,0.5323888993606903,44.856170672359006,dbscl-sentinel-1-2022\dbscl-sentinel-1_2022-08\S1_2022-08-31_11-19-45\S1A_IW_GRDH_1SDV_20220831T111945_20220831T112010_044796_055983_BAEC_metadata.json
2022-08-31 11:20:10,101.94640557145058,104.50697816436272,9.98289292456146,11.938942320824305,-14.415371102604588,2.5797941844033723,-22.472640153149637,6.358102052059426,0.5538874823520081,43.68950273807419,dbscl-sentinel-1-2022\dbscl-sentinel-1_2022-08\S1_2022-08-31_11-20-10\S1A_IW_GRDH_1SDV_20220831T112010_20220831T112035_044796_055983_B240_metadata.json
2022-09-01 22:37:34,106.58410956060835,109.17716028182684,9.742779089254924,11.756799638857874,-17.639848230098977,2.4916003339452586,-28.737246360059636,6.542450100138421,0.6148969069591752,45.63110429067444,dbscl-sentinel-1-2022\dbscl-sentinel-1_2022-09\S1_2022-09-01_22-37-34\S1A_IW_GRDH_1SDV_20220901T223734_20220901T223802_044817_055A35_1D97_metadata.json
2022-09-02 11:03:34,106.11668253776158,108.69909272783867,9.461834451584778,11.662424495329343,-15.11058627801525,2.647542974958554,-23.2052447839959,7.0159277720347255,0.520646132516979,31.81622976925843,dbscl-sentinel-1-2022\dbscl-sentinel-1_2022-09\S1_2022-09-02_11-03-34\S1A_IW_GRDH_1SDV_20220902T110334_20220902T110403_044825_055A7C_E5F7_metadata.json
2022-09-06 22:45:37,104.70446548489552,107.26112848585232,10.517358433204508,12.471105153253257,-16.64869770006478,2.562814709177393,-26.53207180010093,6.7653236000286645,0.5712746419804146,38.09030959600391,dbscl-sentinel-1-2022\dbscl-sentinel-1_2022-09\S1_2022-09-06_22-45-37\S1A_IW_GRDH_1SDV_20220906T224537_20220906T224602_044890_055CA9_BB3E_metadata.json
2022-09-06 22:46:02,104.40480690962106,106.95687811356387,9.005085345331802,10.962748866831191,-16.324932427017053,2.601734366213365,-25.522783253592237,7.127081600441892,0.5497059673743159,38.74255579729133,dbscl-sentinel-1-2022\dbscl-sentinel-1_2022-09\S1_2022-09-06_22-46-02\S1A_IW_GRDH_1SDV_20220906T224602_20220906T224627_044890_055CA9_1056_metadata.json
2022-09-06 22:46:27,104.17330626807887,106.64622592379348,7.966572124758118,9.454401827176136,-17.35382461734837,2.5408586659278343,-27.680689015329285,7.026960219367429,0.5873122388061145,40.99782772789119,dbscl-sentinel-1-2022\dbscl-sentinel-1_2022-09\S1_2022-09-06_22-46-27\S1A_IW_GRDH_1SDV_20220906T224627_20220906T224646_044890_055CA9_C54A_metadata.json
2022-09-07 11:11:19,104.41439735329575,106.98665258737924,7.7339243185542275,9.937119085885266,-17.196464284567433,2.565156534540447,-27.147555448311252,7.2453731208237775,0.5700462593862781,38.582191027480405,dbscl-sentinel-1-2022\dbscl-sentinel-1_2022-09\S1_2022-09-07_11-11-19\S1A_IW_GRDH_1SDV_20220907T111119_20220907T111148_044898_055CE8_F874_metadata.json
2022-09-07 11:11:48,104.1066926562483,106.66084077088006,9.48872830038582,11.445139269918208,-16.63958776846943,2.6159921142253983,-25.896363546208036,7.382811990730954,0.5415403432668457,40.33894934613413,dbscl-sentinel-1-2022\dbscl-sentinel-1_2022-09\S1_2022-09-07_11-11-48\S1A_IW_GRDH_1SDV_20220907T111148_20220907T111213_044898_055CE8_76A8_metadata.json
2022-09-11 22:54:08,102.44096199136165,104.98687277653504,9.59126942493093,11.385758230517828,-14.49143319770814,2.566835866795849,-22.95118274161456,6.031683653801732,0.5741998304213363,33.1366129241985,dbscl-sentinel-1-2022\dbscl-sentinel-1_2022-09\S1_2022-09-11_22-54-08\S1A_IW_GRDH_1SDV_20220911T225408_20220911T225433_044963_055F16_9839_metadata.json
2022-09-12 11:19:20,102.56685319189876,105.1096616004623,6.958578399102745,8.921540087632224,-16.05743665241823,2.512513476624483,-25.773358155827783,6.341515149008679,0.5977943419382274,45.93098192875522,dbscl-sentinel-1-2022\dbscl-sentinel-1_2022-09\S1_2022-09-12_11-19-20\S1A_IW_GRDH_1SDV_20220912T111920_20220912T111945_044971_055F5B_461D_metadata.json
2022-09-12 11:19:45,102.2561944336768,104.80681211661874,8.470770133765818,10.430106954698983,-14.706570188856302,1.8090682269588112,-22.76282708273497,6.650313294977618,0.5315903481565627,44.85560377560119,dbscl-sentinel-1-2022\dbscl-sentinel-1_2022-09\S1_2022-09-12_11-19-45\S1A_IW_GRDH_1SDV_20220912T111945_20220912T112010_044971_055F5B_7DAB_metadata.json
2022-09-12 11:20:10,101.94565303150604,104.50616053760932,9.983085622390112,11.939050414737451,-14.402592578968392,2.576352469586261,-22.51175110472313,6.293434053213685,0.5580056217920059,43.68878838700507,dbscl-sentinel-1-2022\dbscl-sentinel-1_2022-09\S1_2022-09-12_11-20-10\S1A_IW_GRDH_1SDV_20220912T112010_20220912T112035_044971_055F5B_B2A9_metadata.json
2022-09-13 22:37:35,106.58474821072132,109.17772234779228,9.742765290341826,11.756722919874614,-17.24007092531199,2.5085939587788446,-27.914418341716296,6.565723508907807,0.6043515311668872,45.63139866303157,dbscl-sentinel-1-2022\dbscl-sentinel-1_2022-09\S1_2022-09-13_22-37-35\S1A_IW_GRDH_1SDV_20220913T223735_20220913T223803_044992_056014_9136_metadata.json
2022-09-14 11:03:34,106.11775048095376,108.69991984522026,9.461884225180857,11.6623934435302,-15.294431256488544,2.6348083511406983,-23.45562345968472,7.133239053292403,0.5214756461831102,31.815135682002133,dbscl-sentinel-1-2022\dbscl-sentinel-1_2022-09\S1_2022-09-14_11-03-34\S1A_IW_GRDH_1SDV_20220914T110334_20220914T110403_045000_05605C_A2DD_metadata.json
2022-09-18 22:45:36,104.70751185972688,107.2637197335781,10.517749907398992,12.471090788382126,-17.45644323207987,2.531280855245852,-28.18654163525739,6.726344828902475,0.5918034418538044,38.10878379439195,dbscl-sentinel-1-2022\dbscl-sentinel-1_2022-09\S1_2022-09-18_22-45-36\S1A_IW_GRDH_1SDV_20220918T224536_20220918T224601_045065_056287_E485_metadata.json
2022-09-18 22:46:01,104.4077623192979,106.95985062473608,9.005074018433259,10.96283964648094,-16.644597547931852,2.5281149709555204,-26.163788647955105,7.125406447908657,0.5569743042474832,38.75942179739308,dbscl-sentinel-1-2022\dbscl-sentinel-1_2022-09\S1_2022-09-18_22-46-01\S1A_IW_GRDH_1SDV_20220918T224601_20220918T224626_045065_056287_4886_metadata.json
2022-09-18 22:46:26,104.17622653863656,106.64920494499468,7.965490383978104,9.454356011135957,-17.694197243537726,2.528521007997253,-28.302547628499127,7.085846858576322,0.595816296492426,41.013869706326325,dbscl-sentinel-1-2022\dbscl-sentinel-1_2022-09\S1_2022-09-18_22-46-26\S1A_IW_GRDH_1SDV_20220918T224626_20220918T224646_045065_056287_8A97_metadata.json
2022-09-19 11:11:19,104.41758503981352,106.9898232214391,7.733624036354784,9.937125605132955,-17.385974916075924,2.574409815737269,-27.264921941358345,7.50702789079361,0.5603709189492866,38.56207403707821,dbscl-sentinel-1-2022\dbscl-sentinel-1_2022-09\S1_2022-09-19_11-11-19\S1A_IW_GRDH_1SDV_20220919T111119_20220919T111148_045073_0562D1_0BF0_metadata.json
2022-09-19 11:11:48,104.10946504873,106.66399945892871,9.488785771923633,11.445410663482123,-16.725317826247206,2.620213815900544,-26.207704943613084,7.242930708881427,0.5531818178801552,40.32458409633985,dbscl-sentinel-1-2022\dbscl-sentinel-1_2022-09\S1_2022-09-19_11-11-48\S1A_IW_GRDH_1SDV_20220919T111148_20220919T111213_045073_0562D1_A9C7_metadata.json
2022-09-23 22:54:08,102.44516634696106,104.9907151186624,9.591187283391458,11.38583115522898,-14.850866851532432,2.616005847290682,-23.15688160127427,6.544852101790534,0.5491702957209388,33.1363703033424,dbscl-sentinel-1-2022\dbscl-sentinel-1_2022-09\S1_2022-09-23_22-54-08\S1A_IW_GRDH_1SDV_20220923T225408_20220923T225432_045138_0564F9_785A_metadata.json
2022-09-24 11:19:20,102.5699251176996,105.1128536835802,6.958499760735684,8.921789929705135,-16.016610133144493,2.5024535941092068,-25.76377463573078,6.269445630558241,0.6032969320517981,45.92239551394773,dbscl-sentinel-1-2022\dbscl-sentinel-1_2022-09\S1_2022-09-24_11-19-20\S1A_IW_GRDH_1SDV_20220924T111920_20220924T111945_045146_056544_FB28_metadata.json
2022-09-24 11:19:45,102.25925967250984,104.81007074598573,8.47065456370299,10.430051080884027,-14.683457737403817,2.5826009837702912,-22.77290285616135,6.594012618646226,0.5364647910255069,44.8674312813812,dbscl-sentinel-1-2022\dbscl-sentinel-1_2022-09\S1_2022-09-24_11-19-45\S1A_IW_GRDH_1SDV_20220924T111945_20220924T112010_045146_056544_38A2_metadata.json
2022-09-24 11:20:10,101.94868890911862,104.50917422532407,9.982967112529098,11.939001703999825,-14.144499877857028,2.584596068761376,-22.059979232228123,6.229020523485791,0.5537717638767055,43.6972874157488,dbscl-sentinel-1-2022\dbscl-sentinel-1_2022-09\S1_2022-09-24_11-20-10\S1A_IW_GRDH_1SDV_20220924T112010_20220924T112035_045146_056544_5491_metadata.json
2022-09-25 22:37:35,106.5870973479997,109.1798562995406,9.742784557575288,11.75666399301612,-16.855617919571866,2.515806017189401,-27.237303070017774,6.473932769125852,0.6016379948684399,45.636939136776654,dbscl-sentinel-1-2022\dbscl-sentinel-1_2022-09\S1_2022-09-25_22-37-35\S1A_IW_GRDH_1SDV_20220925T223735_20220925T223803_045167_0565FD_58E4_metadata.json
2022-09-26 11:03:34,106.1197920872956,108.70215407717208,9.461443895879569,11.66216455076958,-14.9792608619865,2.6647831339795403,-23.022740488037115,6.935781235935824,0.5277365046185907,31.806186849923243,dbscl-sentinel-1-2022\dbscl-sentinel-1_2022-09\S1_2022-09-26_11-03-34\S1A_IW_GRDH_1SDV_20220926T110334_20220926T110403_045175_056643_E913_metadata.json
2022-09-30 22:45:37,104.70567911538896,107.26233883175718,10.51771481099638,12.471073618942826,-18.06478998488196,2.510595260144989,-29.5248807799376,6.604699189826146,0.6069499019866852,38.09652037981481,dbscl-sentinel-1-2022\dbscl-sentinel-1_2022-09\S1_2022-09-30_22-45-37\S1A_IW_GRDH_1SDV_20220930T224537_20220930T224602_045240_056863_61ED_metadata.json
2022-09-30 22:46:02,104.40601084312412,106.95810107212134,9.005119827842362,10.9628134213835,-17.3701859011894,2.580138223469009,-27.645262719337836,7.095109083040937,0.5708116369052563,38.748139914829146,dbscl-sentinel-1-2022\dbscl-sentinel-1_2022-09\S1_2022-09-30_22-46-02\S1A_IW_GRDH_1SDV_20220930T224602_20220930T224627_045240_056863_C37E_metadata.json
2022-09-30 22:46:27,104.17443468033092,106.64752976901562,7.966690258756641,9.454401391058989,-17.450730699527405,2.5300711058285383,-27.939256945578915,6.962204453475977,0.5915536626314926,41.00294654446733,dbscl-sentinel-1-2022\dbscl-sentinel-1_2022-09\S1_2022-09-30_22-46-27\S1A_IW_GRDH_1SDV_20220930T224627_20220930T224646_045240_056863_43AC_metadata.json
2022-10-01 11:11:20,104.41523614603948,106.98748760543616,7.733698329859632,9.937172477140871,-17.839502473759726,2.5511565860026213,-28.16021264064423,7.518792306875234,0.568393554469574,38.57628215507618,dbscl-sentinel-1-2022\dbscl-sentinel-1_2022-10\S1_2022-10-01_11-11-20\S1A_IW_GRDH_1SDV_20221001T111120_20221001T111149_045248_0568AD_5D20_metadata.json
2022-10-01 11:11:49,104.10757237821971,106.66170930883123,9.488771339866942,11.445430047872176,-17.66177290849001,2.5750410955427725,-28.03041011727504,7.2931356997051235,0.5664243841880541,40.33488001448514,dbscl-sentinel-1-2022\dbscl-sentinel-1_2022-10\S1_2022-10-01_11-11-49\S1A_IW_GRDH_1SDV_20221001T111149_20221001T111214_045248_0568AD_C42E_metadata.json
2022-10-05 22:54:08,102.443531379009,104.98953690952486,9.59168081543344,11.385927848876197,-16.47468710470925,2.5486160456585067,-26.44364607838839,6.505728131029808,0.5821064560262327,33.13681511103971,dbscl-sentinel-1-2022\dbscl-sentinel-1_2022-10\S1_2022-10-05_22-54-08\S1A_IW_GRDH_1SDV_20221005T225408_20221005T225433_045313_056ADB_039E_metadata.json
2022-10-06 11:19:20,102.56858387630578,105.11123724825492,6.958411418149519,8.921762614368138,-16.012643226498383,2.4909685035024496,-25.862206110939454,6.163080342057334,0.6103461841990385,45.92425283064693,dbscl-sentinel-1-2022\dbscl-sentinel-1_2022-10\S1_2022-10-06_11-19-20\S1A_IW_GRDH_1SDV_20221006T111920_20221006T111945_045321_056B1C_B449_metadata.json
2022-10-06 11:19:45,102.2578962664528,104.8087163148131,8.470642822920714,10.43007969445795,-14.687189260650776,5.309567213795308,-22.707495856220653,6.666882665080955,0.5320468079529593,44.86060925927807,dbscl-sentinel-1-2022\dbscl-sentinel-1_2022-10\S1_2022-10-06_11-19-45\S1A_IW_GRDH_1SDV_20221006T111945_20221006T112010_045321_056B1C_5871_metadata.json
2022-10-06 11:20:10,101.9473175423738,104.50779712868902,9.98328147531957,11.938974990690658,-14.408820372372997,2.575855647361813,-22.503754277004933,6.313886467741036,0.5568336017679291,43.69187371456584,dbscl-sentinel-1-2022\dbscl-sentinel-1_2022-10\S1_2022-10-06_11-20-10\S1A_IW_GRDH_1SDV_20221006T112010_20221006T112035_045321_056B1C_ABAB_metadata.json
2022-10-07 22:37:35,106.58648710759478,109.17942088909211,9.743584568152777,11.75667579530144,-17.23914084629157,2.5327114066869654,-27.616880063619817,6.861401628963357,0.5890600504019005,45.63547044566556,dbscl-sentinel-1-2022\dbscl-sentinel-1_2022-10\S1_2022-10-07_22-37-35\S1A_IW_GRDH_1SDV_20221007T223735_20221007T223803_045342_056BD6_8362_metadata.json
2022-10-08 11:03:35,106.1192345575274,108.7013294923312,9.46318166909976,11.662407206402108,-14.982458895820429,2.6320494135434784,-23.27048448919277,6.694433302448031,0.533308242718821,31.807793773575398,dbscl-sentinel-1-2022\dbscl-sentinel-1_2022-10\S1_2022-10-08_11-03-35\S1A_IW_GRDH_1SDV_20221008T110335_20221008T110404_045350_056C1D_4DA9_metadata.json
2022-10-12 22:45:37,104.70747377188287,107.2636897903578,10.517692513990696,12.471042571625908,-18.955446146429964,2.582979927615959,-30.974055308532,6.936836984328033,0.6077309236567817,38.109361905924665,dbscl-sentinel-1-2022\dbscl-sentinel-1_2022-10\S1_2022-10-12_22-45-37\S1A_IW_GRDH_1SDV_20221012T224537_20221012T224602_045415_056E4A_E269_metadata.json
2022-10-12 22:46:02,104.40773993835433,106.95982936664258,9.00509302750317,10.962779245243258,-17.722601260870885,2.596120227479836,-28.05999757392872,7.385204947813058,0.5625885037641456,38.76020084077681,dbscl-sentinel-1-2022\dbscl-sentinel-1_2022-10\S1_2022-10-12_22-46-02\S1A_IW_GRDH_1SDV_20221012T224602_20221012T224627_045415_056E4A_9956_metadata.json
2022-10-12 22:46:27,104.17716477273171,106.6491771497234,7.966788007416912,9.454292096451985,-17.341745311493234,2.523471973321917,-27.55334400267477,7.1301466203116455,0.5815211135169978,41.01469783516188,dbscl-sentinel-1-2022\dbscl-sentinel-1_2022-10\S1_2022-10-12_22-46-27\S1A_IW_GRDH_1SDV_20221012T224627_20221012T224646_045415_056E4A_DD17_metadata.json
2022-10-13 11:11:20,104.4168672936282,106.9890899043324,7.734656745852438,9.937121784821995,-17.89176504827955,2.589803479621349,-28.16175747382289,7.621772622736196,0.5651369033899952,38.56687360871465,dbscl-sentinel-1-2022\dbscl-sentinel-1_2022-10\S1_2022-10-13_11-11-20\S1A_IW_GRDH_1SDV_20221013T111120_20221013T111149_045423_056E8B_013D_metadata.json
2022-10-13 11:11:49,104.10883117188912,106.6633746084588,9.48874422474366,11.44535800982526,-18.035830435779435,2.5697826302202174,-29.1513753050459,6.92028556651294,0.5912326746249689,40.32487729983183,dbscl-sentinel-1-2022\dbscl-sentinel-1_2022-10\S1_2022-10-13_11-11-49\S1A_IW_GRDH_1SDV_20221013T111149_20221013T111214_045423_056E8B_5C70_metadata.json
2022-10-17 22:54:09,102.4418075729722,104.98748183959108,9.590616051556744,11.38587745533442,-17.60050104253111,2.5064290605179917,-28.97585387459564,6.225148210466654,0.6162426503983045,33.13822909612423,dbscl-sentinel-1-2022\dbscl-sentinel-1_2022-10\S1_2022-10-17_22-54-09\S1A_IW_GRDH_1SDV_20221017T225409_20221017T225433_045488_057064_8F2B_metadata.json
2022-10-18 11:19:21,102.5677094247504,105.11035373809176,6.958621403759638,8.921921246148491,-15.936140982038678,2.50656518254633,-25.586650823578065,6.285631140499333,0.6001082011526595,45.93007430444717,dbscl-sentinel-1-2022\dbscl-sentinel-1_2022-10\S1_2022-10-18_11-19-21\S1A_IW_GRDH_1SDV_20221018T111921_20221018T111946_045496_05709D_B625_metadata.json
2022-10-18 11:19:46,102.25679491833068,104.80739065773555,8.470822958587792,10.43024672879874,-14.330956324008538,2.6458179856700816,-22.105652682623493,6.55625996539353,0.5267909219042751,44.85878415825301,dbscl-sentinel-1-2022\dbscl-sentinel-1_2022-10\S1_2022-10-18_11-19-46\S1A_IW_GRDH_1SDV_20221018T111946_20221018T112011_045496_05709D_C31D_metadata.json
2022-10-18 11:20:11,101.94620661758944,104.50674496253689,9.983164367295876,11.93917480540878,-14.107619377430424,2.5536818550010043,-22.00375414707453,6.211484607786388,0.5545720633959216,43.69096121830986,dbscl-sentinel-1-2022\dbscl-sentinel-1_2022-10\S1_2022-10-18_11-20-11\S1A_IW_GRDH_1SDV_20221018T112011_20221018T112036_045496_05709D_B86D_metadata.json
2022-10-19 22:37:35,106.58702342842426,109.17998041745336,9.74342839722178,11.756720801399956,-16.500073039475296,2.602615542071277,-25.821773001201112,7.178373077749529,0.5507832713039585,45.63679489442316,dbscl-sentinel-1-2022\dbscl-sentinel-1_2022-10\S1_2022-10-19_22-37-35\S1A_IW_GRDH_1SDV_20221019T223735_20221019T223803_045517_057124_F1E6_metadata.json
2022-10-20 11:03:34,106.11974094594082,108.70174871723688,9.463613732775116,11.662503776578207,-15.197675450253652,2.6564542953392283,-23.267427665297227,7.12792323521002,0.5181803750042416,31.806944855820674,dbscl-sentinel-1-2022\dbscl-sentinel-1_2022-10\S1_2022-10-20_11-03-34\S1A_IW_GRDH_1SDV_20221020T110334_20221020T110403_045525_05715B_D13B_metadata.json
2022-10-24 22:45:37,104.70592686163693,107.2627383734612,10.517389563019208,12.471005709030694,-18.68517218222137,2.4846217287181096,-30.677461327821163,6.6928830366216925,0.6099661858487053,38.09873018276997,dbscl-sentinel-1-2022\dbscl-sentinel-1_2022-10\S1_2022-10-24_22-45-37\S1A_IW_GRDH_1SDV_20221024T224537_20221024T224602_045590_057374_C3AA_metadata.json
2022-10-24 22:46:02,104.40638669691084,106.9584325520162,9.00511385900577,10.96275147824469,-17.570074299166794,2.5898036880266617,-27.98146324079592,7.158685357537646,0.5725642403970338,38.75013323149272,dbscl-sentinel-1-2022\dbscl-sentinel-1_2022-10\S1_2022-10-24_22-46-02\S1A_IW_GRDH_1SDV_20221024T224602_20221024T224627_045590_057374_A5C2_metadata.json
2022-10-24 22:46:27,104.17553437216878,106.6477947667304,7.967089486438388,9.454278119173692,-17.034878124232158,2.5476840060076325,-27.17547194158887,6.894284306875387,0.585049099886955,41.00521777551463,dbscl-sentinel-1-2022\dbscl-sentinel-1_2022-10\S1_2022-10-24_22-46-27\S1A_IW_GRDH_1SDV_20221024T224627_20221024T224646_045590_057374_777C_metadata.json
2022-10-25 11:11:20,104.4157862844066,106.98784065798436,7.735222878848644,9.93688324929258,-17.986520083555543,2.555187170635864,-28.55327360563085,7.419766561480335,0.5767916422227044,38.5748733275773,dbscl-sentinel-1-2022\dbscl-sentinel-1_2022-10\S1_2022-10-25_11-11-20\S1A_IW_GRDH_1SDV_20221025T111120_20221025T111149_045598_0573BD_DC59_metadata.json
2022-10-25 11:11:49,104.10790916624316,106.6622894455316,9.488586350701684,11.445195020849576,-18.091099709512232,2.7270797808960205,-29.39431651012419,6.78788290890026,0.5966519259888484,40.330173190827125,dbscl-sentinel-1-2022\dbscl-sentinel-1_2022-10\S1_2022-10-25_11-11-49\S1A_IW_GRDH_1SDV_20221025T111149_20221025T111214_045598_0573BD_AC45_metadata.json
2022-10-29 22:54:09,102.44118571827816,104.98703333289264,9.591306248326791,11.385788851958022,-17.93376922837981,2.540552589617968,-29.39003713598552,6.477501320774288,0.6184611791798557,33.138136461906505,dbscl-sentinel-1-2022\dbscl-sentinel-1_2022-10\S1_2022-10-29_22-54-09\S1A_IW_GRDH_1SDV_20221029T225409_20221029T225433_045663_0575EB_1409_metadata.json
2022-10-30 11:19:21,102.56687665744478,105.10979988500928,6.958502376084022,8.92154766508581,-16.06228186540446,2.5011243958827576,-25.943462756236965,6.181100974571951,0.6064009850496527,45.92865291348256,dbscl-sentinel-1-2022\dbscl-sentinel-1_2022-10\S1_2022-10-30_11-19-21\S1A_IW_GRDH_1SDV_20221030T111921_20221030T111946_045671_057638_D05F_metadata.json
2022-10-30 11:19:46,102.25616273739816,104.80692030907676,8.470740181118538,10.430127616137364,-14.841446479579115,2.5694100491478413,-23.138651685724604,6.5442412734335536,0.5430509591657864,44.853039673899616,dbscl-sentinel-1-2022\dbscl-sentinel-1_2022-10\S1_2022-10-30_11-19-46\S1A_IW_GRDH_1SDV_20221030T111946_20221030T112011_045671_057638_E2F3_metadata.json
2022-10-30 11:20:11,101.94558050306028,104.50619697522806,9.983048359290452,11.938961402165416,-14.462316208615151,2.561924075444765,-22.735546724495343,6.189085692734979,0.5669080357633353,43.68588031866899,dbscl-sentinel-1-2022\dbscl-sentinel-1_2022-10\S1_2022-10-30_11-20-11\S1A_IW_GRDH_1SDV_20221030T112011_20221030T112036_045671_057638_B931_metadata.json
2022-10-31 22:37:35,106.58554998817904,109.17848256694326,9.743459108428793,11.75677007907666,-17.637922266551723,2.4976345738233245,-28.615758142313595,6.660086390789921,0.6098007840963123,45.63426451581487,dbscl-sentinel-1-2022\dbscl-sentinel-1_2022-10\S1_2022-10-31_22-37-35\S1A_IW_GRDH_1SDV_20221031T223735_20221031T223803_045692_0576F3_A7AD_metadata.json
2022-11-01 11:03:34,106.1184745287567,108.70053753371786,9.464117839784825,11.662415204812568,-15.648239350753991,2.609494209871217,-24.352032250358203,6.944446451149677,0.5432682647755502,31.809866917473386,dbscl-sentinel-1-2022\dbscl-sentinel-1_2022-11\S1_2022-11-01_11-03-34\S1A_IW_GRDH_1SDV_20221101T110334_20221101T110403_045700_057734_98B2_metadata.json
2022-11-05 22:45:37,104.707062904314,107.26352744765964,10.517715966318525,12.471090350608248,-18.694810912955884,4.977945261000069,-30.89715019821944,6.492471627692519,0.6276292247512731,38.10587623587849,dbscl-sentinel-1-2022\dbscl-sentinel-1_2022-11\S1_2022-11-05_22-45-37\S1A_IW_GRDH_1SDV_20221105T224537_20221105T224602_045765_05795E_63C9_metadata.json
2022-11-05 22:46:02,104.40740067208672,106.95945780070264,9.005138161014754,10.962810167191025,-17.610840214806316,2.549021231451269,-28.13507708316299,7.086603346449573,0.5753932402342193,38.75686115477604,dbscl-sentinel-1-2022\dbscl-sentinel-1_2022-11\S1_2022-11-05_22-46-02\S1A_IW_GRDH_1SDV_20221105T224602_20221105T224627_045765_05795E_8C5B_metadata.json
2022-11-05 22:46:27,104.1763129931782,106.64880537706738,7.967731084651794,9.454441759469846,-17.10126424330932,2.5512659098084094,-27.11232628529487,7.090202201323769,0.5810729631539979,41.011393402299085,dbscl-sentinel-1-2022\dbscl-sentinel-1_2022-11\S1_2022-11-05_22-46-27\S1A_IW_GRDH_1SDV_20221105T224627_20221105T224646_045765_05795E_192D_metadata.json
2022-11-06 11:11:19,104.4166698496464,106.98876216457928,7.735272781654054,9.937028235187158,-17.97758033789324,2.566536756779589,-28.36427003758208,7.590890638204264,0.5703828186624995,38.56867264719478,dbscl-sentinel-1-2022\dbscl-sentinel-1_2022-11\S1_2022-11-06_11-11-19\S1A_IW_GRDH_1SDV_20221106T111119_20221106T111148_045773_0579A8_CD27_metadata.json
2022-11-06 11:11:48,104.10866596731944,106.66326836786432,9.48863396140698,11.44526274673006,-17.948951517607757,2.529769557058112,-29.318109313561564,6.5797937216539255,0.6068518983401374,40.325179253130464,dbscl-sentinel-1-2022\dbscl-sentinel-1_2022-11\S1_2022-11-06_11-11-48\S1A_IW_GRDH_1SDV_20221106T111148_20221106T111213_045773_0579A8_A990_metadata.json
2022-11-10 22:54:08,102.44320942613274,104.98888567096247,9.591963452776389,11.385794058801096,-17.249531930503,2.528235570661522,-27.989167644917156,6.5098962160885145,0.6006367699507416,33.13839170190509,dbscl-sentinel-1-2022\dbscl-sentinel-1_2022-11\S1_2022-11-10_22-54-08\S1A_IW_GRDH_1SDV_20221110T225408_20221110T225433_045838_057BD1_E0B9_metadata.json
2022-11-11 11:19:20,102.5681262046774,105.11114018056224,6.958413174561196,8.921769153200131,-16.150156554996727,2.50613815127471,-25.91311416939521,6.387198940598251,0.6007725782287056,45.92392893331247,dbscl-sentinel-1-2022\dbscl-sentinel-1_2022-11\S1_2022-11-11_11-19-20\S1A_IW_GRDH_1SDV_20221111T111920_20221111T111945_045846_057C1D_DC5C_metadata.json
2022-11-11 11:19:45,102.25742666627316,104.8083080286894,8.47063491111174,10.42995947246916,-14.70893355294663,2.642552501392229,-22.83824057752622,6.579626528367038,0.5401981222765644,44.85648232646892,dbscl-sentinel-1-2022\dbscl-sentinel-1_2022-11\S1_2022-11-11_11-19-45\S1A_IW_GRDH_1SDV_20221111T111945_20221111T112010_045846_057C1D_2C99_metadata.json
2022-11-11 11:20:10,101.9468953390964,104.50763218011426,9.982857729633254,11.938838147690031,-14.379237973186584,2.5642749249667323,-22.56903661724188,6.189439329131242,0.5644961214732205,43.688358103009776,dbscl-sentinel-1-2022\dbscl-sentinel-1_2022-11\S1_2022-11-11_11-20-10\S1A_IW_GRDH_1SDV_20221111T112010_20221111T112035_045846_057C1D_9381_metadata.json
2022-11-12 22:37:35,106.5858119423646,109.1787720838472,9.74351986270597,11.756789771366522,-17.48268240444711,2.501142067524399,-28.34037906482615,6.624985744068082,0.6069156345118332,45.63484937723573,dbscl-sentinel-1-2022\dbscl-sentinel-1_2022-11\S1_2022-11-12_22-37-35\S1A_IW_GRDH_1SDV_20221112T223735_20221112T223803_045867_057CD9_F732_metadata.json
2022-11-13 11:03:34,106.11833384614876,108.7004658506256,9.463691248599952,11.662301957767918,-15.66015712770726,2.62444090022329,-24.20218683981509,7.11812741559962,0.5354697953576283,31.808012461513812,dbscl-sentinel-1-2022\dbscl-sentinel-1_2022-11\S1_2022-11-13_11-03-34\S1A_IW_GRDH_1SDV_20221113T110334_20221113T110403_045875_057D20_B852_metadata.json
2022-11-17 22:45:36,104.70645359070646,107.26305205473297,10.517778046066503,12.470937124172172,-18.431702519726095,2.4887896197320423,-30.21597577096292,6.647429268489354,0.6155677804245872,38.10184565586464,dbscl-sentinel-1-2022\dbscl-sentinel-1_2022-11\S1_2022-11-17_22-45-36\S1A_IW_GRDH_1SDV_20221117T224536_20221117T224601_045940_057F43_39BA_metadata.json
2022-11-17 22:46:01,104.40675500258055,106.95892427808904,9.005233691480585,10.962895139930596,-17.360154965066535,2.5522534724368144,-27.713593188467065,7.006716741666083,0.5752509780738951,38.75312638824971,dbscl-sentinel-1-2022\dbscl-sentinel-1_2022-11\S1_2022-11-17_22-46-01\S1A_IW_GRDH_1SDV_20221117T224601_20221117T224626_045940_057F43_F955_metadata.json
2022-11-17 22:46:26,104.1761835330636,106.64827430007546,7.967774314299773,9.454455969470509,-17.561452432411272,2.557823051830714,-27.76464286314996,7.358262001672744,0.5715505553830567,41.00768906970555,dbscl-sentinel-1-2022\dbscl-sentinel-1_2022-11\S1_2022-11-17_22-46-26\S1A_IW_GRDH_1SDV_20221117T224626_20221117T224646_045940_057F43_E53F_metadata.json
2022-11-18 11:11:19,104.41543820663156,106.98748886665892,7.735509279892007,9.93702574350108,-17.478423717587667,2.5438471442020454,-27.86827341033832,7.088574024836979,0.5836588883192293,38.57530394837065,dbscl-sentinel-1-2022\dbscl-sentinel-1_2022-11\S1_2022-11-18_11-11-19\S1A_IW_GRDH_1SDV_20221118T111119_20221118T111148_045948_057F8D_132C_metadata.json
2022-11-18 11:11:48,104.10752868446409,106.66200508929766,9.488596063187137,11.445297032754588,-17.630414847802626,2.657868597342265,-28.43183464867662,6.828995046928754,0.5904831470068097,40.32998731936832,dbscl-sentinel-1-2022\dbscl-sentinel-1_2022-11\S1_2022-11-18_11-11-48\S1A_IW_GRDH_1SDV_20221118T111148_20221118T111213_045948_057F8D_16E0_metadata.json
2022-11-22 22:54:09,102.44086832005898,104.98643167083156,9.59196491681365,11.385831285420444,-16.518549466196635,2.562898886744439,-26.09788409125285,6.939214841140367,0.5679617553069823,33.13781762348007,dbscl-sentinel-1-2022\dbscl-sentinel-1_2022-11\S1_2022-11-22_22-54-09\S1A_IW_GRDH_1SDV_20221122T225409_20221122T225433_046013_0581BE_DE95_metadata.json
2022-11-23 11:19:20,102.5659274449028,105.10895340697668,6.958408904361795,8.921715164629148,-15.79004889106389,2.5634390703648444,-24.815959208810163,6.764138573317723,0.5652638848740199,45.92839316863487,dbscl-sentinel-1-2022\dbscl-sentinel-1_2022-11\S1_2022-11-23_11-19-20\S1A_IW_GRDH_1SDV_20221123T111920_20221123T111945_046021_058209_57EE_metadata.json
2022-11-23 11:19:45,102.25525743263542,104.80616688150548,8.47059947175874,10.429917944586665,-14.69702006908257,2.394026418494736,-22.714420130304703,6.67962000786041,0.5336149638468539,44.8465040539946,dbscl-sentinel-1-2022\dbscl-sentinel-1_2022-11\S1_2022-11-23_11-19-45\S1A_IW_GRDH_1SDV_20221123T111945_20221123T112010_046021_058209_2C31_metadata.json
2022-11-23 11:20:10,101.94468953037916,104.50516499420678,9.982838169323,11.93874028547051,-14.393134341766368,2.5878850742284145,-22.464924520012914,6.3213441635198455,0.5550328686533966,43.68087818876277,dbscl-sentinel-1-2022\dbscl-sentinel-1_2022-11\S1_2022-11-23_11-20-10\S1A_IW_GRDH_1SDV_20221123T112010_20221123T112035_046021_058209_FC37_metadata.json
2022-11-24 22:37:35,106.5835872753608,109.17653153090065,9.74349380620436,11.756735234138906,-17.05374004824102,2.558223249814626,-27.047848420365323,7.059631676116898,0.5747385076787256,45.62940053091304,dbscl-sentinel-1-2022\dbscl-sentinel-1_2022-11\S1_2022-11-24_22-37-35\S1A_IW_GRDH_1SDV_20221124T223735_20221124T223803_046042_0582C0_8688_metadata.json
2022-11-25 11:03:34,106.1168096714142,108.69887523260977,9.463321489543947,11.662330768425033,-15.557471597458497,2.6445510763122613,-23.96520397456482,7.149739220352251,0.5143686818367543,31.81456088086128,dbscl-sentinel-1-2022\dbscl-sentinel-1_2022-11\S1_2022-11-25_11-03-34\S1A_IW_GRDH_1SDV_20221125T110334_20221125T110403_046050_058307_46E8_metadata.json
2022-11-29 22:45:36,104.70586092051693,107.26268894930604,10.51779163314564,12.471154154920276,-18.375796059271423,2.5245238312728127,-29.843383449321745,6.908208669221019,0.6016064225491327,38.0986249342915,dbscl-sentinel-1-2022\dbscl-sentinel-1_2022-11\S1_2022-11-29_22-45-36\S1A_IW_GRDH_1SDV_20221129T224536_20221129T224601_046115_058536_C158_metadata.json
2022-11-29 22:46:01,104.40614583775744,106.9582313220454,9.005118705153548,10.96289251789329,-17.037550942794905,2.5927271656055133,-26.71396670014761,7.361135185442284,0.5523562101198201,38.75011641489574,dbscl-sentinel-1-2022\dbscl-sentinel-1_2022-11\S1_2022-11-29_22-46-01\S1A_IW_GRDH_1SDV_20221129T224601_20221129T224626_046115_058536_6B62_metadata.json
2022-11-29 22:46:26,104.17545864726888,106.64757465489234,7.968022064948362,9.454392534282702,-17.330422930568087,2.5540348241089976,-27.380383369715133,7.280462491421061,0.572356750258845,41.005155501892,dbscl-sentinel-1-2022\dbscl-sentinel-1_2022-11\S1_2022-11-29_22-46-26\S1A_IW_GRDH_1SDV_20221129T224626_20221129T224645_046115_058536_EBEA_metadata.json
2022-11-30 11:11:19,104.41593958454996,106.98770255392596,7.735929746458384,9.937057662429025,-17.65698240315606,2.545109736362764,-27.855124340331816,7.458840465980322,0.5709548806916457,38.57638562480379,dbscl-sentinel-1-2022\dbscl-sentinel-1_2022-11\S1_2022-11-30_11-11-19\S1A_IW_GRDH_1SDV_20221130T111119_20221130T111148_046123_058580_D983_metadata.json
2022-11-30 11:11:48,104.10797794200164,106.66244894066462,9.488701859054403,11.445298755530574,-17.63387583595393,2.7785766044008926,-27.763201438342687,7.504550233565106,0.560818449256922,40.33027177567485,dbscl-sentinel-1-2022\dbscl-sentinel-1_2022-11\S1_2022-11-30_11-11-48\S1A_IW_GRDH_1SDV_20221130T111148_20221130T111213_046123_058580_9FEC_metadata.json
2022-12-04 22:54:08,102.44165521388368,104.9876749358832,9.59194295300796,11.385879424222594,-17.02548079109467,2.5690735983440107,-26.738452157218664,7.312509424970878,0.5624238824984574,33.13838715774551,dbscl-sentinel-1-2022\dbscl-sentinel-1_2022-12\S1_2022-12-04_22-54-08\S1A_IW_GRDH_1SDV_20221204T225408_20221204T225432_046188_0587B3_C5A2_metadata.json
2022-12-05 11:19:20,102.56713372806786,105.1101346233112,6.958405163480547,8.921694562662733,-16.165771971853243,2.5137410966636367,-25.86007741099425,6.471466532712207,0.5953936529718522,45.926474690062925,dbscl-sentinel-1-2022\dbscl-sentinel-1_2022-12\S1_2022-12-05_11-19-20\S1A_IW_GRDH_1SDV_20221205T111920_20221205T111945_046196_0587FF_42E1_metadata.json
2022-12-05 11:19:45,102.25642626210588,104.80735405918068,8.470574377052824,10.429948404021436,-14.72577751916104,2.645527469323313,-22.67414862547274,6.777406412849295,0.5443387176636498,44.85210422845527,dbscl-sentinel-1-2022\dbscl-sentinel-1_2022-12\S1_2022-12-05_11-19-45\S1A_IW_GRDH_1SDV_20221205T111945_20221205T112010_046196_0587FF_5FE3_metadata.json
2022-12-05 11:20:10,101.9458451058748,104.5066404484221,9.982851896094624,11.938742971592916,-14.50726860316425,2.5827497200950944,-22.65831941325557,6.356217793072712,0.5563052550596524,43.68560002086064,dbscl-sentinel-1-2022\dbscl-sentinel-1_2022-12\S1_2022-12-05_11-20-10\S1A_IW_GRDH_1SDV_20221205T112010_20221205T112035_046196_0587FF_ADA6_metadata.json
2022-12-06 22:37:34,106.58494343911998,109.17778894290232,9.743867156447916,11.75650427394889,-17.431657477774863,2.5303149629081902,-27.96716434663624,6.896150608913364,0.5913197349095868,45.6325344759732,dbscl-sentinel-1-2022\dbscl-sentinel-1_2022-12\S1_2022-12-06_22-37-34\S1A_IW_GRDH_1SDV_20221206T223734_20221206T223802_046217_0588BC_4A18_metadata.json
2022-12-07 11:03:34,106.1179449059187,108.69999814370598,9.463634515615723,11.66219369372701,-15.520249393156703,2.628446103904944,-23.921580256287545,7.1189185300259,0.5306645164494941,31.81002498753803,dbscl-sentinel-1-2022\dbscl-sentinel-1_2022-12\S1_2022-12-07_11-03-34\S1A_IW_GRDH_1SDV_20221207T110334_20221207T110403_046225_058903_C563_metadata.json
2022-12-11 22:45:36,104.705224114069,107.26188716100351,10.517730001320103,12.471104220403449,-18.058559962948504,2.5849391580891727,-28.480050568944524,7.637069356952248,0.5627347911447578,38.094482744202985,dbscl-sentinel-1-2022\dbscl-sentinel-1_2022-12\S1_2022-12-11_22-45-36\S1A_IW_GRDH_1SDV_20221211T224536_20221211T224601_046290_058B2E_61ED_metadata.json
2022-12-11 22:46:01,104.40551651514863,106.95762889423914,9.005107469788802,10.962827015374014,-17.10323355862846,2.622741111306728,-26.235431489660485,7.97103562759644,0.5280045399373227,38.746322438833886,dbscl-sentinel-1-2022\dbscl-sentinel-1_2022-12\S1_2022-12-11_22-46-01\S1A_IW_GRDH_1SDV_20221211T224601_20221211T224626_046290_058B2E_2CD8_metadata.json
2022-12-11 22:46:26,104.17450011893978,106.64695929641556,7.967861870143255,9.45432463513376,-17.464274146901793,2.599529126239976,-27.334102838241645,7.594445455562137,0.5608035647664,41.001621090024855,dbscl-sentinel-1-2022\dbscl-sentinel-1_2022-12\S1_2022-12-11_22-46-26\S1A_IW_GRDH_1SDV_20221211T224626_20221211T224645_046290_058B2E_C9FB_metadata.json
2022-12-12 11:11:18,104.41520408282378,106.98722058671532,7.735328669767717,9.93701010929839,-17.68911800095809,2.5640536012940727,-27.795829359040308,7.582406642875779,0.5676561616268384,38.57038983237676,dbscl-sentinel-1-2022\dbscl-sentinel-1_2022-12\S1_2022-12-12_11-11-18\S1A_IW_GRDH_1SDV_20221212T111118_20221212T111147_046298_058B76_79D5_metadata.json
2022-12-12 11:11:47,104.10753409079012,106.6617828041226,9.488619005997188,11.445267454011884,-17.558862242173085,2.62302559489485,-27.15949644108194,7.958228043264349,0.5361013320917314,40.289811497920375,dbscl-sentinel-1-2022\dbscl-sentinel-1_2022-12\S1_2022-12-12_11-11-47\S1A_IW_GRDH_1SDV_20221212T111147_20221212T111212_046298_058B76_C515_metadata.json
2022-12-17 11:19:19,102.56788042692028,105.11075913689356,6.95840668315773,8.921730711580443,-16.6090715465108,2.495209083819876,-26.720122480811884,6.498020612209617,0.6067330618837827,45.92507800618526,dbscl-sentinel-1-2022\dbscl-sentinel-1_2022-12\S1_2022-12-17_11-19-19\S1A_IW_GRDH_1SDV_20221217T111919_20221217T111944_046371_058DF6_01F4_metadata.json
2022-12-17 11:19:44,102.2571320538617,104.80795833714672,8.470576722398686,10.429985079397389,-15.055623890244078,2.6111915528071887,-23.445647346242,6.66560043424617,0.5449067716147648,44.85562949027674,dbscl-sentinel-1-2022\dbscl-sentinel-1_2022-12\S1_2022-12-17_11-19-44\S1A_IW_GRDH_1SDV_20221217T111944_20221217T112009_046371_058DF6_A974_metadata.json
2022-12-17 11:20:09,101.94654044235286,104.50724922639364,9.982874046320292,11.938846720848469,-14.663188293051288,2.5666969170743905,-23.0008762052588,6.325500380843851,0.5636550651365478,43.68762581343306,dbscl-sentinel-1-2022\dbscl-sentinel-1_2022-12\S1_2022-12-17_11-20-09\S1A_IW_GRDH_1SDV_20221217T112009_20221217T112034_046371_058DF6_EB24_metadata.json
2022-12-18 22:37:33,106.5861948474784,109.17882180347212,9.74377042946364,11.756838646322343,-17.72285554537704,2.503433859908911,-28.600722614850888,6.844988475903478,0.6018898182986554,45.63575669789843,dbscl-sentinel-1-2022\dbscl-sentinel-1_2022-12\S1_2022-12-18_22-37-33\S1A_IW_GRDH_1SDV_20221218T223733_20221218T223801_046392_058EB8_7A43_metadata.json
2022-12-19 11:03:33,106.11910230818216,108.70117026673844,9.46367911831493,11.662358718673408,-15.756978869688544,2.623432109582323,-24.32606924756006,7.187888491816955,0.5341420245006481,31.81267491007934,dbscl-sentinel-1-2022\dbscl-sentinel-1_2022-12\S1_2022-12-19_11-03-33\S1A_IW_GRDH_1SDV_20221219T110333_20221219T110402_046400_058F00_B04A_metadata.json
2022-12-23 22:45:35,104.70611952377554,107.26283199077471,10.517739536082164,12.471111983871172,-17.66340932365784,2.5972507734746086,-27.5493511704129,7.777467476902685,0.5535552844077488,38.09967477178641,dbscl-sentinel-1-2022\dbscl-sentinel-1_2022-12\S1_2022-12-23_22-45-35\S1A_IW_GRDH_1SDV_20221223T224535_20221223T224600_046465_059128_0154_metadata.json
2022-12-23 22:46:00,104.40648439063264,106.95852460983168,9.005241578059175,10.962841665701252,-16.74878810585452,2.641105716153555,-25.83271742432697,7.664858787382194,0.5352387095724757,38.75104329078182,dbscl-sentinel-1-2022\dbscl-sentinel-1_2022-12\S1_2022-12-23_22-46-00\S1A_IW_GRDH_1SDV_20221223T224600_20221223T224625_046465_059128_4A25_metadata.json
2022-12-23 22:46:25,104.17551388920008,106.64790072992594,7.96792192167458,9.45442418161612,-17.632549410048473,2.5508293302005693,-27.9836921625136,7.28140665758319,0.5793615680123467,41.00592673913775,dbscl-sentinel-1-2022\dbscl-sentinel-1_2022-12\S1_2022-12-23_22-46-25\S1A_IW_GRDH_1SDV_20221223T224625_20221223T224644_046465_059128_50B8_metadata.json
2022-12-24 11:11:18,104.41577553741529,106.9878119200816,7.735244394860051,9.936888772703524,-17.67097908182443,2.565319374456349,-27.83530090836796,7.506657255280964,0.5709669429604496,38.573690608165606,dbscl-sentinel-1-2022\dbscl-sentinel-1_2022-12\S1_2022-12-24_11-11-18\S1A_IW_GRDH_1SDV_20221224T111118_20221224T111147_046473_059172_BA36_metadata.json
2022-12-24 11:11:47,104.1078864773405,106.6623746355289,9.488522078006138,11.444964373302982,-17.22474549518696,2.5992857129685727,-26.57279260346598,7.8766983869079,0.5369721908497693,40.32896005172488,dbscl-sentinel-1-2022\dbscl-sentinel-1_2022-12\S1_2022-12-24_11-11-47\S1A_IW_GRDH_1SDV_20221224T111147_20221224T111212_046473_059172_96D9_metadata.json
2022-12-28 22:54:06,102.44255730161848,104.98837377523172,9.5909782339691,11.386082155459862,-16.084880370110653,2.272925552860698,-25.424847914616688,6.744912825604547,0.5746961193374597,33.13726373145455,dbscl-sentinel-1-2022\dbscl-sentinel-1_2022-12\S1_2022-12-28_22-54-06\S1A_IW_GRDH_1SDV_20221228T225406_20221228T225431_046538_05939F_69F8_metadata.json
2022-12-29 11:19:18,102.56736032894324,105.11034900963452,6.95845631165277,8.921801218050616,-16.08302180272289,2.5352377746585995,-25.596945922505537,6.56909768294032,0.5828845971833372,45.925944466604605,dbscl-sentinel-1-2022\dbscl-sentinel-1_2022-12\S1_2022-12-29_11-19-18\S1A_IW_GRDH_1SDV_20221229T111918_20221229T111943_046546_0593E2_F4EB_metadata.json
2022-12-29 11:19:43,102.25660395390402,104.80753723013602,8.470626962302186,10.429738032995756,-15.028726104220288,2.606387744209352,-23.475821163213947,6.581631045226626,0.5462805879479241,44.852899600117176,dbscl-sentinel-1-2022\dbscl-sentinel-1_2022-12\S1_2022-12-29_11-19-43\S1A_IW_GRDH_1SDV_20221229T111943_20221229T112008_046546_0593E2_A42B_metadata.json
2022-12-29 11:20:08,101.94599930544764,104.50680957291482,9.98320307302012,11.9388882058645,-14.63898834143553,2.581005971534483,-23.006458795634792,6.271517887236253,0.5657583358746237,43.68554412975339,dbscl-sentinel-1-2022\dbscl-sentinel-1_2022-12\S1_2022-12-29_11-20-08\S1A_IW_GRDH_1SDV_20221229T112008_20221229T112033_046546_0593E2_3D27_metadata.json
2022-12-30 22:37:33,106.58560565229266,109.17859824666162,9.743297159547025,11.75689688476706,-17.55996929104268,2.490899488894797,-28.58801753690235,6.531921045183062,0.6153510088062721,45.63382498536564,dbscl-sentinel-1-2022\dbscl-sentinel-1_2022-12\S1_2022-12-30_22-37-33\S1A_IW_GRDH_1SDV_20221230T223733_20221230T223801_046567_05949D_2827_metadata.json
2022-12-31 11:03:32,106.1179982898261,108.70006348307984,9.464150290141164,11.662299892405922,,,,,,,
2023-01-04 22:45:34,104.70672839111197,107.2632370348743,10.51753349820401,12.4711390036925,-17.04641885938495,2.6196191073116246,-26.50066149809907,7.592176220670627,0.5481794142091656,38.10472324115592,dbscl-sentinel-1-2023\dbscl-sentinel-1_2023-01\S1_2023-01-04_22-45-34\S1A_IW_GRDH_1SDV_20230104T224534_20230104T224559_046640_059718_BFA1_metadata.json
2023-01-04 22:45:59,104.40704657485551,106.95915397280056,9.005191891985852,10.962881657963436,-16.360197832682736,2.5927802127888944,-25.582340370884527,7.138055294480928,0.5564363886692536,38.755908225795295,dbscl-sentinel-1-2023\dbscl-sentinel-1_2023-01\S1_2023-01-04_22-45-59\S1A_IW_GRDH_1SDV_20230104T224559_20230104T224624_046640_059718_0BFA_metadata.json
2023-01-04 22:46:24,104.17591769684124,106.64845636290907,7.967065589083891,9.454389800689242,-17.364640487099983,2.418758664813492,-27.71254776335139,7.016733210848592,0.5887815516333798,41.01063206609862,dbscl-sentinel-1-2023\dbscl-sentinel-1_2023-01\S1_2023-01-04_22-46-24\S1A_IW_GRDH_1SDV_20230104T224624_20230104T224643_046640_059718_945A_metadata.json
2023-01-05 11:11:17,104.41646272471,106.98865054578508,7.735416558708289,9.9368830050185,-17.41968707826754,2.578851394292541,-27.285991814050725,7.553382342484044,0.5627328693334811,38.5693156549522,dbscl-sentinel-1-2023\dbscl-sentinel-1_2023-01\S1_2023-01-05_11-11-17\S1A_IW_GRDH_1SDV_20230105T111117_20230105T111146_046648_05975A_CF4A_metadata.json
2023-01-05 11:11:46,104.1084593732508,106.66277440825202,9.488513016769614,11.444961330592108,-16.56471863859841,2.613692457729272,-25.771384249966147,7.358053027230766,0.5491218735975968,40.32537247345121,dbscl-sentinel-1-2023\dbscl-sentinel-1_2023-01\S1_2023-01-05_11-11-46\S1A_IW_GRDH_1SDV_20230105T111146_20230105T111211_046648_05975A_08D0_metadata.json
2023-01-09 22:54:06,102.44261152856764,104.9884672036588,9.59144619920727,11.385900326828905,-15.125400719781084,2.562698503498587,-24.020681564807088,6.230119874754883,0.5778697876427404,33.14024386903973,dbscl-sentinel-1-2023\dbscl-sentinel-1_2023-01\S1_2023-01-09_22-54-06\S1A_IW_GRDH_1SDV_20230109T225406_20230109T225430_046713_059982_458C_metadata.json
2023-01-10 11:19:17,102.56882063693617,105.11162248622608,6.958416496281048,8.921691131211318,-16.122671869057786,2.500695025096824,-25.988713013319284,6.256630724796279,0.6046272368930006,45.92405819902166,dbscl-sentinel-1-2023\dbscl-sentinel-1_2023-01\S1_2023-01-10_11-19-17\S1A_IW_GRDH_1SDV_20230110T111917_20230110T111942_046721_0599CC_BE2F_metadata.json
2023-01-10 11:19:42,102.25789914797733,104.80872958301688,8.47055058584688,10.42994529135177,-14.798953699156836,2.576211812266395,-23.07466743732946,6.52323996098414,0.5473080768337268,44.85971207040281,dbscl-sentinel-1-2023\dbscl-sentinel-1_2023-01\S1_2023-01-10_11-19-42\S1A_IW_GRDH_1SDV_20230110T111942_20230110T112007_046721_0599CC_7ADA_metadata.json
2023-01-10 11:20:07,101.9473023921346,104.50778130925966,9.98286001082714,11.938899037611332,-14.445511639069789,2.5591938701628054,-22.693477078436317,6.197546199703228,0.5655230606595805,43.69131157518455,dbscl-sentinel-1-2023\dbscl-sentinel-1_2023-01\S1_2023-01-10_11-20-07\S1A_IW_GRDH_1SDV_20230110T112007_20230110T112032_046721_0599CC_42EE_metadata.json
2023-01-11 22:37:32,106.58709078336484,109.18100402861918,9.738159507697924,11.7567979152949,-17.56502704209902,2.526775099426697,-28.104299070765123,7.025755013432875,0.5905234532452602,45.63870866679102,dbscl-sentinel-1-2023\dbscl-sentinel-1_2023-01\S1_2023-01-11_22-37-32\S1A_IW_GRDH_1SDV_20230111T223732_20230111T223800_046742_059A87_CE1C_metadata.json
2023-01-12 11:03:31,106.11984932974016,108.70203363819196,9.463866026692854,11.662228534248902,-15.65654266349142,2.642819066098283,-24.02391157964249,7.289173747340414,0.5247046850948407,31.8022686974816,dbscl-sentinel-1-2023\dbscl-sentinel-1_2023-01\S1_2023-01-12_11-03-31\S1A_IW_GRDH_1SDV_20230112T110331_20230112T110400_046750_059ACA_73EB_metadata.json
2023-01-16 22:45:33,104.70826035896536,107.26422281629306,10.517886762400968,12.47124918435592,-15.961183859655804,2.5867975384548654,-24.842223344912075,7.080144374399564,0.5530351146363509,38.11436898127873,dbscl-sentinel-1-2023\dbscl-sentinel-1_2023-01\S1_2023-01-16_22-45-33\S1A_IW_GRDH_1SDV_20230116T224533_20230116T224558_046815_059CFA_584B_metadata.json
2023-01-16 22:45:58,104.40843019664032,106.9605507016814,9.00522280854784,10.962979870708743,-16.11520034855632,2.5851207932279565,-25.291844835621724,6.93855586149105,0.5583347435050715,38.76479639915124,dbscl-sentinel-1-2023\dbscl-sentinel-1_2023-01\S1_2023-01-16_22-45-58\S1A_IW_GRDH_1SDV_20230116T224558_20230116T224623_046815_059CFA_59AE_metadata.json
2023-01-16 22:46:23,104.17691684636446,106.6498517932326,7.967271796068918,9.454481566958195,-17.094346553436804,2.567740412194944,-26.95261482780257,7.236078279071244,0.5725871799708744,41.01886267933989,dbscl-sentinel-1-2023\dbscl-sentinel-1_2023-01\S1_2023-01-16_22-46-23\S1A_IW_GRDH_1SDV_20230116T224623_20230116T224643_046815_059CFA_A904_metadata.json
2023-01-17 11:11:16,104.4181455788328,106.99005465823603,7.735929059410713,9.936914988803036,-17.35169764628716,2.578133184654699,-27.1527018209373,7.550693471637059,0.5632908992235508,38.56084174846911,dbscl-sentinel-1-2023\dbscl-sentinel-1_2023-01\S1_2023-01-17_11-11-16\S1A_IW_GRDH_1SDV_20230117T111116_20230117T111145_046823_059D44_155A_metadata.json
2023-01-17 11:11:45,104.11045841179472,106.66461549523444,9.488563305453289,11.445216744319548,-16.358023030696803,2.3157157196263665,-25.863008227200023,6.8530378341936045,0.5721548893313606,40.31821079402887,dbscl-sentinel-1-2023\dbscl-sentinel-1_2023-01\S1_2023-01-17_11-11-45\S1A_IW_GRDH_1SDV_20230117T111145_20230117T111210_046823_059D44_36FF_metadata.json
2023-01-21 22:54:05,102.44206305041078,104.9878214966585,9.591423871074523,11.385919630206049,-15.75933112027549,2.482749854159208,-25.63058003492524,5.88808220562577,0.6165566264671634,33.13770269274943,dbscl-sentinel-1-2023\dbscl-sentinel-1_2023-01\S1_2023-01-21_22-54-05\S1A_IW_GRDH_1SDV_20230121T225405_20230121T225430_046888_059F6A_6EF3_metadata.json
2023-01-22 11:19:17,102.56717190345458,105.11006271518556,6.958301681417583,8.921555658307746,-16.450875152088507,2.4867608057363118,-26.5754324285808,6.326317875596202,0.6125078921681271,45.9259800984848,dbscl-sentinel-1-2023\dbscl-sentinel-1_2023-01\S1_2023-01-22_11-19-17\S1A_IW_GRDH_1SDV_20230122T111917_20230122T111942_046896_059FB4_572A_metadata.json
2023-01-22 11:19:42,102.25649690220186,104.8072926163706,8.47042866378875,10.429817914554404,-15.003114093073696,2.660769330603016,-23.453662405772096,6.552565780375298,0.5457124108398052,44.85222870426752,dbscl-sentinel-1-2023\dbscl-sentinel-1_2023-01\S1_2023-01-22_11-19-42\S1A_IW_GRDH_1SDV_20230122T111942_20230122T112007_046896_059FB4_6D60_metadata.json
2023-01-22 11:20:07,101.94590135255945,104.50668239625531,9.982730076166048,11.93861838890592,-14.565822436934535,2.566046952744601,-22.90558231495165,6.226062558917346,0.5669247016312462,43.685905755140205,dbscl-sentinel-1-2023\dbscl-sentinel-1_2023-01\S1_2023-01-22_11-20-07\S1A_IW_GRDH_1SDV_20230122T112007_20230122T112032_046896_059FB4_A9BF_metadata.json
2023-01-23 22:37:32,106.58463778220776,109.1777110973932,9.74298539059104,11.756884606452145,-17.816924768529226,2.004291022230173,-29.06992041864874,6.563929118409853,0.6188409128221448,45.63210404030125,dbscl-sentinel-1-2023\dbscl-sentinel-1_2023-01\S1_2023-01-23_22-37-32\S1A_IW_GRDH_1SDV_20230123T223732_20230123T223800_046917_05A06F_6DC1_metadata.json
2023-01-24 11:03:31,106.11743663801664,108.69948630390031,9.464330098472352,11.662200545909904,-15.683175912495702,2.645680078961599,-23.9138126354282,7.452539189563277,0.5229256369352103,31.81146534229471,dbscl-sentinel-1-2023\dbscl-sentinel-1_2023-01\S1_2023-01-24_11-03-31\S1A_IW_GRDH_1SDV_20230124T110331_20230124T110400_046925_05A0B6_9282_metadata.json
2023-01-28 22:45:34,104.70559074909742,107.2622569393154,10.517849541207458,12.471198524427525,-16.527139092877448,2.502857040023,-26.664693076619063,6.389585109136025,0.6049485198630699,38.09525796047418,dbscl-sentinel-1-2023\dbscl-sentinel-1_2023-01\S1_2023-01-28_22-45-34\S1A_IW_GRDH_1SDV_20230128T224534_20230128T224559_046990_05A2E1_AE56_metadata.json
2023-01-28 22:45:59,104.4059005383906,106.95779184143888,9.005257857654904,10.962944851407244,-16.694355456503605,2.539041842329514,-26.715952339400552,6.672758573606685,0.5882075273169262,38.74691644189283,dbscl-sentinel-1-2023\dbscl-sentinel-1_2023-01\S1_2023-01-28_22-45-59\S1A_IW_GRDH_1SDV_20230128T224559_20230128T224624_046990_05A2E1_2F0D_metadata.json
2023-01-28 22:46:24,104.1744729858544,106.64740743480952,7.967263579354123,9.45454189593933,-17.503224158689452,2.5318717182976527,-27.945911004955,7.060537312423767,0.590545368337865,41.00177413744255,dbscl-sentinel-1-2023\dbscl-sentinel-1_2023-01\S1_2023-01-28_22-46-24\S1A_IW_GRDH_1SDV_20230128T224624_20230128T224643_046990_05A2E1_1F8B_metadata.json
2023-01-29 11:11:16,104.41521118824495,106.98711716659083,7.735900316978645,9.936928329958524,-17.57587410594853,2.5452039092766148,-27.923809093251197,7.227939118645834,0.5849869718495178,38.58100452432873,dbscl-sentinel-1-2023\dbscl-sentinel-1_2023-01\S1_2023-01-29_11-11-16\S1A_IW_GRDH_1SDV_20230129T111116_20230129T111145_046998_05A32C_A702_metadata.json
2023-01-29 11:11:45,104.10753426804668,106.66172226271188,9.488538395294889,11.445171080582414,-16.53965454789233,2.5322575757762853,-26.616057065481904,6.463252030302561,0.5982138378457047,40.33360622812573,dbscl-sentinel-1-2023\dbscl-sentinel-1_2023-01\S1_2023-01-29_11-11-45\S1A_IW_GRDH_1SDV_20230129T111145_20230129T111210_046998_05A32C_72B2_metadata.json
2023-02-02 22:54:05,102.4416556511942,104.98754076692067,9.591699432989556,11.385951052283298,-15.796523310059936,2.4867330078216585,-25.80660878618538,5.7864378339345794,0.6251507994415708,33.138815999625976,dbscl-sentinel-1-2023\dbscl-sentinel-1_2023-02\S1_2023-02-02_22-54-05\S1A_IW_GRDH_1SDV_20230202T225405_20230202T225429_047063_05A53F_A369_metadata.json
2023-02-03 11:19:17,102.5673175129013,105.10993638535378,6.958237954968761,8.921555075803674,-16.5589307344185,2.4700533928376625,-26.918069320881557,6.199792147955508,0.6229960672299183,45.92641571107812,dbscl-sentinel-1-2023\dbscl-sentinel-1_2023-02\S1_2023-02-03_11-19-17\S1A_IW_GRDH_1SDV_20230203T111917_20230203T111942_047071_05A589_5885_metadata.json
2023-02-03 11:19:42,102.25662534679324,104.80721211742116,8.470469520621124,10.42980160731274,-14.997271006019169,2.498342425262744,-23.462435314702244,6.5321066973361,0.5489846203359194,44.85361382984328,dbscl-sentinel-1-2023\dbscl-sentinel-1_2023-02\S1_2023-02-03_11-19-42\S1A_IW_GRDH_1SDV_20230203T111942_20230203T112007_047071_05A589_9926_metadata.json
2023-02-03 11:20:07,101.9460545944508,104.50674442930142,9.982742436636045,11.938707449396135,-14.557095852213015,2.7436889195321164,-22.886764894065383,6.227426810360674,0.5665662372366406,43.68705012586366,dbscl-sentinel-1-2023\dbscl-sentinel-1_2023-02\S1_2023-02-03_11-20-07\S1A_IW_GRDH_1SDV_20230203T112007_20230203T112032_047071_05A589_691B_metadata.json
2023-02-04 22:37:31,106.58491223493748,109.17788021632524,9.743227736227425,11.75685171648291,-17.664651406105065,2.5051504505521445,-28.49925980320604,6.830043009003985,0.6042540752980273,45.63370104112615,dbscl-sentinel-1-2023\dbscl-sentinel-1_2023-02\S1_2023-02-04_22-37-31\S1A_IW_GRDH_1SDV_20230204T223731_20230204T223759_047092_05A644_F400_metadata.json
2023-02-05 11:03:31,106.11818957480374,108.70022298007343,9.46396106002758,11.662162123154731,-15.762436675750134,2.611470003358785,-24.405444494948064,7.119428856552271,0.541759035412375,31.80921401292175,dbscl-sentinel-1-2023\dbscl-sentinel-1_2023-02\S1_2023-02-05_11-03-31\S1A_IW_GRDH_1SDV_20230205T110331_20230205T110400_047100_05A68D_05C8_metadata.json
2023-02-09 22:45:33,104.70706388320444,107.26355594781457,10.517854405236829,12.4712236062038,-16.084553918547954,2.444178893098456,-26.344135888784123,5.824971948311683,0.6365785457778537,38.10570778726982,dbscl-sentinel-1-2023\dbscl-sentinel-1_2023-02\S1_2023-02-09_22-45-33\S1A_IW_GRDH_1SDV_20230209T224533_20230209T224558_047165_05A8B3_D830_metadata.json
2023-02-09 22:45:58,104.4073658573726,106.95947113202791,9.005177780525035,10.96294758227626,-16.250474464037378,2.543981822609289,-25.859649564269727,6.641299363805185,0.580825158015628,38.7566567809416,dbscl-sentinel-1-2023\dbscl-sentinel-1_2023-02\S1_2023-02-09_22-45-58\S1A_IW_GRDH_1SDV_20230209T224558_20230209T224623_047165_05A8B3_AE01_metadata.json
2023-02-09 22:46:23,104.17570027545683,106.64884108808371,7.966628206022106,9.45446034277296,-17.50662439909629,2.5436378115947758,-27.782279679772067,7.230969118420457,0.5838679558221388,41.01113786779357,dbscl-sentinel-1-2023\dbscl-sentinel-1_2023-02\S1_2023-02-09_22-46-23\S1A_IW_GRDH_1SDV_20230209T224623_20230209T224642_047165_05A8B3_CDBA_metadata.json
2023-02-10 11:11:15,104.41591817936391,106.98790290843785,7.735965475367003,9.936851926580502,-17.57341950481894,2.540906531883157,-28.013924728256992,7.132914281380791,0.5899860702591594,38.57204717616203,dbscl-sentinel-1-2023\dbscl-sentinel-1_2023-02\S1_2023-02-10_11-11-15\S1A_IW_GRDH_1SDV_20230210T111115_20230210T111144_047173_05A8FB_8526_metadata.json
2023-02-10 11:11:44,104.10798015771606,106.66260339827342,9.48842621565054,11.44512715520428,-16.37878563693679,2.4969182721881498,-26.684366036397503,6.073205237476094,0.615902808137196,40.326369467703735,dbscl-sentinel-1-2023\dbscl-sentinel-1_2023-02\S1_2023-02-10_11-11-44\S1A_IW_GRDH_1SDV_20230210T111144_20230210T111209_047173_05A8FB_DC3A_metadata.json
2023-02-14 22:54:04,102.44322534445504,104.98876514085632,9.591305120048478,11.386011007376752,-15.637896061528,2.4879040291573418,-25.435737622111944,5.840054500943993,0.6180685898482887,33.14305223139768,dbscl-sentinel-1-2023\dbscl-sentinel-1_2023-02\S1_2023-02-14_22-54-04\S1A_IW_GRDH_1SDV_20230214T225404_20230214T225429_047238_05AB18_5AEA_metadata.json
2023-02-15 11:19:16,102.56880942932138,105.11184686679498,6.958285234566387,8.921281016934602,-16.733148463221177,2.480425589931281,-27.083351007543147,6.382945918899224,0.6164450473201952,45.92310310620713,dbscl-sentinel-1-2023\dbscl-sentinel-1_2023-02\S1_2023-02-15_11-19-16\S1A_IW_GRDH_1SDV_20230215T111916_20230215T111941_047246_05AB64_FF3C_metadata.json
2023-02-15 11:19:41,102.25811037266112,104.80893483960152,8.470464895361708,10.429871232574843,-15.10686626079618,2.5449141508849378,-23.58401057495907,6.629721946633284,0.5464866022903243,44.86014442631468,dbscl-sentinel-1-2023\dbscl-sentinel-1_2023-02\S1_2023-02-15_11-19-41\S1A_IW_GRDH_1SDV_20230215T111941_20230215T112006_047246_05AB64_4D58_metadata.json
2023-02-15 11:20:06,101.94752633726849,104.5083151714907,9.982756964708985,11.938674619340263,-14.734439204565652,2.539673385522464,-23.173778393371148,6.295100015760048,0.5673857626467743,43.69190827066205,dbscl-sentinel-1-2023\dbscl-sentinel-1_2023-02\S1_2023-02-15_11-20-06\S1A_IW_GRDH_1SDV_20230215T112006_20230215T112031_047246_05AB64_446F_metadata.json
2023-02-16 22:37:31,106.58682612982794,109.1797845325467,9.743287787337586,11.756933496936268,-17.687304007608592,2.484563817929925,-28.760650539611845,6.6139574756052415,0.6152027490408678,45.6379222022001,dbscl-sentinel-1-2023\dbscl-sentinel-1_2023-02\S1_2023-02-16_22-37-31\S1A_IW_GRDH_1SDV_20230216T223731_20230216T223759_047267_05AC28_4F6C_metadata.json
2023-02-17 11:03:30,106.11913568453495,108.70119373823592,9.464130235140331,11.66210617916629,-15.739402492983318,2.5885357300747285,-24.40463715504457,7.0741678309220255,0.545893875486847,31.804335815528383,dbscl-sentinel-1-2023\dbscl-sentinel-1_2023-02\S1_2023-02-17_11-03-30\S1A_IW_GRDH_1SDV_20230217T110330_20230217T110359_047275_05AC71_9657_metadata.json
2023-02-21 22:45:32,104.70719923711763,107.26330197186526,10.517546367817609,12.47125921061337,-15.838714385899202,2.5087317052988576,-25.854869596565404,5.822559175232949,0.6240150203057239,38.10949375524951,dbscl-sentinel-1-2023\dbscl-sentinel-1_2023-02\S1_2023-02-21_22-45-32\S1A_IW_GRDH_1SDV_20230221T224532_20230221T224557_047340_05AEAA_A319_metadata.json
2023-02-21 22:45:57,104.40761027104976,106.95948013968057,9.005259523668448,10.962913144128942,-16.095268715175525,2.5472168014244936,-25.536773820724207,6.653763609626843,0.5763331168986928,38.760397099017744,dbscl-sentinel-1-2023\dbscl-sentinel-1_2023-02\S1_2023-02-21_22-45-57\S1A_IW_GRDH_1SDV_20230221T224557_20230221T224622_047340_05AEAA_53C4_metadata.json
2023-02-21 22:46:22,104.17623389835448,106.64886816369447,7.967239288954136,9.454455314604528,-17.631672874340317,2.5319001794228355,-28.076655072586952,7.186690676093603,0.5799314984901404,41.014674805622654,dbscl-sentinel-1-2023\dbscl-sentinel-1_2023-02\S1_2023-02-21_22-46-22\S1A_IW_GRDH_1SDV_20230221T224622_20230221T224642_047340_05AEAA_7390_metadata.json
2023-02-22 11:11:15,104.41746673269031,106.98941323022828,7.735903658229921,9.936850727835235,-17.615948286270488,2.525627090772885,-28.14638750243732,7.08550907010337,0.5955028686735704,38.56438467119689,dbscl-sentinel-1-2023\dbscl-sentinel-1_2023-02\S1_2023-02-22_11-11-15\S1A_IW_GRDH_1SDV_20230222T111115_20230222T111144_047348_05AEF4_EBF2_metadata.json
2023-02-22 11:11:44,104.10939246117876,106.6640681871921,9.488453297909226,11.445086013018791,-16.163175862966412,2.516628612295157,-26.12297375302169,6.203377972911154,0.6050053711522703,40.32074204100916,dbscl-sentinel-1-2023\dbscl-sentinel-1_2023-02\S1_2023-02-22_11-11-44\S1A_IW_GRDH_1SDV_20230222T111144_20230222T111209_047348_05AEF4_EF9B_metadata.json
2023-02-26 22:54:05,102.441662823087,104.98750136316688,9.591290068207677,11.386063787921158,-15.766518969810017,2.474325259096116,-25.86266869595893,5.670369243661244,0.63185382965428,33.13983849840064,dbscl-sentinel-1-2023\dbscl-sentinel-1_2023-02\S1_2023-02-26_22-54-05\S1A_IW_GRDH_1SDV_20230226T225405_20230226T225429_047413_05B117_D608_metadata.json
2023-02-27 11:19:17,102.56666590549229,105.10968836520424,6.958174173836406,8.921272265347172,-16.466335423231477,2.515903597948051,-26.38459336543405,6.548077481028925,0.5954218926581021,45.92684850187882,dbscl-sentinel-1-2023\dbscl-sentinel-1_2023-02\S1_2023-02-27_11-19-17\S1A_IW_GRDH_1SDV_20230227T111917_20230227T111942_047421_05B161_3B43_metadata.json
2023-02-27 11:19:42,102.25594950812274,104.80682680941727,8.470426322360208,10.429770677217157,-15.090221280042211,2.622700810086974,-23.5931275544812,6.5873150056031005,0.5528454037245957,44.84963291225748,dbscl-sentinel-1-2023\dbscl-sentinel-1_2023-02\S1_2023-02-27_11-19-42\S1A_IW_GRDH_1SDV_20230227T111942_20230227T112007_047421_05B161_240D_metadata.json
2023-02-27 11:20:07,101.9453528180428,104.5061664031766,9.982625641064244,11.938647846645932,-14.66602934894244,2.570482138758488,-23.032469950446533,6.299588747438393,0.5649212243292016,43.6830673610805,dbscl-sentinel-1-2023\dbscl-sentinel-1_2023-02\S1_2023-02-27_11-20-07\S1A_IW_GRDH_1SDV_20230227T112007_20230227T112032_047421_05B161_36D5_metadata.json
2023-02-28 22:37:31,106.58512985497909,109.17797756861486,9.743407872436268,11.756994788088308,-17.5867992455969,2.501228043041598,-28.383615039113756,6.789983452079998,0.6058423569910326,45.63492156462016,dbscl-sentinel-1-2023\dbscl-sentinel-1_2023-02\S1_2023-02-28_22-37-31\S1A_IW_GRDH_1SDV_20230228T223731_20230228T223759_047442_05B21B_4209_metadata.json
2023-03-01 11:03:30,106.1179967645714,108.69994041669582,9.464167715184956,11.6622276991919,-15.825661918273616,2.608061063834134,-24.536477781868847,7.114846054678474,0.5446779805201535,31.80942158075835,dbscl-sentinel-1-2023\dbscl-sentinel-1_2023-03\S1_2023-03-01_11-03-30\S1A_IW_GRDH_1SDV_20230301T110330_20230301T110359_047450_05B260_0FCB_metadata.json
2023-03-05 22:45:33,104.70499567953038,107.26138426337953,10.517609991623562,12.4709747404037,-15.787865848683824,2.47744516829713,-25.69942161094689,5.876310086421045,0.6192788426510283,38.09590091109144,dbscl-sentinel-1-2023\dbscl-sentinel-1_2023-03\S1_2023-03-05_22-45-33\S1A_IW_GRDH_1SDV_20230305T224533_20230305T224558_047515_05B494_A53B_metadata.json
2023-03-05 22:45:58,104.40531331361665,106.9572390464546,9.005231323417371,10.962917200416634,-16.17465688972251,2.554783432116374,-25.71459716063072,6.634716618814291,0.579789621641298,38.74797143194375,dbscl-sentinel-1-2023\dbscl-sentinel-1_2023-03\S1_2023-03-05_22-45-58\S1A_IW_GRDH_1SDV_20230305T224558_20230305T224623_047515_05B494_D765_metadata.json
2023-03-05 22:46:23,104.17390851244816,106.6465086403105,7.9673945844237375,9.454396040141686,-17.72183296160142,2.534358530649513,-28.20253806761741,7.241127855585337,0.5896098602518908,41.00317795933941,dbscl-sentinel-1-2023\dbscl-sentinel-1_2023-03\S1_2023-03-05_22-46-23\S1A_IW_GRDH_1SDV_20230305T224623_20230305T224642_047515_05B494_372E_metadata.json
2023-03-06 11:11:15,104.41539521877252,106.98735247446648,7.736098808177091,9.936444708830276,-17.776614956000504,2.5313599429509823,-28.309012479310983,7.244217432689942,0.5842940193089605,38.57861710756968,dbscl-sentinel-1-2023\dbscl-sentinel-1_2023-03\S1_2023-03-06_11-11-15\S1A_IW_GRDH_1SDV_20230306T111115_20230306T111144_047523_05B4DE_1DC7_metadata.json
2023-03-06 11:11:44,104.10756484481264,106.6619979826455,9.48837442970116,11.44478921101571,-16.15853720765808,2.517078822185636,-26.022784010184708,6.294290405131454,0.5971118596082979,40.330823191727305,dbscl-sentinel-1-2023\dbscl-sentinel-1_2023-03\S1_2023-03-06_11-11-44\S1A_IW_GRDH_1SDV_20230306T111144_20230306T111209_047523_05B4DE_D2CD_metadata.json
2023-03-10 22:54:04,102.44191252768732,104.98747488598931,9.591990305763318,11.386034889723332,-15.79639482460254,2.5123559492584,-25.421773564195803,6.171016085009264,0.6030826968696699,33.14234024731675,dbscl-sentinel-1-2023\dbscl-sentinel-1_2023-03\S1_2023-03-10_22-54-04\S1A_IW_GRDH_1SDV_20230310T225404_20230310T225429_047588_05B701_9FA7_metadata.json
2023-03-11 11:19:16,102.56705063535476,105.1100894799929,6.95803200118617,8.921414265081564,-16.69607989221087,2.488808243696363,-26.984660092860327,6.407499691561315,0.6122196476681947,45.92518422035932,dbscl-sentinel-1-2023\dbscl-sentinel-1_2023-03\S1_2023-03-11_11-19-16\S1A_IW_GRDH_1SDV_20230311T111916_20230311T111941_047596_05B74B_CD2E_metadata.json
2023-03-11 11:19:41,102.25632252864722,104.8073134534948,8.470227917884742,10.429674020296387,-15.134724063691356,2.641774721590191,-23.690725740686748,6.578722386695978,0.55196328612293,44.85001106586779,dbscl-sentinel-1-2023\dbscl-sentinel-1_2023-03\S1_2023-03-11_11-19-41\S1A_IW_GRDH_1SDV_20230311T111941_20230311T112006_047596_05B74B_C73E_metadata.json
2023-03-11 11:20:06,101.94574636950615,104.50661307568986,9.982535069060075,11.93845760262481,-14.692219720045848,2.5624390393486207,-23.12476498536757,6.2596744547240855,0.568249555933392,43.68377862980687,dbscl-sentinel-1-2023\dbscl-sentinel-1_2023-03\S1_2023-03-11_11-20-06\S1A_IW_GRDH_1SDV_20230311T112006_20230311T112031_047596_05B74B_47A0_metadata.json
2023-03-12 22:37:31,106.58574180012089,109.17848719413142,9.74370881102132,11.757085911633611,-17.96185829711794,1.7002653635149767,-29.201225543470443,6.722491050765555,0.6155170540865931,45.63808161086281,dbscl-sentinel-1-2023\dbscl-sentinel-1_2023-03\S1_2023-03-12_22-37-31\S1A_IW_GRDH_1SDV_20230312T223731_20230312T223759_047617_05B806_4A28_metadata.json
2023-03-13 11:03:30,106.11834793234922,108.7007020152012,9.463568283073087,11.66192309504584,-15.717384572396794,2.611691991894318,-24.315231095553216,7.119538049240379,0.5421366608960989,31.805431215532533,dbscl-sentinel-1-2023\dbscl-sentinel-1_2023-03\S1_2023-03-13_11-03-30\S1A_IW_GRDH_1SDV_20230313T110330_20230313T110359_047625_05B84C_83E5_metadata.json
2023-03-17 22:45:33,104.70716773461837,107.26327067584111,10.517593456511683,12.47126264884945,-15.66681838131645,2.4680190015326504,-25.430384807776523,5.903251954856611,0.6165235880906625,38.10887547666709,dbscl-sentinel-1-2023\dbscl-sentinel-1_2023-03\S1_2023-03-17_22-45-33\S1A_IW_GRDH_1SDV_20230317T224533_20230317T224558_047690_05BA80_6381_metadata.json
2023-03-17 22:45:58,104.40748726484247,106.95944627090844,9.00530604242665,10.962952708123016,-16.3138734806043,2.5653708839111284,-25.767604200631325,6.86014276057739,0.5704140840849573,38.75978700502867,dbscl-sentinel-1-2023\dbscl-sentinel-1_2023-03\S1_2023-03-17_22-45-58\S1A_IW_GRDH_1SDV_20230317T224558_20230317T224623_047690_05BA80_F958_metadata.json
2023-03-17 22:46:23,104.17623531709532,106.64882318759874,7.967122303019158,9.45454846860324,-17.661678921940315,2.5387109374127856,-28.1758467019881,7.147511141892499,0.5899682593898655,41.014000615882125,dbscl-sentinel-1-2023\dbscl-sentinel-1_2023-03\S1_2023-03-17_22-46-23\S1A_IW_GRDH_1SDV_20230317T224623_20230317T224642_047690_05BA80_499E_metadata.json
2023-03-18 11:11:15,104.41624476422072,106.98835911197683,7.73542242362097,9.93669232585968,-17.82439145934805,2.539878653022412,-28.31229366662328,7.336489252072835,0.5827318185712761,38.56878584570775,dbscl-sentinel-1-2023\dbscl-sentinel-1_2023-03\S1_2023-03-18_11-11-15\S1A_IW_GRDH_1SDV_20230318T111115_20230318T111144_047698_05BACC_98EE_metadata.json
2023-03-18 11:11:44,104.10827608884792,106.66291276360892,9.488328911178169,11.444783085202229,-16.107564824883127,2.578483944320697,-25.6035176642445,6.61161198552162,0.5807022737225315,40.32435681347814,dbscl-sentinel-1-2023\dbscl-sentinel-1_2023-03\S1_2023-03-18_11-11-44\S1A_IW_GRDH_1SDV_20230318T111144_20230318T111209_047698_05BACC_E6CC_metadata.json
2023-03-22 22:54:04,102.44316481985685,104.9885243483628,9.59115295149053,11.385936178925018,-16.028815258038545,2.50301077281888,-25.745049119102134,6.312581396974892,0.5958213242419726,33.14106369887085,dbscl-sentinel-1-2023\dbscl-sentinel-1_2023-03\S1_2023-03-22_22-54-04\S1A_IW_GRDH_1SDV_20230322T225404_20230322T225429_047763_05BCEE_4CDA_metadata.json
2023-03-23 11:19:16,102.56759165842674,105.11046722110612,6.957977818140532,8.921292475431839,-16.531521940585158,2.503246925151154,-26.63293245100232,6.43011143016797,0.6033952469965623,45.923270911445606,dbscl-sentinel-1-2023\dbscl-sentinel-1_2023-03\S1_2023-03-23_11-19-16\S1A_IW_GRDH_1SDV_20230323T111916_20230323T111941_047771_05BD30_E6F6_metadata.json
2023-03-23 11:19:41,102.2568958580507,104.80788157786507,8.470125858553203,10.429573682729629,-15.11495115005869,2.621612234366432,-23.68342859529995,6.546473704817351,0.5532800837746673,44.85215444478773,dbscl-sentinel-1-2023\dbscl-sentinel-1_2023-03\S1_2023-03-23_11-19-41\S1A_IW_GRDH_1SDV_20230323T111941_20230323T112006_047771_05BD30_76CF_metadata.json
2023-03-23 11:20:06,101.9463542003963,104.50728326470968,9.982439672748397,11.9383906383542,-14.632902599778564,2.55836288796696,-23.02482470362705,6.240980495930109,0.5676328914843874,43.685422725953984,dbscl-sentinel-1-2023\dbscl-sentinel-1_2023-03\S1_2023-03-23_11-20-06\S1A_IW_GRDH_1SDV_20230323T112006_20230323T112031_047771_05BD30_4927_metadata.json
2023-03-24 22:37:31,106.5850853417708,109.17790317077748,9.743028756121497,11.757021130248097,-18.117063335137495,2.4721373853961426,-29.64843076456476,6.585695905710323,0.6254073294923272,45.63596868791748,dbscl-sentinel-1-2023\dbscl-sentinel-1_2023-03\S1_2023-03-24_22-37-31\S1A_IW_GRDH_1SDV_20230324T223731_20230324T223759_047792_05BDEB_4DB3_metadata.json
2023-03-25 11:03:31,106.11767682023066,108.70003656796884,9.463164618920066,11.662017083588534,-15.842955348316126,2.614186838506508,-24.6737967582828,7.012113938349514,0.5463078478995623,31.8078472797112,dbscl-sentinel-1-2023\dbscl-sentinel-1_2023-03\S1_2023-03-25_11-03-31\S1A_IW_GRDH_1SDV_20230325T110331_20230325T110400_047800_05BE33_B47D_metadata.json
2023-03-29 22:45:33,104.70740364755918,107.26365344362232,10.51759941080952,12.471303030003533,-15.882705731294395,2.530329185156374,-25.550718421239992,6.21469304134878,0.6088525587852399,38.10938561339346,dbscl-sentinel-1-2023\dbscl-sentinel-1_2023-03\S1_2023-03-29_22-45-33\S1A_IW_GRDH_1SDV_20230329T224533_20230329T224558_047865_05C067_6098_metadata.json
2023-03-29 22:45:58,104.40773558650456,106.95969677383177,9.0053150977319,10.96292388952154,-16.431418930908155,2.718919316957023,-25.85509459591616,7.007743265900132,0.5645045556905636,38.76018142859349,dbscl-sentinel-1-2023\dbscl-sentinel-1_2023-03\S1_2023-03-29_22-45-58\S1A_IW_GRDH_1SDV_20230329T224558_20230329T224623_047865_05C067_2DFB_metadata.json
2023-03-29 22:46:23,104.17623717919273,106.64902009301456,7.9673904296980655,9.454561281227186,-17.79212853026037,2.5253456371581997,-28.48862205595831,7.095635004562362,0.5958265105558113,41.01426807142102,dbscl-sentinel-1-2023\dbscl-sentinel-1_2023-03\S1_2023-03-29_22-46-23\S1A_IW_GRDH_1SDV_20230329T224623_20230329T224642_047865_05C067_EBA1_metadata.json
2023-03-30 11:11:16,104.41609972386183,106.9882094763974,7.735341238739856,9.936450041861852,-18.069035431190137,2.5260712305409108,-28.915051092958223,7.223019769421887,0.5934636645992896,38.569976271220725,dbscl-sentinel-1-2023\dbscl-sentinel-1_2023-03\S1_2023-03-30_11-11-16\S1A_IW_GRDH_1SDV_20230330T111116_20230330T111145_047873_05C0A3_AEB3_metadata.json
2023-03-30 11:11:45,104.1081374735294,106.66275677649632,9.488338121621153,11.44499189521034,-16.334466239444072,2.572865553135443,-25.791478751387885,6.877453727500259,0.5721309686461941,40.32532468418327,dbscl-sentinel-1-2023\dbscl-sentinel-1_2023-03\S1_2023-03-30_11-11-45\S1A_IW_GRDH_1SDV_20230330T111145_20230330T111210_047873_05C0A3_DCBD_metadata.json
2023-04-03 22:54:05,102.4414188040614,104.9867479688164,9.591475207750404,11.38593550600774,-15.689998950072615,2.554419911990219,-24.944986236376025,6.435011663769123,0.5823868580930375,33.14422847999355,dbscl-sentinel-1-2023\dbscl-sentinel-1_2023-04\S1_2023-04-03_22-54-05\S1A_IW_GRDH_1SDV_20230403T225405_20230403T225429_047938_05C2CF_E53D_metadata.json
2023-04-04 11:19:17,102.56725884882064,105.11032750853828,6.958073112477286,8.921319635300117,-16.152560880075697,2.493014022613827,-26.0972177297878,6.207904030363593,0.6088446570031639,45.975978208257615,dbscl-sentinel-1-2023\dbscl-sentinel-1_2023-04\S1_2023-04-04_11-19-17\S1A_IW_GRDH_1SDV_20230404T111917_20230404T111942_047946_05C319_FFA7_metadata.json
2023-04-04 11:19:42,102.25690921772636,104.8074863839232,8.470231146023261,10.429626447581752,-15.060011322132857,3.1540679300425647,-23.55837000295463,6.561652641311126,0.5504342909217675,45.00151797779749,dbscl-sentinel-1-2023\dbscl-sentinel-1_2023-04\S1_2023-04-04_11-19-42\S1A_IW_GRDH_1SDV_20230404T111942_20230404T112007_047946_05C319_B635_metadata.json
2023-04-04 11:20:07,101.94611023175996,104.50681783806836,9.982550824542349,11.938433331813332,-14.592725419468469,2.5518449164858743,-22.978152935354814,6.207297903582286,0.568820975793552,43.81382798288116,dbscl-sentinel-1-2023\dbscl-sentinel-1_2023-04\S1_2023-04-04_11-20-07\S1A_IW_GRDH_1SDV_20230404T112007_20230404T112032_047946_05C319_3BA1_metadata.json
2023-04-05 22:37:31,106.5859823521419,109.17855515029244,9.743363310572704,11.756957678295027,-18.29528611164781,2.474121993129446,-29.96730933379657,6.623262889498903,0.6242432961502868,45.63865592042658,dbscl-sentinel-1-2023\dbscl-sentinel-1_2023-04\S1_2023-04-05_22-37-31\S1A_IW_GRDH_1SDV_20230405T223731_20230405T223759_047967_05C3D3_08F7_metadata.json
2023-04-06 11:03:31,106.11847919425308,108.70105744044858,9.461883456573585,11.662023468668307,-15.936849122522638,2.615485753428173,-24.68996449269592,7.183733752349205,0.5396394360587312,31.80460347776833,dbscl-sentinel-1-2023\dbscl-sentinel-1_2023-04\S1_2023-04-06_11-03-31\S1A_IW_GRDH_1SDV_20230406T110331_20230406T110400_047975_05C415_8449_metadata.json
2023-04-10 22:45:34,104.70488800306369,107.26127684760888,10.517874637230053,12.471234191075249,-16.32386939653661,2.566748759291683,-25.68190053425053,6.965838258822737,0.5708411490582852,38.095671187698045,dbscl-sentinel-1-2023\dbscl-sentinel-1_2023-04\S1_2023-04-10_22-45-34\S1A_IW_GRDH_1SDV_20230410T224534_20230410T224559_048040_05C650_EEAB_metadata.json
2023-04-10 22:45:59,104.405297327494,106.95714437695489,9.005335996648462,10.962964250376338,-16.68827261030345,2.5887934597356086,-26.28131232629668,7.095232894310153,0.5649938910287519,38.74773681206565,dbscl-sentinel-1-2023\dbscl-sentinel-1_2023-04\S1_2023-04-10_22-45-59\S1A_IW_GRDH_1SDV_20230410T224559_20230410T224624_048040_05C650_1C91_metadata.json
2023-04-10 22:46:24,104.17423198044092,106.64643389085523,7.968363575549835,9.454515793385353,-17.93638466367884,2.5166721905571268,-28.89355619353848,6.979213133819092,0.604491939765814,41.00283831754006,dbscl-sentinel-1-2023\dbscl-sentinel-1_2023-04\S1_2023-04-10_22-46-24\S1A_IW_GRDH_1SDV_20230410T224624_20230410T224643_048040_05C650_D485_metadata.json
2023-04-11 11:11:16,104.41463325217016,106.98694618115422,7.73443525285337,9.936429427177432,-18.088250533117066,2.5305899731886767,-28.884595375847464,7.291905690386612,0.5897991544163435,38.57783263618976,dbscl-sentinel-1-2023\dbscl-sentinel-1_2023-04\S1_2023-04-11_11-11-16\S1A_IW_GRDH_1SDV_20230411T111116_20230411T111145_048048_05C699_B75D_metadata.json
2023-04-11 11:11:45,104.10699753610012,106.66129424531272,9.48833337060174,11.44496625272346,-16.536372983683595,2.5840737341639373,-25.88171377650816,7.191032190858893,0.5565845867226092,40.33314070344888,dbscl-sentinel-1-2023\dbscl-sentinel-1_2023-04\S1_2023-04-11_11-11-45\S1A_IW_GRDH_1SDV_20230411T111145_20230411T111210_048048_05C699_4EFB_metadata.json
2023-04-15 22:54:05,102.44089158481974,104.98639761623778,9.591716999131163,11.385957156914204,-14.410014975694258,2.569476398363145,-22.683835974074288,6.136193977314285,0.5628952853291902,33.14527000761889,dbscl-sentinel-1-2023\dbscl-sentinel-1_2023-04\S1_2023-04-15_22-54-05\S1A_IW_GRDH_1SDV_20230415T225405_20230415T225430_048113_05C8BB_1A5F_metadata.json
2023-04-16 11:19:17,102.56679829304682,105.10968443970847,6.958008429182002,8.921414097195179,-16.19883218760765,2.4912025129953195,-26.20839946424059,6.189264910974643,0.6103709690408772,45.927209280865625,dbscl-sentinel-1-2023\dbscl-sentinel-1_2023-04\S1_2023-04-16_11-19-17\S1A_IW_GRDH_1SDV_20230416T111917_20230416T111942_048121_05C905_57B9_metadata.json
2023-04-16 11:19:42,102.255939204671,104.80680454760184,8.470249349885652,10.42957724615836,-15.003113025570231,2.606919284349776,-23.44878428050701,6.557441770633422,0.5499348771895236,44.84953458393238,dbscl-sentinel-1-2023\dbscl-sentinel-1_2023-04\S1_2023-04-16_11-19-42\S1A_IW_GRDH_1SDV_20230416T111942_20230416T112007_048121_05C905_4FDE_metadata.json
2023-04-16 11:20:07,101.94538982226692,104.50613574225925,9.982474207950238,11.9384735408423,-14.60886660296329,2.567469239558537,-22.971464696945677,6.246268508980845,0.5666636888404918,43.683795182157226,dbscl-sentinel-1-2023\dbscl-sentinel-1_2023-04\S1_2023-04-16_11-20-07\S1A_IW_GRDH_1SDV_20230416T112007_20230416T112032_048121_05C905_339D_metadata.json
2023-04-18 11:03:31,106.11899805197702,108.70139102574572,9.462704996239138,11.662090779928675,-15.821438295578272,2.6181071137498386,-24.35141612435297,7.291460466803578,0.5293971080240648,31.80550597767313,dbscl-sentinel-1-2023\dbscl-sentinel-1_2023-04\S1_2023-04-18_11-03-31\S1A_IW_GRDH_1SDV_20230418T110331_20230418T110400_048150_05CA02_6297_metadata.json
2023-04-22 22:45:34,104.70645154394364,107.2629679974932,10.517595492435111,12.471234045337674,-16.91000524683168,2.654426407917222,-26.02052674046054,7.799483753202824,0.5371576334377354,38.101739579393126,dbscl-sentinel-1-2023\dbscl-sentinel-1_2023-04\S1_2023-04-22_22-45-34\S1A_IW_GRDH_1SDV_20230422T224534_20230422T224559_048215_05CC26_6DD6_metadata.json
2023-04-22 22:45:59,104.40669523166773,106.95885041552413,9.005257905458176,10.962949558304745,-16.74508968825454,2.799570269554992,-26.096755376592544,7.393423999916598,0.5480029156119477,38.75295945892304,dbscl-sentinel-1-2023\dbscl-sentinel-1_2023-04\S1_2023-04-22_22-45-59\S1A_IW_GRDH_1SDV_20230422T224559_20230422T224624_048215_05CC26_578A_metadata.json
2023-04-22 22:46:24,104.17580393185848,106.6482562197332,7.968268057112525,9.45444402237103,-17.883291328507607,2.5262031337200126,-28.63457527679848,7.132007380216817,0.5940044918140462,41.00768036853157,dbscl-sentinel-1-2023\dbscl-sentinel-1_2023-04\S1_2023-04-22_22-46-24\S1A_IW_GRDH_1SDV_20230422T224624_20230422T224643_048215_05CC26_0E7D_metadata.json
2023-04-23 11:11:17,104.41601170495062,106.98809155173656,7.734809760833988,9.936887772376013,-18.050853586286884,2.5442172918737147,-28.649647275273637,7.452059897300072,0.5796692179449142,38.57325556444466,dbscl-sentinel-1-2023\dbscl-sentinel-1_2023-04\S1_2023-04-23_11-11-17\S1A_IW_GRDH_1SDV_20230423T111117_20230423T111146_048223_05CC6E_BD11_metadata.json
2023-04-23 11:11:46,104.10804361579204,106.66246801172048,9.488528260475425,11.445147823678573,-16.653834863419522,2.603800583618012,-25.90972023713368,7.397949489705342,0.5478521792264376,40.32981202922961,dbscl-sentinel-1-2023\dbscl-sentinel-1_2023-04\S1_2023-04-23_11-11-46\S1A_IW_GRDH_1SDV_20230423T111146_20230423T111211_048223_05CC6E_A891_metadata.json
2023-04-27 22:54:06,102.4427441223139,104.98801566314664,9.592094921770398,11.386093641643535,-15.97846144437404,2.4011569943626143,-25.295398781935088,6.661524106813104,0.573678080952387,33.137035809076416,dbscl-sentinel-1-2023\dbscl-sentinel-1_2023-04\S1_2023-04-27_22-54-06\S1A_IW_GRDH_1SDV_20230427T225406_20230427T225430_048288_05CE97_9ECB_metadata.json
2023-04-28 11:19:18,102.56728984446548,105.10989855779596,6.958336944657317,8.921457463764918,-16.732889023876183,2.47287107496282,-27.210316292743023,6.255461755009254,0.6216657345314884,45.92927032007711,dbscl-sentinel-1-2023\dbscl-sentinel-1_2023-04\S1_2023-04-28_11-19-18\S1A_IW_GRDH_1SDV_20230428T111918_20230428T111943_048296_05CEE1_118E_metadata.json
2023-04-28 11:19:43,102.25657854439602,104.80717507367072,8.470652594033409,10.430028492077891,-15.041704029474158,2.5843783854005165,-23.47537574929728,6.608032309651008,0.5465476620124953,44.856460861628776,dbscl-sentinel-1-2023\dbscl-sentinel-1_2023-04\S1_2023-04-28_11-19-43\S1A_IW_GRDH_1SDV_20230428T111943_20230428T112008_048296_05CEE1_BC53_metadata.json
2023-04-28 11:20:08,101.94601950552104,104.5066071212325,9.98324266742964,11.938865210404543,-14.55842072345568,2.576251059960415,-22.89697677614122,6.219864670770221,0.5667597746173706,43.689513372892456,dbscl-sentinel-1-2023\dbscl-sentinel-1_2023-04\S1_2023-04-28_11-20-08\S1A_IW_GRDH_1SDV_20230428T112008_20230428T112033_048296_05CEE1_4BEA_metadata.json
2023-04-30 11:03:32,106.11793575439316,108.69992292641037,9.46290731849989,11.66225305257351,-16.03292391733513,2.63478870715788,-24.503034926929864,7.562812907740521,0.5240784383899749,31.81409882864604,dbscl-sentinel-1-2023\dbscl-sentinel-1_2023-04\S1_2023-04-30_11-03-32\S1A_IW_GRDH_1SDV_20230430T110332_20230430T110401_048325_05CFDF_1CD5_metadata.json
2023-05-04 22:45:34,104.70565482132795,107.26231691560548,10.517818403337214,12.47116624597787,-17.3988758761775,2.652557449078776,-26.445870324213328,8.351881428141605,0.5204920694678398,38.09574802967587,dbscl-sentinel-1-2023\dbscl-sentinel-1_2023-05\S1_2023-05-04_22-45-34\S1A_IW_GRDH_1SDV_20230504T224534_20230504T224559_048390_05D208_FC4C_metadata.json
2023-05-04 22:45:59,104.40604547989322,106.95814629027484,9.005268888695142,10.962858519640374,-16.97431864626105,2.6084136014422765,-26.442087317642294,7.506549974879832,0.5473843320532006,38.74729270708357,dbscl-sentinel-1-2023\dbscl-sentinel-1_2023-05\S1_2023-05-04_22-45-59\S1A_IW_GRDH_1SDV_20230504T224559_20230504T224624_048390_05D208_74DC_metadata.json
2023-05-04 22:46:24,104.17494001259143,106.64758976677275,7.968028041992516,9.454546098587173,-18.04107199016581,2.523105869388119,-28.93061032746082,7.151533652870699,0.5949074459087319,41.00220140944883,dbscl-sentinel-1-2023\dbscl-sentinel-1_2023-05\S1_2023-05-04_22-46-24\S1A_IW_GRDH_1SDV_20230504T224624_20230504T224644_048390_05D208_E216_metadata.json
2023-05-05 11:11:17,104.41544957532363,106.98769507667006,7.733834482294186,9.936550059543622,-17.860127198415466,2.552075845522608,-28.24038287816927,7.479871518661722,0.57177274677643,38.57540930529306,dbscl-sentinel-1-2023\dbscl-sentinel-1_2023-05\S1_2023-05-05_11-11-17\S1A_IW_GRDH_1SDV_20230505T111117_20230505T111146_048398_05D24F_7C55_metadata.json
2023-05-05 11:11:46,104.107647712313,106.66187114243704,9.48855168010995,11.4451114264494,-16.750064913640816,2.6095409347732272,-25.99195781563086,7.508172011650735,0.5427484192716568,40.3340324902461,dbscl-sentinel-1-2023\dbscl-sentinel-1_2023-05\S1_2023-05-05_11-11-46\S1A_IW_GRDH_1SDV_20230505T111146_20230505T111211_048398_05D24F_1AEF_metadata.json
2023-05-10 11:19:18,102.56833091772346,105.11089876061234,6.958380742580737,8.921703215001044,-16.266796955822418,2.4954956663596346,-26.30802043329208,6.225573478352722,0.6096889737972179,45.97793554758466,dbscl-sentinel-1-2023\dbscl-sentinel-1_2023-05\S1_2023-05-10_11-19-18\S1A_IW_GRDH_1SDV_20230510T111918_20230510T111943_048471_05D4A8_DC9F_metadata.json
2023-05-10 11:19:43,102.25744779736536,104.808147920267,8.470595775996374,10.429967748405836,-14.79040303089905,2.750913517897259,-23.07643857057848,6.504367491219585,0.5463889939002863,45.00830407227874,dbscl-sentinel-1-2023\dbscl-sentinel-1_2023-05\S1_2023-05-10_11-19-43\S1A_IW_GRDH_1SDV_20230510T111943_20230510T112008_048471_05D4A8_D518_metadata.json
2023-05-10 11:20:08,101.9469057874973,104.50748358435584,9.982928221865423,11.938815373297412,-14.444153702387869,2.560807561505528,-22.73580746786084,6.152499936914944,0.5681927779297571,43.81884983940585,dbscl-sentinel-1-2023\dbscl-sentinel-1_2023-05\S1_2023-05-10_11-20-08\S1A_IW_GRDH_1SDV_20230510T112008_20230510T112033_048471_05D4A8_8AA4_metadata.json
2023-05-12 11:03:32,106.1182553402731,108.7006317820521,9.462914422316432,11.662327348660268,-15.382168994762289,2.702084849073972,-23.661298010264936,7.103039979259625,0.5228680578953472,31.81254227643265,dbscl-sentinel-1-2023\dbscl-sentinel-1_2023-05\S1_2023-05-12_11-03-32\S1A_IW_GRDH_1SDV_20230512T110332_20230512T110401_048500_05D588_1793_metadata.json
2023-05-17 11:11:18,104.41522202401288,106.98767543761358,7.733415190466122,9.936915618263962,-17.68313168807011,2.5731488668287703,-27.81199882078984,7.554264555350354,0.5641887972730917,38.57563237082153,dbscl-sentinel-1-2023\dbscl-sentinel-1_2023-05\S1_2023-05-17_11-11-18\S1A_IW_GRDH_1SDV_20230517T111118_20230517T111147_048573_05D7A4_F0C1_metadata.json
2023-05-17 11:11:47,104.10760995663296,106.66162897679692,9.488581550666796,11.445143236243512,-16.29015188368437,2.5601089797732284,-25.50106545624457,7.079238311124247,0.5553536460385907,40.33521843051567,dbscl-sentinel-1-2023\dbscl-sentinel-1_2023-05\S1_2023-05-17_11-11-47\S1A_IW_GRDH_1SDV_20230517T111147_20230517T111212_048573_05D7A4_CDE0_metadata.json
2023-05-22 11:19:19,102.56730998288327,105.1099587785584,6.958264561432296,8.921585013668398,-15.957720717809154,2.550047899578195,-25.219342524856213,6.6960989107620446,0.5733896472649501,45.97846713481471,dbscl-sentinel-1-2023\dbscl-sentinel-1_2023-05\S1_2023-05-22_11-19-19\S1A_IW_GRDH_1SDV_20230522T111919_20230522T111944_048646_05D9D6_1AFA_metadata.json
2023-05-22 11:19:44,102.25668908889584,104.80736901917288,8.470527673376154,10.429815941880022,-14.655500292971992,2.621364045907637,-22.674941703447924,6.636058882496084,0.5337449334131945,45.004154416182175,dbscl-sentinel-1-2023\dbscl-sentinel-1_2023-05\S1_2023-05-22_11-19-44\S1A_IW_GRDH_1SDV_20230522T111944_20230522T112009_048646_05D9D6_ED80_metadata.json
2023-05-22 11:20:09,101.9461419250132,104.50681668272428,9.98274611585082,11.938715730970555,-14.046511054566116,2.5915453755362226,-21.877789203405577,6.215232905726732,0.5510554058830643,43.815933581327776,dbscl-sentinel-1-2023\dbscl-sentinel-1_2023-05\S1_2023-05-22_11-20-09\S1A_IW_GRDH_1SDV_20230522T112009_20230522T112034_048646_05D9D6_F75A_metadata.json
2023-05-23 22:37:33,106.58591158036046,109.17864796626736,9.743061716946874,11.756969694978803,-17.416252593625885,2.5255081039156617,-28.02469800941893,6.8078071778328,0.5942805972362609,45.63685349850067,dbscl-sentinel-1-2023\dbscl-sentinel-1_2023-05\S1_2023-05-23_22-37-33\S1A_IW_GRDH_1SDV_20230523T223733_20230523T223801_048667_05DA79_95D9_metadata.json
2023-05-24 11:03:33,106.11922872563444,108.70177835118112,9.46138189962454,11.662256442567315,-15.320393512028616,2.656375114866272,-23.335549275771708,7.30523774828545,0.5107741177359055,31.8077025893037,dbscl-sentinel-1-2023\dbscl-sentinel-1_2023-05\S1_2023-05-24_11-03-33\S1A_IW_GRDH_1SDV_20230524T110333_20230524T110402_048675_05DAB8_E54A_metadata.json
2023-05-29 11:11:18,104.414991186801,106.9870250074069,7.734759083326506,9.936928909713858,-17.252171139132603,2.5902716453736323,-27.120460919166465,7.383881359098665,0.560631832461637,38.580056665788895,dbscl-sentinel-1-2023\dbscl-sentinel-1_2023-05\S1_2023-05-29_11-11-18\S1A_IW_GRDH_1SDV_20230529T111118_20230529T111147_048748_05DCD7_B0B9_metadata.json
2023-05-29 11:11:47,104.10732696661168,106.66145311001652,9.48856990450733,11.444952000441008,-16.178390990957855,2.585617728921381,-25.375086660577463,6.981695321338148,0.5552160369857849,40.33504969361714,dbscl-sentinel-1-2023\dbscl-sentinel-1_2023-05\S1_2023-05-29_11-11-47\S1A_IW_GRDH_1SDV_20230529T111147_20230529T111212_048748_05DCD7_5227_metadata.json
2023-06-03 11:19:20,102.56740542151994,105.11020224909582,6.958365730069168,8.921635610092276,-15.995230817382094,2.5444466323278943,-25.329660125604725,6.660801509159355,0.5762347234795483,45.97938204922463,dbscl-sentinel-1-2023\dbscl-sentinel-1_2023-06\S1_2023-06-03_11-19-20\S1A_IW_GRDH_1SDV_20230603T111920_20230603T111945_048821_05DF09_71CA_metadata.json
2023-06-03 11:19:45,102.2567614755198,104.80745984772766,8.470570601347319,10.429899485376405,-14.529868574577112,2.655476770148867,-22.40464766699089,6.655089482163291,0.5252730414543838,45.00555932919041,dbscl-sentinel-1-2023\dbscl-sentinel-1_2023-06\S1_2023-06-03_11-19-45\S1A_IW_GRDH_1SDV_20230603T111945_20230603T112010_048821_05DF09_85CE_metadata.json
2023-06-03 11:20:10,101.9462380496628,104.50681286120164,9.982857733973374,11.938737055246104,-14.32699347806838,2.582706025066702,-22.35416435394649,6.29982260219013,0.55415606820362,43.81724858597245,dbscl-sentinel-1-2023\dbscl-sentinel-1_2023-06\S1_2023-06-03_11-20-10\S1A_IW_GRDH_1SDV_20230603T112010_20230603T112035_048821_05DF09_BD78_metadata.json
2023-06-05 11:03:33,106.11938699429868,108.7016579123214,9.461356508349189,11.66225771417081,-15.300818467669249,2.664158414811266,-23.24650785967701,7.355129075661596,0.5032528521438302,31.809741146449007,dbscl-sentinel-1-2023\dbscl-sentinel-1_2023-06\S1_2023-06-05_11-03-33\S1A_IW_GRDH_1SDV_20230605T110333_20230605T110402_048850_05DFEE_94D6_metadata.json
2023-06-10 11:11:19,104.5701109963776,106.98757832340422,7.734230897981001,9.313998319098705,-16.522391842870338,2.4988964258773514,-26.64461886398793,6.40016482175285,0.6056849734290676,36.39128082289244,dbscl-sentinel-1-2023\dbscl-sentinel-1_2023-06\S1_2023-06-10_11-11-19\S1A_IW_GRDH_1SDV_20230610T111119_20230610T111138_048923_05E221_DE3F_metadata.json
2023-06-14 22:54:08,102.4421753522126,104.98771291329756,9.59039682320214,11.385962695839051,-16.33112554795711,2.515016913200969,-25.44574629280529,7.216504803108688,0.5484350724391146,33.138258714624484,dbscl-sentinel-1-2023\dbscl-sentinel-1_2023-06\S1_2023-06-14_22-54-08\S1A_IW_GRDH_1SDV_20230614T225408_20230614T225433_048988_05E421_1915_metadata.json
2023-06-15 11:19:20,102.56733257293878,105.11018770687328,6.9582828884535965,8.92163755857456,-15.806921663902507,2.535792634687493,-25.08134923374681,6.532494094058194,0.5812329738609641,45.92752198301733,dbscl-sentinel-1-2023\dbscl-sentinel-1_2023-06\S1_2023-06-15_11-19-20\S1A_IW_GRDH_1SDV_20230615T111920_20230615T111945_048996_05E45E_815B_metadata.json
2023-06-15 11:19:45,102.2569394298094,104.80743687344118,8.470519937733966,10.429920256400976,-14.569637212453138,-4.180390735558436,-22.52135051129296,6.617923913613335,0.5313134903065363,44.8552816158472,dbscl-sentinel-1-2023\dbscl-sentinel-1_2023-06\S1_2023-06-15_11-19-45\S1A_IW_GRDH_1SDV_20230615T111945_20230615T112010_048996_05E45E_C7B9_metadata.json
2023-06-15 11:20:10,101.9461196352517,104.50677517921636,9.98285260798263,11.9387735333335,-14.243036394143974,2.582686357843001,-22.215921530856303,6.270151257431544,0.5539318877073125,43.68866892864816,dbscl-sentinel-1-2023\dbscl-sentinel-1_2023-06\S1_2023-06-15_11-20-10\S1A_IW_GRDH_1SDV_20230615T112010_20230615T112035_048996_05E45E_5C3D_metadata.json
2023-06-17 11:03:34,106.11804925128408,108.70053236818484,9.46319076104705,11.662216224561876,-15.324459109190096,2.6484964663496355,-23.311827576574927,7.33709064180531,0.5094438871018009,31.81822457879886,dbscl-sentinel-1-2023\dbscl-sentinel-1_2023-06\S1_2023-06-17_11-03-34\S1A_IW_GRDH_1SDV_20230617T110334_20230617T110403_049025_05E543_114F_metadata.json
2023-06-21 22:45:36,104.70787111399002,107.26403359646515,10.517824805202398,12.47118836603715,-15.99891709793486,-22.162609679898694,-25.73060878391432,6.26722541195539,0.5968123309249992,38.11117837028344,dbscl-sentinel-1-2023\dbscl-sentinel-1_2023-06\S1_2023-06-21_22-45-36\S1A_IW_GRDH_1SDV_20230621T224536_20230621T224601_049090_05E737_0FDE_metadata.json
2023-06-21 22:46:01,104.40815958161262,106.96020075302228,9.005220518360007,10.96291126051058,-16.35875325185566,2.608137874735831,-25.51064523308061,7.206861270630873,0.5446585809910103,38.76165778575071,dbscl-sentinel-1-2023\dbscl-sentinel-1_2023-06\S1_2023-06-21_22-46-01\S1A_IW_GRDH_1SDV_20230621T224601_20230621T224626_049090_05E737_A5BF_metadata.json
2023-06-21 22:46:26,104.17675546391112,106.64960730218328,7.967133566116187,9.454423255680537,-17.88313058274499,2.562589367407597,-28.443211776562844,7.323049388926886,0.5818798101069583,41.0159798625786,dbscl-sentinel-1-2023\dbscl-sentinel-1_2023-06\S1_2023-06-21_22-46-26\S1A_IW_GRDH_1SDV_20230621T224626_20230621T224646_049090_05E737_B52D_metadata.json
2023-06-22 11:11:19,104.41705088212926,106.9891950370002,7.733838402198929,9.93670576082527,-17.779379287752306,2.6043079647082337,-27.70345724944793,7.855301326056708,0.551079181295401,38.54929120844606,dbscl-sentinel-1-2023\dbscl-sentinel-1_2023-06\S1_2023-06-22_11-11-19\S1A_IW_GRDH_1SDV_20230622T111119_20230622T111148_049098_05E76F_1F3A_metadata.json
2023-06-22 11:11:48,104.10944998171388,106.66364610243976,9.488562195995826,11.44514776911537,-16.297064289350796,2.57230355931019,-25.735790667640607,6.858337911060958,0.5670977703031133,40.26990048615554,dbscl-sentinel-1-2023\dbscl-sentinel-1_2023-06\S1_2023-06-22_11-11-48\S1A_IW_GRDH_1SDV_20230622T111148_20230622T111213_049098_05E76F_2B8E_metadata.json
2023-06-27 11:19:20,102.56937366403297,105.11200040930136,6.958305854919649,8.921682442114218,-15.942314874453668,2.5273184756537246,-25.431371926909065,6.4532578219983066,0.5877225684619296,45.92203259107559,dbscl-sentinel-1-2023\dbscl-sentinel-1_2023-06\S1_2023-06-27_11-19-20\S1A_IW_GRDH_1SDV_20230627T111920_20230627T111945_049171_05E9B4_46C9_metadata.json
2023-06-27 11:19:45,102.25869384037172,104.80938880935118,8.470579354148356,10.429953470004593,-14.707303038665207,2.624251400585854,-22.801598121007853,6.613007956322652,0.5353271491724303,44.86356804349948,dbscl-sentinel-1-2023\dbscl-sentinel-1_2023-06\S1_2023-06-27_11-19-45\S1A_IW_GRDH_1SDV_20230627T111945_20230627T112010_049171_05E9B4_A99E_metadata.json
2023-06-27 11:20:10,101.94812033398006,104.50861405340947,9.982856657996184,11.93889917137554,-14.381377755861406,2.5857504285677937,-22.462662795175973,6.3000927165469065,0.556094350415733,43.69527791179338,dbscl-sentinel-1-2023\dbscl-sentinel-1_2023-06\S1_2023-06-27_11-20-10\S1A_IW_GRDH_1SDV_20230627T112010_20230627T112035_049171_05E9B4_7AB1_metadata.json
2023-06-28 22:37:35,106.58782638342296,109.18085024182604,9.742484518049585,11.756778159124348,-17.722503364484634,2.538655686973689,-28.434250896273657,7.01075583269536,0.5889509653499577,45.6385801867109,dbscl-sentinel-1-2023\dbscl-sentinel-1_2023-06\S1_2023-06-28_22-37-35\S1A_IW_GRDH_1SDV_20230628T223735_20230628T223803_049192_05EA53_9867_metadata.json
2023-06-29 11:03:34,106.12015232019928,108.70238852095588,9.46233644973596,11.662239465295748,-15.040917765679184,2.705322309717644,-22.916464411299906,7.165371120058545,0.5115948617009823,31.81249894034743,dbscl-sentinel-1-2023\dbscl-sentinel-1_2023-06\S1_2023-06-29_11-03-34\S1A_IW_GRDH_1SDV_20230629T110334_20230629T110403_049200_05EA90_6271_metadata.json
2023-07-04 11:11:20,104.41600424421787,106.98785984661733,7.734861881500817,9.936940191116474,-17.63519589915479,2.6656306020558462,-27.637833118727603,7.632558679582023,0.5575300730428467,38.56207703156246,dbscl-sentinel-1-2023\dbscl-sentinel-1_2023-07\S1_2023-07-04_11-11-20\S1A_IW_GRDH_1SDV_20230704T111120_20230704T111149_049273_05ECCC_E987_metadata.json
2023-07-04 11:11:49,104.10810140166262,106.66251829814463,9.48860176549266,11.445155249871604,-16.127105370171126,2.577326033539514,-25.298023633885776,6.956187106456457,0.5570334760641048,40.276296096059774,dbscl-sentinel-1-2023\dbscl-sentinel-1_2023-07\S1_2023-07-04_11-11-49\S1A_IW_GRDH_1SDV_20230704T111149_20230704T111214_049273_05ECCC_DEC0_metadata.json
2023-07-09 11:19:22,102.56665067042636,105.10956685331094,6.958397872288141,8.92177354035724,-15.997229917208385,2.5164175585397093,-25.66529657140829,6.329163263008402,0.5952167016556363,45.98043011896673,dbscl-sentinel-1-2023\dbscl-sentinel-1_2023-07\S1_2023-07-09_11-19-22\S1A_IW_GRDH_1SDV_20230709T111922_20230709T111947_049346_05EF1B_BF5E_metadata.json
2023-07-09 11:19:47,102.25599386536656,104.80671184943635,8.47067605470105,10.429977270268903,-13.84341622821201,2.619643499084809,-21.20043519041085,6.486397266013233,0.5138484914350734,45.00186453360655,dbscl-sentinel-1-2023\dbscl-sentinel-1_2023-07\S1_2023-07-09_11-19-47\S1A_IW_GRDH_1SDV_20230709T111947_20230709T112012_049346_05EF1B_E4FD_metadata.json
2023-07-09 11:20:12,101.9454266523663,104.50604269307888,9.982884858256185,11.938896429687311,-13.622278758145056,2.6066374922916835,-21.1483376452915,6.096219870998594,0.5456021407944656,43.813433278786455,dbscl-sentinel-1-2023\dbscl-sentinel-1_2023-07\S1_2023-07-09_11-20-12\S1A_IW_GRDH_1SDV_20230709T112012_20230709T112037_049346_05EF1B_84CC_metadata.json
2023-07-10 22:37:36,106.58471251029177,109.17767671109448,9.74263502288043,11.75691165139694,-17.549781194862504,2.5215061895641573,-28.26284473569777,6.836717654027212,0.596841972026579,45.63283946426456,dbscl-sentinel-1-2023\dbscl-sentinel-1_2023-07\S1_2023-07-10_22-37-36\S1A_IW_GRDH_1SDV_20230710T223736_20230710T223804_049367_05EFBE_0500_metadata.json
2023-07-11 11:03:36,106.11750931172232,108.69984426544744,9.462415313996344,11.662363605382128,-15.32384592404676,2.585440718691987,-23.48879844210115,7.158893405992386,0.522112083651896,31.82111890942665,dbscl-sentinel-1-2023\dbscl-sentinel-1_2023-07\S1_2023-07-11_11-03-36\S1A_IW_GRDH_1SDV_20230711T110336_20230711T110405_049375_05EFFF_837F_metadata.json
2023-07-16 11:11:21,104.41504643137976,106.98695086568505,7.734347714389438,9.936978862599045,-16.78843136268026,2.5935865512461493,-26.393396965763245,7.183465759597319,0.5601157888908865,38.56719685559025,dbscl-sentinel-1-2023\dbscl-sentinel-1_2023-07\S1_2023-07-16_11-11-21\S1A_IW_GRDH_1SDV_20230716T111121_20230716T111150_049448_05F237_36B3_metadata.json
2023-07-16 11:11:50,104.10725402564914,106.66153596079413,9.48862006444886,11.445195577553733,-15.639094194878249,2.6057758331751057,-24.35130146581692,6.926886923939628,0.545365597963132,40.28071128125531,dbscl-sentinel-1-2023\dbscl-sentinel-1_2023-07\S1_2023-07-16_11-11-50\S1A_IW_GRDH_1SDV_20230716T111150_20230716T111215_049448_05F237_DAC7_metadata.json
2023-07-21 11:19:22,102.56753500805226,105.11017325386813,6.958296198566553,8.921663154731238,-15.74183649282921,2.49593227981312,-25.439708090742435,6.04396489491603,0.6083933630370536,45.9254853347821,dbscl-sentinel-1-2023\dbscl-sentinel-1_2023-07\S1_2023-07-21_11-19-22\S1A_IW_GRDH_1SDV_20230721T111922_20230721T111947_049521_05F46E_EBD0_metadata.json
2023-07-21 11:19:47,102.2568924526434,104.8076854945812,8.470557572229698,10.429874832418188,-14.380991160639766,2.6864455542141936,-22.120633225932608,6.641349095346919,0.5195994766541859,44.85485726860048,dbscl-sentinel-1-2023\dbscl-sentinel-1_2023-07\S1_2023-07-21_11-19-47\S1A_IW_GRDH_1SDV_20230721T111947_20230721T112012_049521_05F46E_46B3_metadata.json
2023-07-21 11:20:12,101.94634645120551,104.50702304509124,9.982849818065215,11.938793471023608,-14.092569333360055,2.5888223133661707,-21.96414001885057,6.220998647869582,0.5524635426598846,43.68850356713631,dbscl-sentinel-1-2023\dbscl-sentinel-1_2023-07\S1_2023-07-21_11-20-12\S1A_IW_GRDH_1SDV_20230721T112012_20230721T112037_049521_05F46E_713F_metadata.json
2023-07-22 22:37:37,106.58487653448066,109.17783104117858,9.74261020911509,11.756817546025683,-17.11273366243232,2.497797875491776,-27.89480996533881,6.330657359525686,0.6140828623167209,45.63297195781757,dbscl-sentinel-1-2023\dbscl-sentinel-1_2023-07\S1_2023-07-22_22-37-37\S1A_IW_GRDH_1SDV_20230722T223737_20230722T223805_049542_05F511_F856_metadata.json
2023-07-23 11:03:37,106.11754914769097,108.6998703649356,9.462336889183414,11.662300778200189,-15.161612582865992,2.6198347556087143,-23.25414086868143,7.069084297050601,0.5200032977839507,31.819939778162343,dbscl-sentinel-1-2023\dbscl-sentinel-1_2023-07\S1_2023-07-23_11-03-37\S1A_IW_GRDH_1SDV_20230723T110337_20230723T110406_049550_05F552_BC29_metadata.json
2023-07-28 11:11:22,104.41494819907231,106.98700149465904,7.734086806217278,9.93703456311009,-16.94759000501204,2.5863257083062305,-26.64816867462923,7.247011335394786,0.56216560189315,38.56315348996407,dbscl-sentinel-1-2023\dbscl-sentinel-1_2023-07\S1_2023-07-28_11-11-22\S1A_IW_GRDH_1SDV_20230728T111122_20230728T111151_049623_05F796_35E1_metadata.json
2023-07-28 11:11:51,104.10731943321768,106.66152687509386,9.48862829727115,11.445155250997772,-15.427701180482716,2.618525244903696,-23.94079772328268,6.914604637682798,0.5397706859702922,40.27980931962634,dbscl-sentinel-1-2023\dbscl-sentinel-1_2023-07\S1_2023-07-28_11-11-51\S1A_IW_GRDH_1SDV_20230728T111151_20230728T111216_049623_05F796_22F7_metadata.json
2023-08-03 22:37:38,106.58308810206331,109.175911037161,9.74290757389359,11.75683718471724,-17.514137149732157,2.4790277519717536,-28.6420481450818,6.386226154382316,0.6211378176153584,45.62934658418439,dbscl-sentinel-1-2023\dbscl-sentinel-1_2023-08\S1_2023-08-03_22-37-38\S1A_IW_GRDH_1SDV_20230803T223738_20230803T223806_049717_05FA7A_1DB0_metadata.json
2023-08-04 11:03:38,106.11652705260916,108.69886272663793,9.462064427338866,11.662350781154151,-15.201540555710242,2.748804585468506,-23.54047246358597,6.862608647834631,0.5362888520424776,31.82420608786409,dbscl-sentinel-1-2023\dbscl-sentinel-1_2023-08\S1_2023-08-04_11-03-38\S1A_IW_GRDH_1SDV_20230804T110338_20230804T110407_049725_05FAB9_DAD2_metadata.json
2023-08-08 22:45:39,104.70803948412384,107.26395747565974,10.517789530968368,12.471143654334211,-15.300684684571364,2.524358242825539,-24.27211481595993,6.329254553182927,0.5810046477914855,38.11619142005361,dbscl-sentinel-1-2023\dbscl-sentinel-1_2023-08\S1_2023-08-08_22-45-39\S1A_IW_GRDH_1SDV_20230808T224539_20230808T224604_049790_05FCD3_667C_metadata.json
2023-08-08 22:46:04,104.4082972426246,106.96021291339156,9.00520741919915,10.96287646384872,-16.375641745529204,2.569733958917612,-25.85403233894363,6.897251152114804,0.5625893233918798,38.76678980794572,dbscl-sentinel-1-2023\dbscl-sentinel-1_2023-08\S1_2023-08-08_22-46-04\S1A_IW_GRDH_1SDV_20230808T224604_20230808T224629_049790_05FCD3_C933_metadata.json
2023-08-08 22:46:29,104.17676308967128,106.64954667420248,7.966420549904481,9.454379686885677,-17.744517046257908,2.575519586963083,-28.19266346707768,7.296370625438232,0.5801819172910829,41.02084421404508,dbscl-sentinel-1-2023\dbscl-sentinel-1_2023-08\S1_2023-08-08_22-46-29\S1A_IW_GRDH_1SDV_20230808T224629_20230808T224648_049790_05FCD3_45E9_metadata.json
2023-08-09 11:11:22,104.41853558592648,106.99069167366024,7.734179782024924,9.937087990897144,-17.368410215043948,2.5550162491260138,-27.492007207844637,7.244813222243067,0.5749286988140581,38.55034925297004,dbscl-sentinel-1-2023\dbscl-sentinel-1_2023-08\S1_2023-08-09_11-11-22\S1A_IW_GRDH_1SDV_20230809T111122_20230809T111151_049798_05FD1E_349B_metadata.json
2023-08-09 11:11:51,104.11117330428436,106.66501203354235,9.488721578791326,11.445363808071274,-15.914187763349087,2.5966522889090684,-24.819299441467635,7.009076085230539,0.5491165607369203,40.2854773523494,dbscl-sentinel-1-2023\dbscl-sentinel-1_2023-08\S1_2023-08-09_11-11-51\S1A_IW_GRDH_1SDV_20230809T111151_20230809T111216_049798_05FD1E_4CD0_metadata.json
2023-08-13 22:54:12,102.44341365312972,104.9889525331165,9.590575536889856,11.385892577296614,-15.826773021330997,2.566902317201109,-25.275399330914105,6.378146711747779,0.5870988940611045,33.13820572515398,dbscl-sentinel-1-2023\dbscl-sentinel-1_2023-08\S1_2023-08-13_22-54-12\S1A_IW_GRDH_1SDV_20230813T225412_20230813T225436_049863_05FF4A_E4F5_metadata.json
2023-08-14 11:19:24,102.56836103806548,105.11099966447284,6.95838514374927,8.921784096649509,-15.953553935467816,2.508278204261172,-25.586859905382784,6.320247965552855,0.598577613042612,45.9757027377923,dbscl-sentinel-1-2023\dbscl-sentinel-1_2023-08\S1_2023-08-14_11-19-24\S1A_IW_GRDH_1SDV_20230814T111924_20230814T111949_049871_05FF91_9B20_metadata.json
2023-08-14 11:19:49,102.25770861824373,104.80830749440074,8.470683870961173,10.429995598098255,-14.786404814947126,2.4553103893788992,-22.93999083656069,6.632818793333609,0.5392184049969874,45.00754362619598,dbscl-sentinel-1-2023\dbscl-sentinel-1_2023-08\S1_2023-08-14_11-19-49\S1A_IW_GRDH_1SDV_20230814T111949_20230814T112014_049871_05FF91_450B_metadata.json
2023-08-14 11:20:14,101.94715097693052,104.5078269012152,9.982905240661957,11.938969105056785,-14.443786329297811,2.5736004050993944,-22.61760076186021,6.269971896735292,0.5609610771793966,43.81794131361507,dbscl-sentinel-1-2023\dbscl-sentinel-1_2023-08\S1_2023-08-14_11-20-14\S1A_IW_GRDH_1SDV_20230814T112014_20230814T112039_049871_05FF91_F343_metadata.json
2023-08-15 22:37:38,106.58609188208597,109.17915559649757,9.741875423603943,11.75681437318118,-17.75932367135407,2.490693258734326,-28.964827947659032,6.553819395049255,0.6185560717799783,45.63641589910168,dbscl-sentinel-1-2023\dbscl-sentinel-1_2023-08\S1_2023-08-15_22-37-38\S1A_IW_GRDH_1SDV_20230815T223738_20230815T223806_049892_06004E_0E9F_metadata.json
2023-08-16 11:03:38,106.11887719739217,108.7013377390769,9.462316464325422,11.662386831484072,-15.260549152022746,2.611727752217357,-23.62089963028974,6.900198673755529,0.5337751082483007,31.812555602352067,dbscl-sentinel-1-2023\dbscl-sentinel-1_2023-08\S1_2023-08-16_11-03-38\S1A_IW_GRDH_1SDV_20230816T110338_20230816T110407_049900_060096_713B_metadata.json
2023-08-20 22:45:40,104.70675953756192,107.26327311097828,10.517422748359476,12.471052131577975,-15.674990380099455,2.5310675658725343,-24.74465140317189,6.6053293570271165,0.5713973048242759,38.10534887956649,dbscl-sentinel-1-2023\dbscl-sentinel-1_2023-08\S1_2023-08-20_22-45-40\S1A_IW_GRDH_1SDV_20230820T224540_20230820T224605_049965_0602D1_55DD_metadata.json
2023-08-20 22:46:05,104.40714879847336,106.95914919875128,9.005127039202751,10.962790549579628,-16.36640947737685,2.5862815745281567,-25.814718430027124,6.918100524726497,0.5627053327362846,38.75644693975495,dbscl-sentinel-1-2023\dbscl-sentinel-1_2023-08\S1_2023-08-20_22-46-05\S1A_IW_GRDH_1SDV_20230820T224605_20230820T224630_049965_0602D1_CD14_metadata.json
2023-08-20 22:46:30,104.17567793037418,106.6485554001172,7.966613188364979,9.454388222431588,-17.350498596512416,2.522158570950354,-27.43292403355983,7.26807315946512,0.5714445212540473,41.01095125002915,dbscl-sentinel-1-2023\dbscl-sentinel-1_2023-08\S1_2023-08-20_22-46-30\S1A_IW_GRDH_1SDV_20230820T224630_20230820T224649_049965_0602D1_5FFE_metadata.json
2023-08-21 11:11:23,104.41673237798628,106.98891864719144,7.734487591013834,9.937011968681611,-17.368678672771512,2.568270785894019,-27.56870071019156,7.16865663535153,0.5783422211661993,38.56154771754704,dbscl-sentinel-1-2023\dbscl-sentinel-1_2023-08\S1_2023-08-21_11-11-23\S1A_IW_GRDH_1SDV_20230821T111123_20230821T111152_049973_060319_FA0B_metadata.json
2023-08-21 11:11:52,104.1086854657028,106.6631957716538,9.488675770115195,11.445038449607544,-16.19337076201131,2.456399796758568,-25.22963853006509,7.157102993957518,0.5467403986885213,40.29302155154746,dbscl-sentinel-1-2023\dbscl-sentinel-1_2023-08\S1_2023-08-21_11-11-52\S1A_IW_GRDH_1SDV_20230821T111152_20230821T111217_049973_060319_6931_metadata.json
2023-08-25 22:54:12,102.44116717639028,104.9871793581921,9.590590648519914,11.38595558583526,-15.858714657023354,2.5434707617259096,-25.40527900316357,6.312150310882889,0.5940500027083908,33.13958011462546,dbscl-sentinel-1-2023\dbscl-sentinel-1_2023-08\S1_2023-08-25_22-54-12\S1A_IW_GRDH_1SDV_20230825T225412_20230825T225437_050038_06053E_FBE6_metadata.json
2023-08-26 11:19:24,102.5664750295243,105.10948745131476,6.958443868460376,8.921774630057037,-16.06057755055107,2.511831385987749,-25.720637403502064,6.400517697600159,0.5962758147839711,45.92852390491476,dbscl-sentinel-1-2023\dbscl-sentinel-1_2023-08\S1_2023-08-26_11-19-24\S1A_IW_GRDH_1SDV_20230826T111924_20230826T111949_050046_06058C_71A7_metadata.json
2023-08-26 11:19:49,102.2557751354286,104.80658789577936,8.470645171675923,10.430004416643229,-14.596627484823882,2.642004132233345,-22.55932848291912,6.633926486728695,0.5287504701655487,44.84986145858197,dbscl-sentinel-1-2023\dbscl-sentinel-1_2023-08\S1_2023-08-26_11-19-49\S1A_IW_GRDH_1SDV_20230826T111949_20230826T112014_050046_06058C_D095_metadata.json
2023-08-26 11:20:14,101.9452078486761,104.5056771623326,9.982889711200809,11.93886476906084,-14.204423166899147,2.5902087796714754,-22.14655501528912,6.262291318509318,0.5537428498940088,43.683123497765365,dbscl-sentinel-1-2023\dbscl-sentinel-1_2023-08\S1_2023-08-26_11-20-14\S1A_IW_GRDH_1SDV_20230826T112014_20230826T112039_050046_06058C_FE19_metadata.json
2023-08-28 11:03:39,106.11760952970393,108.70001780895323,9.461983222939148,11.662392523696695,-15.138844887252082,2.6629111747178262,-23.0467861137278,7.230903660776306,0.512866986385992,31.8160941593828,dbscl-sentinel-1-2023\dbscl-sentinel-1_2023-08\S1_2023-08-28_11-03-39\S1A_IW_GRDH_1SDV_20230828T110339_20230828T110408_050075_060693_1468_metadata.json
2023-09-01 22:45:41,104.70579542437169,107.26259677508656,10.517688099976414,12.470989586771204,-15.892783078960935,2.5867719905351443,-24.949512552412017,6.836053605509868,0.5597224418687415,38.09808372312624,dbscl-sentinel-1-2023\dbscl-sentinel-1_2023-09\S1_2023-09-01_22-45-41\S1A_IW_GRDH_1SDV_20230901T224541_20230901T224606_050140_0608D4_7E9E_metadata.json
2023-09-01 22:46:06,104.40613766702612,106.9581983542154,9.00508494410968,10.96277921182155,-16.253448970476004,2.625194878352777,-25.388038519796037,7.118859421156023,0.5501713032834215,38.74956809269809,dbscl-sentinel-1-2023\dbscl-sentinel-1_2023-09\S1_2023-09-01_22-46-06\S1A_IW_GRDH_1SDV_20230901T224606_20230901T224631_050140_0608D4_4869_metadata.json
2023-09-01 22:46:31,104.17463250364288,106.64753975364872,7.967223854503388,9.4542561707609,-17.140011064300133,2.564272330456272,-27.0977235020069,7.182298626593187,0.5742219055828988,41.00474764251853,dbscl-sentinel-1-2023\dbscl-sentinel-1_2023-09\S1_2023-09-01_22-46-31\S1A_IW_GRDH_1SDV_20230901T224631_20230901T224650_050140_0608D4_80BC_metadata.json
2023-09-02 11:11:24,104.415405255193,106.98783687431046,7.733365711237815,9.937092196978853,-17.051620475485727,2.590994432223481,-26.72539070474112,7.377850246230164,0.5619225490354682,38.56759145048312,dbscl-sentinel-1-2023\dbscl-sentinel-1_2023-09\S1_2023-09-02_11-11-24\S1A_IW_GRDH_1SDV_20230902T111124_20230902T111153_050148_06091D_0FE2_metadata.json
2023-09-02 11:11:53,104.10757601198094,106.66191189321938,9.488728081389077,11.445051865700988,-16.10774195915593,2.6304996965129983,-24.851315311795663,7.364168606516245,0.53161953829101,40.29997797215997,dbscl-sentinel-1-2023\dbscl-sentinel-1_2023-09\S1_2023-09-02_11-11-53\S1A_IW_GRDH_1SDV_20230902T111153_20230902T111218_050148_06091D_B7FD_metadata.json
2023-09-06 22:54:13,102.44112939293,104.9869998130624,9.590966684612884,11.385792902149651,-15.410227983197656,2.607508016723812,-24.360913180944028,6.459542785451271,0.5709016816853346,33.146648984684965,dbscl-sentinel-1-2023\dbscl-sentinel-1_2023-09\S1_2023-09-06_22-54-13\S1A_IW_GRDH_1SDV_20230906T225413_20230906T225437_050213_060B3A_DFF9_metadata.json
2023-09-07 11:19:25,102.56735910312584,105.11014755963986,6.958677236313635,8.921680290110237,-15.912227085119234,2.519054984969627,-25.41594033567063,6.408513834567923,0.5919775108482559,45.93002247043305,dbscl-sentinel-1-2023\dbscl-sentinel-1_2023-09\S1_2023-09-07_11-19-25\S1A_IW_GRDH_1SDV_20230907T111925_20230907T111950_050221_060B7D_5C33_metadata.json
2023-09-07 11:19:50,102.25664368355872,104.8073142549227,8.470841152857759,10.430238185332108,-14.57919850080534,2.6502566728049626,-22.497610901410265,6.660786100200372,0.5284495321909278,44.85804113550897,dbscl-sentinel-1-2023\dbscl-sentinel-1_2023-09\S1_2023-09-07_11-19-50\S1A_IW_GRDH_1SDV_20230907T111950_20230907T112015_050221_060B7D_1EE7_metadata.json
2023-09-07 11:20:15,101.9460621694818,104.50660178888288,9.983144001487531,11.939221978379669,-14.248007515260328,2.592627080112164,-22.256951297025697,6.239063733494899,0.5565764777205872,43.68944973911642,dbscl-sentinel-1-2023\dbscl-sentinel-1_2023-09\S1_2023-09-07_11-20-15\S1A_IW_GRDH_1SDV_20230907T112015_20230907T112040_050221_060B7D_7B59_metadata.json
2023-09-09 11:03:39,106.11777147561072,108.7001568250622,9.461441069680497,11.66244168714828,-15.035198704150016,2.6704147507104072,-22.817431738200835,7.252965670099186,0.5089936418392365,31.82046909152712,dbscl-sentinel-1-2023\dbscl-sentinel-1_2023-09\S1_2023-09-09_11-03-39\S1A_IW_GRDH_1SDV_20230909T110339_20230909T110408_050250_060C85_5886_metadata.json
2023-09-13 22:45:41,104.7071196799708,107.2635821030229,10.517384772648054,12.471021781527488,-16.06794984672301,2.5172399827222365,-25.130587933095818,7.005311760350278,0.5543275375303153,38.1040320926408,dbscl-sentinel-1-2023\dbscl-sentinel-1_2023-09\S1_2023-09-13_22-45-41\S1A_IW_GRDH_1SDV_20230913T224541_20230913T224606_050315_060ECA_0B85_metadata.json
2023-09-13 22:46:06,104.40748548858028,106.95969091885206,9.005071709124541,10.962711959130989,-16.39640829279834,2.5871809949630453,-25.599177697016163,7.193638888580526,0.5479224700046749,38.75490145112585,dbscl-sentinel-1-2023\dbscl-sentinel-1_2023-09\S1_2023-09-13_22-46-06\S1A_IW_GRDH_1SDV_20230913T224606_20230913T224631_050315_060ECA_C1BF_metadata.json
2023-09-13 22:46:31,104.1764352710248,106.64909790173648,7.967405306909231,9.454325420222457,-17.56732625390688,2.5988926813005984,-27.80158033859799,7.33307216921565,0.574926407933562,41.009541786906325,dbscl-sentinel-1-2023\dbscl-sentinel-1_2023-09\S1_2023-09-13_22-46-31\S1A_IW_GRDH_1SDV_20230913T224631_20230913T224651_050315_060ECA_B5AB_metadata.json
2023-09-14 11:11:24,104.41677891898377,106.98902107714446,7.733788963094915,9.937036518753436,-17.38909777604682,2.577078804344927,-27.31625512942328,7.461940422670263,0.5611128136086652,38.55996915162306,dbscl-sentinel-1-2023\dbscl-sentinel-1_2023-09\S1_2023-09-14_11-11-24\S1A_IW_GRDH_1SDV_20230914T111124_20230914T111153_050323_060F08_2030_metadata.json
2023-09-14 11:11:53,104.10879306137568,106.66319721098364,9.488709497859068,11.44511321084926,-16.111898323080318,2.605864597047963,-24.842635665318568,7.381160980842119,0.5295987867329602,40.28593511390355,dbscl-sentinel-1-2023\dbscl-sentinel-1_2023-09\S1_2023-09-14_11-11-53\S1A_IW_GRDH_1SDV_20230914T111153_20230914T111218_050323_060F08_29B6_metadata.json
2023-09-18 22:54:14,102.44181631919476,104.98723614584436,9.591586291769731,11.385874457908232,-14.9647215635919,2.5329574780795228,-23.8791550523183,6.050288074865525,0.5871662682140008,33.13648846154013,dbscl-sentinel-1-2023\dbscl-sentinel-1_2023-09\S1_2023-09-18_22-54-14\S1A_IW_GRDH_1SDV_20230918T225414_20230918T225438_050388_061132_B038_metadata.json
2023-09-19 11:19:25,102.56734807077008,105.11004924356752,6.9586775415040245,8.922038931572128,-15.986114860492972,2.4899821058753098,-25.882461633042112,6.089768087943859,0.6108118917607102,45.98065013994263,dbscl-sentinel-1-2023\dbscl-sentinel-1_2023-09\S1_2023-09-19_11-19-25\S1A_IW_GRDH_1SDV_20230919T111925_20230919T111950_050396_06117D_C67F_metadata.json
2023-09-19 11:19:50,102.25664158792824,104.80725842212156,8.471014204977601,10.430236851763906,-14.57890024631811,2.576278947769232,-22.56396784255788,6.593832650078372,0.5321136461653106,45.006138733212126,dbscl-sentinel-1-2023\dbscl-sentinel-1_2023-09\S1_2023-09-19_11-19-50\S1A_IW_GRDH_1SDV_20230919T111950_20230919T112015_050396_06117D_3471_metadata.json
2023-09-19 11:20:15,101.94607261780128,104.50658792477468,9.98318947224738,11.9392391671314,-14.232432631562318,2.578250248909447,-22.23331640920868,6.231548853915923,0.5564407267445147,43.81766915659408,dbscl-sentinel-1-2023\dbscl-sentinel-1_2023-09\S1_2023-09-19_11-20-15\S1A_IW_GRDH_1SDV_20230919T112015_20230919T112040_050396_06117D_CE73_metadata.json
2023-09-21 11:03:39,106.11827938549794,108.70070110896692,9.462449366546172,11.66212664952972,-15.293028161621576,2.7051232689613114,-23.47113460944878,7.114921713794348,0.5118934767756208,31.818122469306907,dbscl-sentinel-1-2023\dbscl-sentinel-1_2023-09\S1_2023-09-21_11-03-39\S1A_IW_GRDH_1SDV_20230921T110339_20230921T110408_050425_061277_AE2B_metadata.json
2023-09-25 22:45:42,104.70553432996095,107.2620908095767,10.517713663183567,12.471072325349615,-17.82828165755875,2.550545898925914,-28.278619493562804,7.377943821554718,0.5645651535823653,38.09329277401378,dbscl-sentinel-1-2023\dbscl-sentinel-1_2023-09\S1_2023-09-25_22-45-42\S1A_IW_GRDH_1SDV_20230925T224542_20230925T224607_050490_0614C0_8941_metadata.json
2023-09-25 22:46:07,104.40557948281322,106.95762835378429,9.005117302513359,10.962796147995226,-16.918157329753186,2.572574062834509,-26.632944841805,7.203369817701455,0.5606004098947546,38.74510098077467,dbscl-sentinel-1-2023\dbscl-sentinel-1_2023-09\S1_2023-09-25_22-46-07\S1A_IW_GRDH_1SDV_20230925T224607_20230925T224632_050490_0614C0_75DF_metadata.json
2023-09-25 22:46:32,104.17437890679784,106.64704313114729,7.967643509961963,9.454393379998663,-17.27391810498544,2.670448787192672,-27.44246262154024,7.105373588430694,0.5809949755392434,41.00020020603407,dbscl-sentinel-1-2023\dbscl-sentinel-1_2023-09\S1_2023-09-25_22-46-32\S1A_IW_GRDH_1SDV_20230925T224632_20230925T224651_050490_0614C0_7F31_metadata.json
2023-09-26 11:11:25,104.4153040916582,106.98763291635925,7.73362214550584,9.937141374124288,-17.353425851476942,2.594898266967516,-27.176320251944013,7.530531451009861,0.5558685460651682,38.57118544221181,dbscl-sentinel-1-2023\dbscl-sentinel-1_2023-09\S1_2023-09-26_11-11-25\S1A_IW_GRDH_1SDV_20230926T111125_20230926T111154_050498_061507_BBF8_metadata.json
2023-09-26 11:11:54,104.1074549457429,106.66173098859028,9.488801917102018,11.445439049153515,-16.514704253285124,2.598659363516329,-25.789649338673613,7.239759167896534,0.5426448615840703,40.303107944157816,dbscl-sentinel-1-2023\dbscl-sentinel-1_2023-09\S1_2023-09-26_11-11-54\S1A_IW_GRDH_1SDV_20230926T111154_20230926T111219_050498_061507_D9AC_metadata.json
2023-09-30 22:54:14,102.44162206575083,104.98737245412124,9.591543208133956,11.385804122622622,-15.185445900681197,2.584717990505311,-23.88883787389508,6.4820539274670015,0.5653379655947014,33.13716602007915,dbscl-sentinel-1-2023\dbscl-sentinel-1_2023-09\S1_2023-09-30_22-54-14\S1A_IW_GRDH_1SDV_20230930T225414_20230930T225438_050563_06172D_2559_metadata.json
2023-10-01 11:19:26,102.5672650654606,105.10988223128194,6.958564808786213,8.921648683678013,-15.941084316755658,2.5352099614842665,-25.30550343569929,6.576665197811966,0.5820995740580763,45.9294290790556,dbscl-sentinel-1-2023\dbscl-sentinel-1_2023-10\S1_2023-10-01_11-19-26\S1A_IW_GRDH_1SDV_20231001T111926_20231001T111951_050571_061778_9853_metadata.json
2023-10-01 11:19:51,102.25639692334003,104.80710365761897,8.470849474887137,10.430126798639588,-14.59992880598934,2.685526911802988,-22.51382242721937,6.686035184759345,0.5263770831566171,44.85489583654317,dbscl-sentinel-1-2023\dbscl-sentinel-1_2023-10\S1_2023-10-01_11-19-51\S1A_IW_GRDH_1SDV_20231001T111951_20231001T112016_050571_061778_FFED_metadata.json
2023-10-01 11:20:16,101.94583422223184,104.5064448401436,9.983071352612146,11.939104500663367,-14.249372783328946,2.5929840305907867,-22.1744035798762,6.324341986781686,0.5508784736750694,43.68781549972759,dbscl-sentinel-1-2023\dbscl-sentinel-1_2023-10\S1_2023-10-01_11-20-16\S1A_IW_GRDH_1SDV_20231001T112016_20231001T112041_050571_061778_2DEA_metadata.json
2023-10-03 11:03:40,106.11810649321922,108.70067365006972,9.461639697828671,11.662162726946024,-15.683245723142756,2.927258226967058,-24.049213770906075,7.317277675379565,0.519305882531209,31.81713891563595,dbscl-sentinel-1-2023\dbscl-sentinel-1_2023-10\S1_2023-10-03_11-03-40\S1A_IW_GRDH_1SDV_20231003T110340_20231003T110409_050600_061880_4950_metadata.json
2023-10-07 22:45:42,104.70616268368724,107.26288817921773,10.517413890064594,12.471106194353611,-18.386017207894653,1.6497133932488048,-29.74132434097759,7.030710074811664,0.5918095238313928,38.09990788214297,dbscl-sentinel-1-2023\dbscl-sentinel-1_2023-10\S1_2023-10-07_22-45-42\S1A_IW_GRDH_1SDV_20231007T224542_20231007T224607_050665_061ABF_1299_metadata.json
2023-10-07 22:46:07,104.40653519139356,106.95861306463586,9.005188081846153,10.962836556349894,-17.473678140494478,2.5910871903444908,-27.732666662565347,7.214689618423477,0.5669286530618102,38.7511841853999,dbscl-sentinel-1-2023\dbscl-sentinel-1_2023-10\S1_2023-10-07_22-46-07\S1A_IW_GRDH_1SDV_20231007T224607_20231007T224632_050665_061ABF_5FF5_metadata.json
2023-10-07 22:46:32,104.17537396666155,106.647968733498,7.967477322701521,9.45444072872382,-17.919559117982537,2.556290832718954,-28.491811927386024,7.347306308579085,0.5807195597149104,41.00579320501351,dbscl-sentinel-1-2023\dbscl-sentinel-1_2023-10\S1_2023-10-07_22-46-32\S1A_IW_GRDH_1SDV_20231007T224632_20231007T224651_050665_061ABF_E5FC_metadata.json
2023-10-08 11:11:25,104.41583477910449,106.98816127952732,7.7340864947974035,9.937171064324678,-17.776555147125517,2.573115879779731,-27.99506500005354,7.558045294197353,0.5644924568129595,38.56480400754895,dbscl-sentinel-1-2023\dbscl-sentinel-1_2023-10\S1_2023-10-08_11-11-25\S1A_IW_GRDH_1SDV_20231008T111125_20231008T111154_050673_061B08_E59B_metadata.json
2023-10-08 11:11:54,104.1081157595053,106.66226155863367,9.488760783481643,11.44525997833941,-17.144222656918053,2.5997886898317826,-27.11259614020611,7.175849173629923,0.567491011360829,40.2889886699948,dbscl-sentinel-1-2023\dbscl-sentinel-1_2023-10\S1_2023-10-08_11-11-54\S1A_IW_GRDH_1SDV_20231008T111154_20231008T111219_050673_061B08_6072_metadata.json
2023-10-12 22:54:13,102.4445980894994,104.9902152523978,9.592959508480677,11.385900859565426,-15.32965751226762,2.595182932283552,-24.06612652810306,6.593188496432146,0.5582286959023568,33.13671568228559,dbscl-sentinel-1-2023\dbscl-sentinel-1_2023-10\S1_2023-10-12_22-54-13\S1A_IW_GRDH_1SDV_20231012T225413_20231012T225438_050738_061D2D_FCC2_metadata.json
2023-10-13 11:19:25,102.56918672376564,105.112003710333,6.958431914130004,8.921480593726777,-16.17533072530143,2.5095991497898837,-25.97237427477132,6.37828717583152,0.5988051378606652,45.92289145958787,dbscl-sentinel-1-2023\dbscl-sentinel-1_2023-10\S1_2023-10-13_11-19-25\S1A_IW_GRDH_1SDV_20231013T111925_20231013T111950_050746_061D79_9CB8_metadata.json
2023-10-13 11:19:50,102.25830360998124,104.80890385073764,8.470686058959826,10.429983662764062,-14.62727010741048,2.5943908637349704,-22.58365636725914,6.6708838475618375,0.5293073425519382,44.861135373127176,dbscl-sentinel-1-2023\dbscl-sentinel-1_2023-10\S1_2023-10-13_11-19-50\S1A_IW_GRDH_1SDV_20231013T111950_20231013T112015_050746_061D79_8AFA_metadata.json
2023-10-13 11:20:15,101.94773704812567,104.50854037713906,9.982894134169156,11.938931279626164,-14.368153757359462,2.4885733862756987,-22.396191446846736,6.340116067872163,0.5536244941620879,43.69251098812662,dbscl-sentinel-1-2023\dbscl-sentinel-1_2023-10\S1_2023-10-13_11-20-15\S1A_IW_GRDH_1SDV_20231013T112015_20231013T112040_050746_061D79_EA9D_metadata.json
2023-10-19 22:45:42,104.70566532205716,107.26232467193876,10.517711943832484,12.471027055025196,-18.59732693445933,2.5359801113321963,-30.069716708199586,7.124937160719195,0.5925823958381492,38.09570442026536,dbscl-sentinel-1-2023\dbscl-sentinel-1_2023-10\S1_2023-10-19_22-45-42\S1A_IW_GRDH_1SDV_20231019T224542_20231019T224607_050840_0620B7_4402_metadata.json
2023-10-19 22:46:07,104.40597629517532,106.95812791476918,9.005147079810154,10.96281570069081,-17.464409903167184,2.5833653806442896,-27.75420986013637,7.1746099461980695,0.5644966011641933,38.74725109819159,dbscl-sentinel-1-2023\dbscl-sentinel-1_2023-10\S1_2023-10-19_22-46-07\S1A_IW_GRDH_1SDV_20231019T224607_20231019T224632_050840_0620B7_8B21_metadata.json
2023-10-19 22:46:32,104.17502912646802,106.64751204854184,7.967915367074424,9.45439931988797,-17.75463601615059,2.525638681997257,-28.32422923498675,7.185042797314185,0.5846662795511806,41.0022779073459,dbscl-sentinel-1-2023\dbscl-sentinel-1_2023-10\S1_2023-10-19_22-46-32\S1A_IW_GRDH_1SDV_20231019T224632_20231019T224651_050840_0620B7_88F0_metadata.json
2023-10-20 11:11:25,104.41486675334812,106.98709797801872,7.733977614307033,9.936896697617753,-18.06254390840669,2.5780670426385206,-28.5589451298054,7.566142687007918,0.5723592753264525,38.57778637948369,dbscl-sentinel-1-2023\dbscl-sentinel-1_2023-10\S1_2023-10-20_11-11-25\S1A_IW_GRDH_1SDV_20231020T111125_20231020T111154_050848_0620FD_411E_metadata.json
2023-10-20 11:11:54,104.10704442029864,106.66133823445185,9.488778929965472,11.445455783664269,-17.637248578726215,2.5713645757846084,-28.30940859073057,6.965088566721816,0.5835203869542548,40.33561966017119,dbscl-sentinel-1-2023\dbscl-sentinel-1_2023-10\S1_2023-10-20_11-11-54\S1A_IW_GRDH_1SDV_20231020T111154_20231020T111219_050848_0620FD_93BE_metadata.json
2023-10-24 22:54:14,102.4424917045372,104.98804026828309,9.59187267484107,11.385876910842534,-16.979073158150957,2.537725366216529,-27.35909125697629,6.59905505932592,0.5895235873009732,33.13881361474263,dbscl-sentinel-1-2023\dbscl-sentinel-1_2023-10\S1_2023-10-24_22-54-14\S1A_IW_GRDH_1SDV_20231024T225414_20231024T225438_050913_062326_4CFC_metadata.json
2023-10-25 11:19:26,102.5683058758172,105.11109789189793,6.958641724967721,8.921896856213042,-16.269262868203086,2.5054801129247863,-26.178431402519823,6.360094333886381,0.601382565021875,45.92641844258468,dbscl-sentinel-1-2023\dbscl-sentinel-1_2023-10\S1_2023-10-25_11-19-26\S1A_IW_GRDH_1SDV_20231025T111926_20231025T111951_050921_062371_8CC3_metadata.json
2023-10-25 11:19:51,102.25759073795828,104.80818549853608,8.470822607945552,10.430179331859607,-14.839226490706828,2.577808163235546,-23.01469998710719,6.663752994306499,0.5368719019573026,44.86008397969903,dbscl-sentinel-1-2023\dbscl-sentinel-1_2023-10\S1_2023-10-25_11-19-51\S1A_IW_GRDH_1SDV_20231025T111951_20231025T112016_050921_062371_5B8E_metadata.json
2023-10-25 11:20:16,101.94699625327743,104.5076239149157,9.98310650797237,11.9391541618171,-14.446136554205223,2.576894545358756,-22.594729219205654,6.297543889204786,0.5589294538277266,43.69110542711572,dbscl-sentinel-1-2023\dbscl-sentinel-1_2023-10\S1_2023-10-25_11-20-16\S1A_IW_GRDH_1SDV_20231025T112016_20231025T112041_050921_062371_FF6C_metadata.json
2023-10-27 11:03:40,106.1188966669082,108.70129759283314,9.462796176081742,11.662395557555929,-15.728847759129968,2.6010417419849805,-24.355178474223084,7.102517044036827,0.527192281402513,31.80794087339197,dbscl-sentinel-1-2023\dbscl-sentinel-1_2023-10\S1_2023-10-27_11-03-40\S1A_IW_GRDH_1SDV_20231027T110340_20231027T110409_050950_06246F_3B42_metadata.json
2023-10-31 22:45:42,104.7067085463771,107.26323072155662,10.517682668432,12.471055586170852,-18.22580167133436,26.62438331891291,-29.555610938713063,6.895992403955517,0.5949659496086558,38.10509786752608,dbscl-sentinel-1-2023\dbscl-sentinel-1_2023-10\S1_2023-10-31_22-45-42\S1A_IW_GRDH_1SDV_20231031T224542_20231031T224607_051015_0626B7_8318_metadata.json
2023-10-31 22:46:07,104.40709062603229,106.95905687045952,9.005064847919705,10.962555428613936,-17.524970613767877,2.587385564250522,-27.914221736398705,7.135719491137073,0.5685144937840415,38.75622017841014,dbscl-sentinel-1-2023\dbscl-sentinel-1_2023-10\S1_2023-10-31_22-46-07\S1A_IW_GRDH_1SDV_20231031T224607_20231031T224632_051015_0626B7_FE0A_metadata.json
2023-10-31 22:46:32,104.17642392108245,106.6484524949718,7.96857726721211,9.454277016794151,-17.521232156626986,2.5376596041859085,-27.835335006822923,7.207129306430906,0.5793481861890819,41.01112194874997,dbscl-sentinel-1-2023\dbscl-sentinel-1_2023-10\S1_2023-10-31_22-46-32\S1A_IW_GRDH_1SDV_20231031T224632_20231031T224651_051015_0626B7_8217_metadata.json
2023-11-01 11:11:24,104.4171412109532,106.9890757605238,7.734936729186411,9.93712733003962,-17.851197149740106,2.650191974769151,-28.324637108424305,7.377757191055984,0.5784172815284635,38.56108588194704,dbscl-sentinel-1-2023\dbscl-sentinel-1_2023-11\S1_2023-11-01_11-11-24\S1A_IW_GRDH_1SDV_20231101T111124_20231101T111153_051023_062700_EA9B_metadata.json
2023-11-01 11:11:53,104.10907383860916,106.66362127395034,9.488764707416903,11.445358523996193,-17.846786323265643,2.4618594670924576,-28.793568121444,6.900004525087223,0.5912906895294633,40.29252111513066,dbscl-sentinel-1-2023\dbscl-sentinel-1_2023-11\S1_2023-11-01_11-11-53\S1A_IW_GRDH_1SDV_20231101T111153_20231101T111218_051023_062700_4BFF_metadata.json
2023-11-05 22:54:13,102.44188830063196,104.98742995503132,9.591621800075028,11.385905780305013,-18.152144947976907,2.47274131897962,-29.731971503675847,6.572318392277748,0.6148778245388091,33.139804644362655,dbscl-sentinel-1-2023\dbscl-sentinel-1_2023-11\S1_2023-11-05_22-54-13\S1A_IW_GRDH_1SDV_20231105T225413_20231105T225438_051088_062923_85E1_metadata.json
2023-11-06 11:19:25,102.5675472662453,105.11046454461903,6.958491197277352,8.921876263654916,-16.12731652564995,2.514975481621302,-25.805220984431,6.44941206686882,0.5945811396558957,45.926660451664425,dbscl-sentinel-1-2023\dbscl-sentinel-1_2023-11\S1_2023-11-06_11-19-25\S1A_IW_GRDH_1SDV_20231106T111925_20231106T111950_051096_06296F_E2F0_metadata.json
2023-11-06 11:19:50,102.25684669795064,104.80744319582196,8.470725314081916,10.430026181309383,-14.777948500315944,2.6492564197079584,-22.948672039316683,6.607224961315248,0.5384944521402003,44.8551039119406,dbscl-sentinel-1-2023\dbscl-sentinel-1_2023-11\S1_2023-11-06_11-19-50\S1A_IW_GRDH_1SDV_20231106T111950_20231106T112015_051096_06296F_663B_metadata.json
2023-11-06 11:20:15,101.94624849799948,104.5069641224742,9.98293185987246,11.938764094687782,-14.485756304001937,2.575387464099445,-22.67282990340501,6.298682704598953,0.5593366988008739,43.68762700633085,dbscl-sentinel-1-2023\dbscl-sentinel-1_2023-11\S1_2023-11-06_11-20-15\S1A_IW_GRDH_1SDV_20231106T112015_20231106T112040_051096_06296F_4A01_metadata.json
2023-11-08 11:03:39,106.12045181196946,108.70270951071076,9.462904132913453,11.662450492721948,-15.677824011644203,2.6203136057581253,-24.11004050434295,7.24560751894542,0.5291507660658056,31.80849471046145,dbscl-sentinel-1-2023\dbscl-sentinel-1_2023-11\S1_2023-11-08_11-03-39\S1A_IW_GRDH_1SDV_20231108T110339_20231108T110408_051125_062A77_FC54_metadata.json
2023-11-12 22:45:42,104.70598862028235,107.262774359303,10.517657228832562,12.471022815860314,-18.04831788078987,2.508162657413497,-29.54540132249724,6.551234439082405,0.6072854885531173,38.098751561755456,dbscl-sentinel-1-2023\dbscl-sentinel-1_2023-11\S1_2023-11-12_22-45-42\S1A_IW_GRDH_1SDV_20231112T224542_20231112T224607_051190_062CBC_AE08_metadata.json
2023-11-12 22:46:07,104.40624335369463,106.95839760248326,9.005160237218918,10.96275590257792,-17.473073760404574,2.5763363416243275,-27.77947821968665,7.166669301122491,0.5690323749997326,38.750295193310905,dbscl-sentinel-1-2023\dbscl-sentinel-1_2023-11\S1_2023-11-12_22-46-07\S1A_IW_GRDH_1SDV_20231112T224607_20231112T224632_051190_062CBC_C487_metadata.json
2023-11-12 22:46:32,104.17530187734656,106.64778406247156,7.967399527913673,9.4543420912236,-17.570711198887924,2.5854553982546498,-27.64214185743604,7.499280540339704,0.5677011108534029,41.005260706205824,dbscl-sentinel-1-2023\dbscl-sentinel-1_2023-11\S1_2023-11-12_22-46-32\S1A_IW_GRDH_1SDV_20231112T224632_20231112T224651_051190_062CBC_B947_metadata.json
2023-11-13 11:11:24,104.41556033129952,106.98741913906844,7.736360367207803,9.937026043102584,-17.913700796946127,2.561700676901384,-28.22898218620701,7.598419407685267,0.5697799827050891,38.572618537344574,dbscl-sentinel-1-2023\dbscl-sentinel-1_2023-11\S1_2023-11-13_11-11-24\S1A_IW_GRDH_1SDV_20231113T111124_20231113T111153_051198_062D05_AD33_metadata.json
2023-11-13 11:11:53,104.107708511387,106.66214218475932,9.48869648601931,11.445319499430438,-17.77380163937462,2.550779912644172,-28.464727351741743,7.082875927007589,0.5814195167607107,40.29777191886502,dbscl-sentinel-1-2023\dbscl-sentinel-1_2023-11\S1_2023-11-13_11-11-53\S1A_IW_GRDH_1SDV_20231113T111153_20231113T111218_051198_062D05_7D63_metadata.json
2023-11-17 22:54:13,102.44085476352768,104.98676989930853,9.591638481988833,11.385810369463,-17.364761633547733,2.537985157307432,-27.614108624908457,7.11541464218727,0.5802687337402592,33.13780174097116,dbscl-sentinel-1-2023\dbscl-sentinel-1_2023-11\S1_2023-11-17_22-54-13\S1A_IW_GRDH_1SDV_20231117T225413_20231117T225438_051263_062F32_D346_metadata.json
2023-11-18 11:19:25,102.56613259182632,105.10904752926558,6.958822387273481,8.92162670312658,-16.064625396651905,2.542101758855868,-25.532269284702267,6.596981508601652,0.5797822026037708,45.92949289615313,dbscl-sentinel-1-2023\dbscl-sentinel-1_2023-11\S1_2023-11-18_11-19-25\S1A_IW_GRDH_1SDV_20231118T111925_20231118T111950_051271_062F7E_9ACF_metadata.json
2023-11-18 11:19:50,102.25542123916108,104.8062417699599,8.470814288936774,10.4301064528437,-14.875094641425148,2.6201987472690025,-23.14722483845352,6.602964444396808,0.5421282241018525,44.84831806956399,dbscl-sentinel-1-2023\dbscl-sentinel-1_2023-11\S1_2023-11-18_11-19-50\S1A_IW_GRDH_1SDV_20231118T111950_20231118T112015_051271_062F7E_195B_metadata.json
2023-11-18 11:20:15,101.94480959750516,104.50554927566225,9.98300787866003,11.939014694089952,-14.599630659224596,2.566098427935924,-22.961382538839405,6.23787877960981,0.5673034038886261,43.68158465025574,dbscl-sentinel-1-2023\dbscl-sentinel-1_2023-11\S1_2023-11-18_11-20-15\S1A_IW_GRDH_1SDV_20231118T112015_20231118T112040_051271_062F7E_D39C_metadata.json
2023-11-20 11:03:39,106.11722785827394,108.69909118724702,9.46439826759657,11.662476686135236,-15.867684150523576,2.600487908966523,-24.81392385310869,6.921444447938633,0.5493094133583801,31.81811606002955,dbscl-sentinel-1-2023\dbscl-sentinel-1_2023-11\S1_2023-11-20_11-03-39\S1A_IW_GRDH_1SDV_20231120T110339_20231120T110408_051300_063086_2A13_metadata.json
2023-11-24 22:45:41,104.7081259830168,107.26428802411256,10.51773036048537,12.471039844338698,-18.626377249075396,2.5068609648944684,-30.2823556541312,6.970398844019462,0.6087279533640841,38.11377973621883,dbscl-sentinel-1-2023\dbscl-sentinel-1_2023-11\S1_2023-11-24_22-45-41\S1A_IW_GRDH_1SDV_20231124T224541_20231124T224606_051365_0632C6_ECD2_metadata.json
2023-11-24 22:46:06,104.40838934235416,106.96051115790692,9.005132505728174,10.962819881429912,-17.488801403770456,2.5674001726721243,-27.751287199049365,7.226315608491649,0.5697778883772503,38.76425117752541,dbscl-sentinel-1-2023\dbscl-sentinel-1_2023-11\S1_2023-11-24_22-46-06\S1A_IW_GRDH_1SDV_20231124T224606_20231124T224631_051365_0632C6_1611_metadata.json
2023-11-24 22:46:31,104.17722728642252,106.64980240925678,7.967442847610433,9.454341674886896,-17.716386970077863,2.5618736160729023,-28.048487983822973,7.384285956332837,0.5762228198432878,41.01852020300873,dbscl-sentinel-1-2023\dbscl-sentinel-1_2023-11\S1_2023-11-24_22-46-31\S1A_IW_GRDH_1SDV_20231124T224631_20231124T224650_051365_0632C6_CDD5_metadata.json
2023-11-25 11:11:23,104.41725498804615,106.98930278226824,7.736056404499977,9.937019860048146,-18.097661656924632,2.5731053316100945,-28.56951816784709,7.625805146002256,0.5709709733975443,38.55758211809815,dbscl-sentinel-1-2023\dbscl-sentinel-1_2023-11\S1_2023-11-25_11-11-23\S1A_IW_GRDH_1SDV_20231125T111123_20231125T111152_051373_06330D_5400_metadata.json
2023-11-25 11:11:52,104.10915138923784,106.66384095220484,9.488624492618252,11.445310199228633,-17.807923675916452,2.5749377612483397,-28.276479532324835,7.339367819508089,0.5732794845562387,40.27810292137637,dbscl-sentinel-1-2023\dbscl-sentinel-1_2023-11\S1_2023-11-25_11-11-52\S1A_IW_GRDH_1SDV_20231125T111152_20231125T111217_051373_06330D_0595_metadata.json
2023-11-29 22:54:12,102.44344697671316,104.98871905059552,9.591428700495698,11.385893347266142,-17.43058452034807,2.5754078046451845,-27.345636240636107,7.515532800059908,0.5620254557318635,33.14113661520625,dbscl-sentinel-1-2023\dbscl-sentinel-1_2023-11\S1_2023-11-29_22-54-12\S1A_IW_GRDH_1SDV_20231129T225412_20231129T225437_051438_063536_28AB_metadata.json
2023-11-30 11:19:24,102.56796211929078,105.11100278705128,6.958594123751305,8.921731504550378,-16.007575760507255,2.5235855358067285,-25.51469141800004,6.500460103014586,0.5898763981340269,45.92340187348324,dbscl-sentinel-1-2023\dbscl-sentinel-1_2023-11\S1_2023-11-30_11-19-24\S1A_IW_GRDH_1SDV_20231130T111924_20231130T111949_051446_063578_D176_metadata.json
2023-11-30 11:19:49,102.2572792726512,104.80815486601274,8.47058486274289,10.42988393403738,-14.795042720065426,2.5668471012241527,-23.075064032662603,6.515021407468207,0.5447736281834918,44.85467874577933,dbscl-sentinel-1-2023\dbscl-sentinel-1_2023-11\S1_2023-11-30_11-19-49\S1A_IW_GRDH_1SDV_20231130T111949_20231130T112014_051446_063578_5063_metadata.json
2023-11-30 11:20:14,101.94668880924868,104.50749264940386,9.982782699973331,11.938824727941968,-14.431683057907048,2.569212951055342,-22.63037644587995,6.232989669934132,0.5625335480865633,43.686739594036624,dbscl-sentinel-1-2023\dbscl-sentinel-1_2023-11\S1_2023-11-30_11-20-14\S1A_IW_GRDH_1SDV_20231130T112014_20231130T112039_051446_063578_9724_metadata.json
2023-12-02 11:03:38,106.1173596577504,108.69934891925536,9.464655512359958,11.662399753679408,-15.727074851398651,2.6169587724051597,-24.30143919585519,7.152710506942019,0.5373647530609487,31.815025899881825,dbscl-sentinel-1-2023\dbscl-sentinel-1_2023-12\S1_2023-12-02_11-03-38\S1A_IW_GRDH_1SDV_20231202T110338_20231202T110407_051475_063681_BCE0_metadata.json
2023-12-06 22:45:41,104.70649274617467,107.26301074763091,10.517803613673571,12.471155504117938,-18.11702804535564,2.5696544008202515,-28.68311348985972,7.550942600851598,0.5746832182925454,38.103417186084,dbscl-sentinel-1-2023\dbscl-sentinel-1_2023-12\S1_2023-12-06_22-45-41\S1A_IW_GRDH_1SDV_20231206T224541_20231206T224606_051540_0638C8_7699_metadata.json
2023-12-06 22:46:06,104.406784488389,106.95887671780063,9.005157820068627,10.962901633755417,-17.10079247061554,2.6092753677278653,-26.598734489668,7.602850451562969,0.5447417753997,38.7546338333231,dbscl-sentinel-1-2023\dbscl-sentinel-1_2023-12\S1_2023-12-06_22-46-06\S1A_IW_GRDH_1SDV_20231206T224606_20231206T224631_051540_0638C8_25D3_metadata.json
2023-12-06 22:46:31,104.1759472243224,106.6482534312228,7.967455443568928,9.45438993418204,-17.518710201576933,2.562953807207046,-27.65109925791549,7.386321145238467,0.5735132477949487,41.00934504331641,dbscl-sentinel-1-2023\dbscl-sentinel-1_2023-12\S1_2023-12-06_22-46-31\S1A_IW_GRDH_1SDV_20231206T224631_20231206T224650_051540_0638C8_0332_metadata.json
2023-12-07 11:11:23,104.41573947726832,106.98774957956488,7.735905430499503,9.937071877455615,-17.90834114571138,2.563968695579685,-28.05029188652304,7.766390404899673,0.5640627687009878,38.56698540928779,dbscl-sentinel-1-2023\dbscl-sentinel-1_2023-12\S1_2023-12-07_11-11-23\S1A_IW_GRDH_1SDV_20231207T111123_20231207T111152_051548_06390E_CAB9_metadata.json
2023-12-07 11:11:52,104.10781858791142,106.6623066274608,9.48865249719463,11.445357860822938,-17.68491427063381,2.632365304046999,-27.37090576693649,7.99892277433122,0.539178447342083,40.28549514710026,dbscl-sentinel-1-2023\dbscl-sentinel-1_2023-12\S1_2023-12-07_11-11-52\S1A_IW_GRDH_1SDV_20231207T111152_20231207T111217_051548_06390E_674B_metadata.json
2023-12-11 22:54:12,102.4414731179281,104.98708361265112,9.591647655439155,11.385855382830345,-17.15011370752944,2.5793997452911137,-26.687398243794057,7.6128291712651075,0.5515318434634398,33.13848801930332,dbscl-sentinel-1-2023\dbscl-sentinel-1_2023-12\S1_2023-12-11_22-54-12\S1A_IW_GRDH_1SDV_20231211T225412_20231211T225437_051613_063B56_70CB_metadata.json
2023-12-12 11:19:24,102.566877795699,105.10974242999625,6.958406745762487,8.921704519231326,-16.077417161283762,2.5453265926512527,-25.439571230872325,6.7152630916952,0.5764590578901962,45.977367572514126,dbscl-sentinel-1-2023\dbscl-sentinel-1_2023-12\S1_2023-12-12_11-19-24\S1A_IW_GRDH_1SDV_20231212T111924_20231212T111949_051621_063BA5_254C_metadata.json
2023-12-12 11:19:49,102.25614894122462,104.80673891978832,8.470631125313789,10.429981409702668,-14.819890513489002,2.581681581067171,-23.00205117053312,6.637729856444826,0.5373936872393026,44.99984301194198,dbscl-sentinel-1-2023\dbscl-sentinel-1_2023-12\S1_2023-12-12_11-19-49\S1A_IW_GRDH_1SDV_20231212T111949_20231212T112014_051621_063BA5_670F_metadata.json
2023-12-12 11:20:14,101.9455858142653,104.50629100209991,9.982922825298054,11.938854059016515,-14.4842473428083,2.5809044763083104,-22.631021123892097,6.337473561724521,0.5564978648423367,43.81145571795168,dbscl-sentinel-1-2023\dbscl-sentinel-1_2023-12\S1_2023-12-12_11-20-14\S1A_IW_GRDH_1SDV_20231212T112014_20231212T112039_051621_063BA5_1C93_metadata.json
2023-12-14 11:03:38,106.11793907406415,108.70003973978318,9.46414730376676,11.662392727628305,-15.90954507240874,2.652232059594471,-24.286527229749822,7.53256291506752,0.5194197343348479,31.81833796000394,dbscl-sentinel-1-2023\dbscl-sentinel-1_2023-12\S1_2023-12-14_11-03-38\S1A_IW_GRDH_1SDV_20231214T110338_20231214T110407_051650_063CA4_AACE_metadata.json
2023-12-18 22:45:40,104.70665319470874,107.26318030521128,10.5177553399633,12.471102837969482,-17.880067675610576,2.632023757168432,-27.293155629919507,8.466979721301634,0.5260449328535738,38.10265457515073,dbscl-sentinel-1-2023\dbscl-sentinel-1_2023-12\S1_2023-12-18_22-45-40\S1A_IW_GRDH_1SDV_20231218T224540_20231218T224605_051715_063EE7_CFCB_metadata.json
2023-12-18 22:46:05,104.4069894682085,106.95913938042388,9.005162714904902,10.962859094027914,-16.944983712536445,2.631019339384225,-25.95293939194298,7.937028033129849,0.5247955236752628,38.75372877953875,dbscl-sentinel-1-2023\dbscl-sentinel-1_2023-12\S1_2023-12-18_22-46-05\S1A_IW_GRDH_1SDV_20231218T224605_20231218T224630_051715_063EE7_1430_metadata.json
2023-12-18 22:46:30,104.17571011793484,106.6484801102464,7.967523666965407,9.454334323543383,-17.740546984449164,2.5748784940720006,-28.20425536928991,7.27683859960853,0.5821581216563698,41.008339231999145,dbscl-sentinel-1-2023\dbscl-sentinel-1_2023-12\S1_2023-12-18_22-46-30\S1A_IW_GRDH_1SDV_20231218T224630_20231218T224649_051715_063EE7_0113_metadata.json
2023-12-19 11:11:23,104.41702130544672,106.98860279926303,7.736190166607352,9.93719011920718,-17.718251811779982,2.564469980559376,-27.918019753081506,7.518483870478477,0.5703760439580144,38.57305498904216,dbscl-sentinel-1-2023\dbscl-sentinel-1_2023-12\S1_2023-12-19_11-11-23\S1A_IW_GRDH_1SDV_20231219T111123_20231219T111152_051723_063F32_5DF1_metadata.json
2023-12-19 11:11:52,104.10894842825428,106.66333259798893,9.4888261075235,11.445471223321828,-17.347712657954716,2.6384577604375856,-26.56064230033587,8.134783015573571,0.5268426549444681,40.327989306172846,dbscl-sentinel-1-2023\dbscl-sentinel-1_2023-12\S1_2023-12-19_11-11-52\S1A_IW_GRDH_1SDV_20231219T111152_20231219T111217_051723_063F32_996C_metadata.json
2023-12-23 22:54:11,102.44283840740717,104.98888388797208,9.591379105646457,11.385945230635205,-16.58976173759509,2.581790406022048,-25.89331789597225,7.286205579218026,0.5583394778930472,33.138037749947685,dbscl-sentinel-1-2023\dbscl-sentinel-1_2023-12\S1_2023-12-23_22-54-11\S1A_IW_GRDH_1SDV_20231223T225411_20231223T225436_051788_06415E_F8D2_metadata.json
2023-12-24 11:19:23,102.56865155967594,105.11147215587734,6.958634161207977,8.921758060470083,-16.718518185405536,2.4890208412185677,-26.966675797253263,6.47036057355782,0.6113885435519375,45.92414886061693,dbscl-sentinel-1-2023\dbscl-sentinel-1_2023-12\S1_2023-12-24_11-19-23\S1A_IW_GRDH_1SDV_20231224T111923_20231224T111948_051796_0641AC_0799_metadata.json
2023-12-24 11:19:48,102.25776703452048,104.80856297364018,8.470648252731065,10.429935594058838,-15.10774446489126,2.6604490362980884,-23.667015636682876,6.548473293099582,0.5604698627399568,44.858824224606224,dbscl-sentinel-1-2023\dbscl-sentinel-1_2023-12\S1_2023-12-24_11-19-48\S1A_IW_GRDH_1SDV_20231224T111948_20231224T112013_051796_0641AC_353A_metadata.json
2023-12-24 11:20:13,101.9471818868599,104.50765848655578,9.982866422707568,11.93888870965779,-14.770451065826038,2.552955107480625,-23.30517043388084,6.235731697771211,0.5727113897952447,43.690715548111406,dbscl-sentinel-1-2023\dbscl-sentinel-1_2023-12\S1_2023-12-24_11-20-13\S1A_IW_GRDH_1SDV_20231224T112013_20231224T112038_051796_0641AC_7200_metadata.json
2023-12-26 11:03:37,106.11933854469396,108.70131000826244,9.464111887418554,11.662313449856004,-16.079563923084002,2.625612578268871,-24.749702614824606,7.4094252313432305,0.5286188037405893,31.80608850124481,dbscl-sentinel-1-2023\dbscl-sentinel-1_2023-12\S1_2023-12-26_11-03-37\S1A_IW_GRDH_1SDV_20231226T110337_20231226T110406_051825_0642AD_153D_metadata.json
2023-12-30 22:45:39,104.70540013436931,107.2620646545248,10.517760039378016,12.471114030134396,-17.21781795294636,2.630153701057578,-26.32450744499058,8.111128460902119,0.5303879436197456,38.09623608167598,dbscl-sentinel-1-2023\dbscl-sentinel-1_2023-12\S1_2023-12-30_22-45-39\S1A_IW_GRDH_1SDV_20231230T224539_20231230T224604_051890_0644ED_3D0B_metadata.json
2023-12-30 22:46:04,104.4057080825842,106.95780859555214,9.005135386373128,10.962861886808618,-16.499709957051977,2.6305081805831083,-25.429695299914115,7.569724614189853,0.5349518814487654,38.74797117196297,dbscl-sentinel-1-2023\dbscl-sentinel-1_2023-12\S1_2023-12-30_22-46-04\S1A_IW_GRDH_1SDV_20231230T224604_20231230T224629_051890_0644ED_69C2_metadata.json
2023-12-30 22:46:29,104.17494639686733,106.6471570996595,7.967351187126651,9.45423909333665,-17.63527049308511,2.5514485329744407,-27.9025584800719,7.367982506098348,0.5762393833140208,41.00314966015132,dbscl-sentinel-1-2023\dbscl-sentinel-1_2023-12\S1_2023-12-30_22-46-29\S1A_IW_GRDH_1SDV_20231230T224629_20231230T224649_051890_0644ED_DF7E_metadata.json
2023-12-31 11:11:22,104.4150354179894,106.98695978431137,7.735805524884622,9.93694715892786,,,,,,,
2023-12-31 11:11:51,104.10733450000608,106.66158534742898,9.488595089893234,11.445038344472575,,,,,,,
2024-01-04 22:54:11,102.44267458929438,104.98813761907716,9.591236296327546,11.3859281415603,-16.153166846788306,2.4578799768599686,-25.562506277434224,6.743827416142274,0.5764399743156499,33.139025154563654,dbscl-sentinel-1-2024\dbscl-sentinel-1_2024-01\S1_2024-01-04_22-54-11\S1A_IW_GRDH_1SDV_20240104T225411_20240104T225435_051963_06475D_1068_metadata.json
2024-01-05 11:19:23,102.56752038578084,105.11045901321252,6.958636029777783,8.921769665433748,-16.674493358813315,2.512285844391035,-26.67942647806368,6.66956023956297,0.5961132674588796,45.92645466190664,dbscl-sentinel-1-2024\dbscl-sentinel-1_2024-01\S1_2024-01-05_11-19-23\S1A_IW_GRDH_1SDV_20240105T111923_20240105T111948_051971_0647AB_8D78_metadata.json
2024-01-05 11:19:48,102.25683822809548,104.80743491439364,8.470613909976388,10.429936893342465,-15.121783638005247,2.587196613010285,-23.642602136175128,6.600965139835487,0.5509464343842437,44.85519867646536,dbscl-sentinel-1-2024\dbscl-sentinel-1_2024-01\S1_2024-01-05_11-19-48\S1A_IW_GRDH_1SDV_20240105T111948_20240105T112013_051971_0647AB_DB5D_metadata.json
2024-01-05 11:20:13,101.94623883328804,104.50671652331476,9.982824206596494,11.938888322844774,-14.698969228918218,2.5626932014146893,-23.107543097829865,6.290395360006471,0.5662811330404591,43.68794319112697,dbscl-sentinel-1-2024\dbscl-sentinel-1_2024-01\S1_2024-01-05_11-20-13\S1A_IW_GRDH_1SDV_20240105T112013_20240105T112038_051971_0647AB_A68F_metadata.json
2024-01-07 11:03:37,106.11856075073663,108.70042497948812,9.46461086786854,11.662338406212998,-15.81283414590406,2.634025000012985,-24.187467659167176,7.438200632641068,0.5235575696820733,31.81449015003913,dbscl-sentinel-1-2024\dbscl-sentinel-1_2024-01\S1_2024-01-07_11-03-37\S1A_IW_GRDH_1SDV_20240107T110337_20240107T110406_052000_0648AE_D4CA_metadata.json
2024-01-11 22:45:39,104.70644629355212,107.26285408735193,10.51772497832614,12.47107830680812,-16.737627001638465,2.6140557421651933,-26.28180203413284,7.193451969144168,0.5539240243727174,38.10152854495705,dbscl-sentinel-1-2024\dbscl-sentinel-1_2024-01\S1_2024-01-11_22-45-39\S1A_IW_GRDH_1SDV_20240111T224539_20240111T224604_052065_064AE0_DFF1_metadata.json
2024-01-11 22:46:04,104.40684523627802,106.9589373391548,9.005179607859382,10.962817786055483,-16.657226938732762,2.5843525660203897,-26.13090748297713,7.183546394488402,0.5599094541409456,38.75271219517035,dbscl-sentinel-1-2024\dbscl-sentinel-1_2024-01\S1_2024-01-11_22-46-04\S1A_IW_GRDH_1SDV_20240111T224604_20240111T224629_052065_064AE0_58DF_metadata.json
2024-01-11 22:46:29,104.1754408244353,106.6482968780174,7.96714564817955,9.454399670233355,-17.76310096139231,2.5486331979600414,-28.070357019919268,7.455844902865398,0.5772840838492299,41.00751298544329,dbscl-sentinel-1-2024\dbscl-sentinel-1_2024-01\S1_2024-01-11_22-46-29\S1A_IW_GRDH_1SDV_20240111T224629_20240111T224648_052065_064AE0_4465_metadata.json
2024-01-12 11:11:21,104.4162240695374,106.98803650823687,7.736150511809979,9.93684691017832,-17.724817004482542,2.5709261611966503,-27.822587810333104,7.627046198632127,0.5676040940788326,38.56721536143515,dbscl-sentinel-1-2024\dbscl-sentinel-1_2024-01\S1_2024-01-12_11-11-21\S1A_IW_GRDH_1SDV_20240112T111121_20240112T111150_052073_064B2B_0C21_metadata.json
2024-01-12 11:11:50,104.1082058062557,106.66268454028756,9.488543822787742,11.44498466129054,-16.585498533862253,2.627273960746046,-26.26810619521074,6.902890872513868,0.5746848000008354,40.28582338270684,dbscl-sentinel-1-2024\dbscl-sentinel-1_2024-01\S1_2024-01-12_11-11-50\S1A_IW_GRDH_1SDV_20240112T111150_20240112T111215_052073_064B2B_603E_metadata.json
2024-01-16 22:54:10,102.44453511516755,104.9904137901416,9.59100471317372,11.38603646908818,-15.92521582523163,2.492001067078645,-25.847672741130747,6.002758909332712,0.613790402669693,33.13406427282502,dbscl-sentinel-1-2024\dbscl-sentinel-1_2024-01\S1_2024-01-16_22-54-10\S1A_IW_GRDH_1SDV_20240116T225410_20240116T225434_052138_064D57_6E4D_metadata.json
2024-01-17 11:19:22,102.5686089182725,105.11150855632896,6.9583933785182985,8.921718214977844,-16.733790657936346,2.4962535923379807,-26.94818613746099,6.51939517841169,0.6070827437570545,45.973132329779546,dbscl-sentinel-1-2024\dbscl-sentinel-1_2024-01\S1_2024-01-17_11-19-22\S1A_IW_GRDH_1SDV_20240117T111922_20240117T111947_052146_064D9A_3D63_metadata.json
2024-01-17 11:19:47,102.2578707693299,104.80846697964904,8.470552493985956,10.429998352412982,-15.065829430755452,2.674536344666252,-23.52748751911596,6.604171342394972,0.5512205570166779,45.00605131866054,dbscl-sentinel-1-2024\dbscl-sentinel-1_2024-01\S1_2024-01-17_11-19-47\S1A_IW_GRDH_1SDV_20240117T111947_20240117T112012_052146_064D9A_1AF0_metadata.json
2024-01-17 11:20:12,101.94727505205312,104.5080882775876,9.982851799604733,11.938859155135203,-14.669712077328596,2.559271955205074,-23.047791706757696,6.291632447899615,0.5651242581911192,43.81597375511903,dbscl-sentinel-1-2024\dbscl-sentinel-1_2024-01\S1_2024-01-17_11-20-12\S1A_IW_GRDH_1SDV_20240117T112012_20240117T112037_052146_064D9A_BC74_metadata.json
2024-01-19 11:03:36,106.11847434931454,108.70052230898914,9.464229654563018,11.662359407153849,-15.792690428297185,2.6381751137785474,-24.255788335030616,7.329592521563811,0.5270332677222239,31.812656717418417,dbscl-sentinel-1-2024\dbscl-sentinel-1_2024-01\S1_2024-01-19_11-03-36\S1A_IW_GRDH_1SDV_20240119T110336_20240119T110405_052175_064E9A_9DD3_metadata.json
2024-01-23 22:45:38,104.70633470052758,107.26279338941193,10.51778364309345,12.471154554519154,-16.434046177040752,2.547983313935046,-26.509244224350525,6.358848129731082,0.6009487418351462,38.10225225503266,dbscl-sentinel-1-2024\dbscl-sentinel-1_2024-01\S1_2024-01-23_22-45-38\S1A_IW_GRDH_1SDV_20240123T224538_20240123T224603_052240_0650CC_99F1_metadata.json
2024-01-23 22:46:03,104.40659664968024,106.95871413014576,9.005181940686803,10.962897380487655,-16.55272171709524,2.546213839208136,-26.275642255394438,6.829801178796074,0.5758938862224737,38.753596607825486,dbscl-sentinel-1-2024\dbscl-sentinel-1_2024-01\S1_2024-01-23_22-46-03\S1A_IW_GRDH_1SDV_20240123T224603_20240123T224628_052240_0650CC_E146_metadata.json
2024-01-23 22:46:28,104.17522429048624,106.64806669106176,7.967405494381218,9.454434729547478,-17.623495864243235,2.5099275027387646,-27.913989184415364,7.333002544071133,0.5814197343398907,41.00851032371807,dbscl-sentinel-1-2024\dbscl-sentinel-1_2024-01\S1_2024-01-23_22-46-28\S1A_IW_GRDH_1SDV_20240123T224628_20240123T224647_052240_0650CC_0CCE_metadata.json
2024-01-24 11:11:21,104.41579045885798,106.9876464294689,7.736774126030332,9.936818501119678,-17.972457768618877,2.5758559277190223,-28.09943574030813,7.845479796929802,0.5625220809591027,38.57140850683807,dbscl-sentinel-1-2024\dbscl-sentinel-1_2024-01\S1_2024-01-24_11-11-21\S1A_IW_GRDH_1SDV_20240124T111121_20240124T111150_052248_06510B_5C96_metadata.json
2024-01-24 11:11:50,104.10815519926588,106.66237679451557,9.488437341940068,11.445088173125464,-16.54949204036397,2.518221828705492,-26.525546479964987,6.573437600762891,0.5915166886537336,40.29568468247085,dbscl-sentinel-1-2024\dbscl-sentinel-1_2024-01\S1_2024-01-24_11-11-50\S1A_IW_GRDH_1SDV_20240124T111150_20240124T111215_052248_06510B_3725_metadata.json
2024-01-28 22:54:10,102.4412068840218,104.98691583522046,9.592813410121138,11.385929751533649,-15.891303975551525,2.501075995866876,-26.04305861118158,5.739549339921255,0.6290233942423569,33.13999567896859,dbscl-sentinel-1-2024\dbscl-sentinel-1_2024-01\S1_2024-01-28_22-54-10\S1A_IW_GRDH_1SDV_20240128T225410_20240128T225434_052313_065339_3117_metadata.json
2024-01-29 11:19:22,102.56648571156552,105.1094551552329,6.958293835577285,8.92161195519014,-16.821900391987896,2.4979014821803,-27.0363886684402,6.6074121155355865,0.6050908956180037,45.97802019911424,dbscl-sentinel-1-2024\dbscl-sentinel-1_2024-01\S1_2024-01-29_11-19-22\S1A_IW_GRDH_1SDV_20240129T111922_20240129T111947_052321_065383_F963_metadata.json
2024-01-29 11:19:47,102.25578116031932,104.80637079902196,8.470452923193143,10.429891447618802,-15.149847349575971,2.517314179582585,-23.63983034950542,6.65986434964641,0.5436460281342289,44.99833785006548,dbscl-sentinel-1-2024\dbscl-sentinel-1_2024-01\S1_2024-01-29_11-19-47\S1A_IW_GRDH_1SDV_20240129T111947_20240129T112012_052321_065383_1DC2_metadata.json
2024-01-29 11:20:12,101.94519652975488,104.50596244154006,9.98276708300715,11.938692034663182,-14.712590220098498,2.577243105218273,-23.104234263063,6.320946177134107,0.5642492169768821,43.80966618324752,dbscl-sentinel-1-2024\dbscl-sentinel-1_2024-01\S1_2024-01-29_11-20-12\S1A_IW_GRDH_1SDV_20240129T112012_20240129T112037_052321_065383_9D30_metadata.json
2024-01-31 11:03:36,106.1178183995744,108.69986356819376,9.464025747847606,11.662168347173925,-15.865354739980232,2.661147286810273,-24.355566660743666,7.375142819216908,0.5314834845452929,31.80943335036406,dbscl-sentinel-1-2024\dbscl-sentinel-1_2024-01\S1_2024-01-31_11-03-36\S1A_IW_GRDH_1SDV_20240131T110336_20240131T110405_052350_065485_118B_metadata.json
2024-02-04 22:45:38,104.70636477902222,107.26277093207976,10.517507880458904,12.471200701164284,-15.976372631014824,2.4918673391645294,-26.137059995017218,5.815685267012416,0.628606769379882,38.10345669914313,dbscl-sentinel-1-2024\dbscl-sentinel-1_2024-02\S1_2024-02-04_22-45-38\S1A_IW_GRDH_1SDV_20240204T224538_20240204T224603_052415_0656B9_646B_metadata.json
2024-02-04 22:46:03,104.406708553563,106.95868809811628,9.005215854002833,10.96286884912638,-16.183058591647093,2.5239155778272315,-25.63101355568071,6.735103627613529,0.5715435463941894,38.754891092636754,dbscl-sentinel-1-2024\dbscl-sentinel-1_2024-02\S1_2024-02-04_22-46-03\S1A_IW_GRDH_1SDV_20240204T224603_20240204T224628_052415_0656B9_8309_metadata.json
2024-02-04 22:46:28,104.17558367317912,106.64802324431317,7.966643803923891,9.454455729050558,-17.62352128027943,2.532000179222666,-28.244429597822325,7.00261296273659,0.5947375565659077,41.00947360791629,dbscl-sentinel-1-2024\dbscl-sentinel-1_2024-02\S1_2024-02-04_22-46-28\S1A_IW_GRDH_1SDV_20240204T224628_20240204T224647_052415_0656B9_D0E1_metadata.json
2024-02-05 11:11:21,104.41600788576596,106.98782417197702,7.73606635853558,9.936909399828933,-17.766547932303332,2.54880947511519,-28.147277880744383,7.385817983862388,0.5792655107584604,38.5688121608465,dbscl-sentinel-1-2024\dbscl-sentinel-1_2024-02\S1_2024-02-05_11-11-21\S1A_IW_GRDH_1SDV_20240205T111121_20240205T111150_052423_065700_FD72_metadata.json
2024-02-05 11:11:50,104.10805930305824,106.6625855866158,9.488536844226656,11.444898554445285,-16.35836518598968,2.5048021104039915,-26.515262093197865,6.201468278781523,0.6055366249019501,40.29506360551517,dbscl-sentinel-1-2024\dbscl-sentinel-1_2024-02\S1_2024-02-05_11-11-50\S1A_IW_GRDH_1SDV_20240205T111150_20240205T111215_052423_065700_65B3_metadata.json
2024-02-09 22:54:09,102.4421834862259,104.98771407223288,9.59164642428158,11.38595087451334,-16.129996726354136,2.4660344778636656,-26.544089971859,5.715903480849354,0.6349068757499433,33.14159202717318,dbscl-sentinel-1-2024\dbscl-sentinel-1_2024-02\S1_2024-02-09_22-54-09\S1A_IW_GRDH_1SDV_20240209T225409_20240209T225434_052488_065922_B9D0_metadata.json
2024-02-10 11:19:21,102.56728389049916,105.11037006465268,6.958090904171208,8.921441721292314,-16.877402308294876,2.463523229691709,-27.485424740978008,6.2693798756117305,0.6276506353425301,45.97511194825995,dbscl-sentinel-1-2024\dbscl-sentinel-1_2024-02\S1_2024-02-10_11-19-21\S1A_IW_GRDH_1SDV_20240210T111921_20240210T111946_052496_065965_1016_metadata.json
2024-02-10 11:19:46,102.25664184988204,104.80752146869877,8.470375416740039,10.429651500214469,-14.978257945667304,2.26155573244856,-23.467387136218854,6.489128755115672,0.5527476558394103,45.00032567760065,dbscl-sentinel-1-2024\dbscl-sentinel-1_2024-02\S1_2024-02-10_11-19-46\S1A_IW_GRDH_1SDV_20240210T111946_20240210T112011_052496_065965_CC67_metadata.json
2024-02-10 11:20:11,101.9460795833482,104.506861385659,9.982572261515273,11.938591430485392,-14.56055867555816,2.5498559492401016,-22.94554916557903,6.17556818553737,0.5696646453829419,43.812544066880506,dbscl-sentinel-1-2024\dbscl-sentinel-1_2024-02\S1_2024-02-10_11-20-11\S1A_IW_GRDH_1SDV_20240210T112011_20240210T112036_052496_065965_FC1B_metadata.json
2024-02-12 11:03:35,106.11785213459156,108.69975119541236,9.464156842415647,11.66219782140225,-15.951098932934691,2.610793498014232,-24.726683594357183,7.175514271512299,0.5439689331910992,31.8095034397202,dbscl-sentinel-1-2024\dbscl-sentinel-1_2024-02\S1_2024-02-12_11-03-35\S1A_IW_GRDH_1SDV_20240212T110335_20240212T110404_052525_065A6A_E0AF_metadata.json
2024-02-16 22:45:38,104.70603551771411,107.26251082401043,10.51758543637876,12.47128988598752,-15.65529342191289,2.4358244060821974,-25.686456258053788,5.624130585772261,0.6284715228710516,38.10198003105053,dbscl-sentinel-1-2024\dbscl-sentinel-1_2024-02\S1_2024-02-16_22-45-38\S1A_IW_GRDH_1SDV_20240216T224538_20240216T224603_052590_065CA3_E4D3_metadata.json
2024-02-16 22:46:03,104.40645117475994,106.95833590035674,9.005285080156062,10.96293853036103,-16.286967678089162,2.6709453298405927,-25.605211524552644,6.968723831625659,0.563627781518622,38.75358515282616,dbscl-sentinel-1-2024\dbscl-sentinel-1_2024-02\S1_2024-02-16_22-46-03\S1A_IW_GRDH_1SDV_20240216T224603_20240216T224628_052590_065CA3_9A44_metadata.json
2024-02-16 22:46:28,104.17478936149814,106.64767180271332,7.967364426596318,9.454529610736012,-17.844244595776075,2.539552646005161,-28.47631686011265,7.212172331439463,0.5920226650871423,41.00817425240725,dbscl-sentinel-1-2024\dbscl-sentinel-1_2024-02\S1_2024-02-16_22-46-28\S1A_IW_GRDH_1SDV_20240216T224628_20240216T224647_052590_065CA3_C168_metadata.json
2024-02-17 11:11:21,104.41528117666176,106.98718265999187,7.736122728267507,9.936854773411277,-18.034078255175476,2.531039707893502,-28.721615839229525,7.3465406711214944,0.5880689290139278,38.57249653552403,dbscl-sentinel-1-2024\dbscl-sentinel-1_2024-02\S1_2024-02-17_11-11-21\S1A_IW_GRDH_1SDV_20240217T111121_20240217T111149_052598_065CE4_F3A7_metadata.json
2024-02-17 11:11:49,104.10742038073064,106.66194913566288,9.48841092951352,11.445114676268402,-16.360101202229444,2.505551441563907,-26.411642038985786,6.3085603654731335,0.6031320582545349,40.29727846175539,dbscl-sentinel-1-2024\dbscl-sentinel-1_2024-02\S1_2024-02-17_11-11-49\S1A_IW_GRDH_1SDV_20240217T111149_20240217T111214_052598_065CE4_2A74_metadata.json
2024-02-21 22:54:09,102.44179043037798,104.98732101534,9.591064952182188,11.385923274751848,-15.839917342357603,2.4724823398529723,-25.531226851167613,6.148607833547453,0.6051773400883635,33.14113555783339,dbscl-sentinel-1-2024\dbscl-sentinel-1_2024-02\S1_2024-02-21_22-54-09\S1A_IW_GRDH_1SDV_20240221T225409_20240221T225434_052663_065F13_F417_metadata.json
2024-02-22 11:19:21,102.56688094778768,105.10988695972571,6.958171003755744,8.921457241146886,-16.775249636122123,2.497240030628907,-27.002625942727768,6.5478733295163405,0.6055378973684578,45.977043121159056,dbscl-sentinel-1-2024\dbscl-sentinel-1_2024-02\S1_2024-02-22_11-19-21\S1A_IW_GRDH_1SDV_20240222T111921_20240222T111946_052671_065F5D_7F28_metadata.json
2024-02-22 11:19:46,102.2564946319385,104.80679786905785,8.470388019435086,10.429756949925032,-15.224075057897211,2.612117583522359,-23.880439827184457,6.567710288609941,0.5543786803933005,45.000121600868695,dbscl-sentinel-1-2024\dbscl-sentinel-1_2024-02\S1_2024-02-22_11-19-46\S1A_IW_GRDH_1SDV_20240222T111946_20240222T112011_052671_065F5D_63BA_metadata.json
2024-02-22 11:20:11,101.94565477288587,104.50641453465852,9.982655028337827,11.93855587623464,-14.699933573951668,2.5496681322922314,-23.240077946605616,6.159789201297654,0.5752598790738843,43.811869038981456,dbscl-sentinel-1-2024\dbscl-sentinel-1_2024-02\S1_2024-02-22_11-20-11\S1A_IW_GRDH_1SDV_20240222T112011_20240222T112036_052671_065F5D_9005_metadata.json
2024-02-24 11:03:35,106.11753030635344,108.69980674743636,9.462556934143198,11.662127287615832,-15.847148307769103,2.589705026645262,-24.692806061854547,7.001490553683685,0.556378747852796,31.809592905206127,dbscl-sentinel-1-2024\dbscl-sentinel-1_2024-02\S1_2024-02-24_11-03-35\S1A_IW_GRDH_1SDV_20240224T110335_20240224T110404_052700_06605C_BF04_metadata.json
2024-02-28 22:45:38,104.70565241861884,107.26232322890002,10.517553837033567,12.471277725574003,-15.355307988887906,2.3963985060824786,-25.254698875632883,5.455917102143034,0.6448389030949013,38.09876281457834,dbscl-sentinel-1-2024\dbscl-sentinel-1_2024-02\S1_2024-02-28_22-45-38\S1A_IW_GRDH_1SDV_20240228T224538_20240228T224603_052765_066293_86D9_metadata.json
2024-02-28 22:46:03,104.4059582663004,106.95797622682691,9.0052811855148,10.962896536034076,-16.279229227986868,2.5840203429643656,-25.51423046750075,7.044227988472995,0.5588519422008028,38.75042840786583,dbscl-sentinel-1-2024\dbscl-sentinel-1_2024-02\S1_2024-02-28_22-46-03\S1A_IW_GRDH_1SDV_20240228T224603_20240228T224628_052765_066293_CF92_metadata.json
2024-02-28 22:46:28,104.17472188333797,106.64726441181752,7.968859641327586,9.454516692701455,-17.905877261872522,2.5324131345377694,-28.54353322764876,7.268221296096473,0.5901781447302438,41.00513195975444,dbscl-sentinel-1-2024\dbscl-sentinel-1_2024-02\S1_2024-02-28_22-46-28\S1A_IW_GRDH_1SDV_20240228T224628_20240228T224647_052765_066293_8F08_metadata.json
2024-02-29 11:11:20,104.41469711190784,106.98701725991116,7.734766010462154,9.936850697729133,-18.003740658920265,2.525764051213747,-28.68050088489792,7.326980432942546,0.5900588761476736,38.566029578886585,dbscl-sentinel-1-2024\dbscl-sentinel-1_2024-02\S1_2024-02-29_11-11-20\S1A_IW_GRDH_1SDV_20240229T111120_20240229T111149_052773_0662DF_C6FC_metadata.json
2024-02-29 11:11:49,104.10699744747214,106.6614309804982,9.488384840062242,11.445093738806667,-16.053736226518996,2.4245728156817736,-25.835545024589194,6.271927428448717,0.5999203763910481,40.28362242723652,dbscl-sentinel-1-2024\dbscl-sentinel-1_2024-02\S1_2024-02-29_11-11-49\S1A_IW_GRDH_1SDV_20240229T111149_20240229T111214_052773_0662DF_B495_metadata.json
2024-03-04 22:54:10,102.44218226175074,104.98691324991604,9.59256964812639,11.386027726468356,-16.039683151915337,2.525510763283283,-25.6951702105307,6.384196093299973,0.5955088240181106,33.14360313458147,dbscl-sentinel-1-2024\dbscl-sentinel-1_2024-03\S1_2024-03-04_22-54-10\S1A_IW_GRDH_1SDV_20240304T225410_20240304T225434_052838_066506_1BE9_metadata.json
2024-03-05 11:19:22,102.56683445448864,105.1098262929102,6.958463939798456,8.92126564257217,-16.540786054552125,2.5075443720293875,-26.60016564049029,6.48140646861389,0.5999557563213864,45.927330963182506,dbscl-sentinel-1-2024\dbscl-sentinel-1_2024-03\S1_2024-03-05_11-19-22\S1A_IW_GRDH_1SDV_20240305T111922_20240305T111947_052846_066551_E86C_metadata.json
2024-03-05 11:19:47,102.25610082926572,104.80696456560176,8.47038769051337,10.429824955476416,-15.035084696205804,2.6096118969604176,-23.67366223427194,6.3965071581396975,0.5578179592475184,44.85077118276262,dbscl-sentinel-1-2024\dbscl-sentinel-1_2024-03\S1_2024-03-05_11-19-47\S1A_IW_GRDH_1SDV_20240305T111947_20240305T112012_052846_066551_C304_metadata.json
2024-03-05 11:20:12,101.94552634619764,104.50630335535116,9.98268694040518,11.938633118616064,-14.579148884480142,2.547037351527382,-23.08866988223396,6.069627886726416,0.5778381417917887,43.68431901161659,dbscl-sentinel-1-2024\dbscl-sentinel-1_2024-03\S1_2024-03-05_11-20-12\S1A_IW_GRDH_1SDV_20240305T112012_20240305T112037_052846_066551_15B5_metadata.json
2024-03-07 11:03:35,106.11837475893758,108.70078611375052,9.462216135593629,11.66184607324653,-15.821459246722048,2.620958081649215,-24.62797587913912,7.0149426143050375,0.5531312540654449,31.81389652463476,dbscl-sentinel-1-2024\dbscl-sentinel-1_2024-03\S1_2024-03-07_11-03-35\S1A_IW_GRDH_1SDV_20240307T110335_20240307T110404_052875_066657_D0D8_metadata.json
2024-03-11 22:45:38,104.70572467788742,107.26209540925854,10.517528578508951,12.47121801785906,-15.40847924626376,2.4871523966544715,-25.123180744607502,5.6937777479199445,0.6264738001633124,38.09962519503168,dbscl-sentinel-1-2024\dbscl-sentinel-1_2024-03\S1_2024-03-11_22-45-38\S1A_IW_GRDH_1SDV_20240311T224538_20240311T224603_052940_066889_3692_metadata.json
2024-03-11 22:46:03,104.4060573807337,106.95789353712333,9.005234766335827,10.962874408202024,-16.479642292185392,2.6126981214791267,-25.838393873892752,7.120890710477982,0.5602046155623533,38.75139504287859,dbscl-sentinel-1-2024\dbscl-sentinel-1_2024-03\S1_2024-03-11_22-46-03\S1A_IW_GRDH_1SDV_20240311T224603_20240311T224628_052940_066889_9ACB_metadata.json
2024-03-11 22:46:28,104.17529425166468,106.64726684050903,7.968893431067881,9.454460590608477,-18.12621373137782,2.500452532269265,-29.012138557286224,7.240288905469424,0.5961796870729335,41.00623940174573,dbscl-sentinel-1-2024\dbscl-sentinel-1_2024-03\S1_2024-03-11_22-46-28\S1A_IW_GRDH_1SDV_20240311T224628_20240311T224647_052940_066889_3409_metadata.json
2024-03-12 11:11:21,104.41519990838898,106.98754147767114,7.734538491703756,9.936829289433614,-18.018792015567023,2.531506460124269,-28.770871630846937,7.266712400287282,0.5922666386552057,38.56924466280651,dbscl-sentinel-1-2024\dbscl-sentinel-1_2024-03\S1_2024-03-12_11-11-21\S1A_IW_GRDH_1SDV_20240312T111121_20240312T111150_052948_0668D4_1265_metadata.json
2024-03-12 11:11:50,104.1075642244144,106.66178865136229,9.488498448760046,11.444838115572344,-16.124802233447053,2.58373154349148,-25.678385629000505,6.5712188378937055,0.5830340996877224,40.29832734054832,dbscl-sentinel-1-2024\dbscl-sentinel-1_2024-03\S1_2024-03-12_11-11-50\S1A_IW_GRDH_1SDV_20240312T111150_20240312T111215_052948_0668D4_3CFC_metadata.json
2024-03-16 22:54:10,102.4423871865994,104.98775035582754,9.592565760286714,11.386035220655163,-16.138657835095575,2.526954365412542,-25.83838510195281,6.438930568238439,0.5947523937508115,33.143544476068115,dbscl-sentinel-1-2024\dbscl-sentinel-1_2024-03\S1_2024-03-16_22-54-10\S1A_IW_GRDH_1SDV_20240316T225410_20240316T225434_053013_066B1C_2C38_metadata.json
2024-03-17 11:19:22,102.56717479287654,105.11007163678752,6.958108635187199,8.921450609836894,-16.788366883558908,2.48760788603214,-27.131115222506125,6.4456185446116745,0.6124954553499602,45.97586388374743,dbscl-sentinel-1-2024\dbscl-sentinel-1_2024-03\S1_2024-03-17_11-19-22\S1A_IW_GRDH_1SDV_20240317T111922_20240317T111947_053021_066B71_0B60_metadata.json
2024-03-17 11:19:47,102.25626044579032,104.80713535850576,8.470271725236811,10.429728986298704,-15.146918184950668,2.471602596243246,-23.774527863182765,6.519308506718523,0.5542047620173559,44.9993595705351,dbscl-sentinel-1-2024\dbscl-sentinel-1_2024-03\S1_2024-03-17_11-19-47\S1A_IW_GRDH_1SDV_20240317T111947_20240317T112012_053021_066B71_5749_metadata.json
2024-03-17 11:20:12,101.94568080651808,104.50644661759156,9.982569284404075,11.938527710095055,-14.648685442419495,2.549407365797141,-23.16777350841078,6.129597376428233,0.5756832185071036,43.81079314718418,dbscl-sentinel-1-2024\dbscl-sentinel-1_2024-03\S1_2024-03-17_11-20-12\S1A_IW_GRDH_1SDV_20240317T112012_20240317T112037_053021_066B71_BC5F_metadata.json
2024-03-19 11:03:36,106.11780565922368,108.69994549159745,9.463491190582925,11.66219549958919,-15.91360194251661,2.613891122629996,-24.513684554360545,7.313519330672867,0.5358527689255262,31.808792558511737,dbscl-sentinel-1-2024\dbscl-sentinel-1_2024-03\S1_2024-03-19_11-03-36\S1A_IW_GRDH_1SDV_20240319T110336_20240319T110405_053050_066C9B_7C2C_metadata.json
2024-03-23 22:45:38,104.70575546817722,107.26214167665108,10.517602074317056,12.471168628556654,-15.614638747902124,2.5250814575861216,-25.006933788577925,6.2223437072264,0.5993974609816263,38.10151432565934,dbscl-sentinel-1-2024\dbscl-sentinel-1_2024-03\S1_2024-03-23_22-45-38\S1A_IW_GRDH_1SDV_20240323T224538_20240323T224603_053115_066F11_F9C0_metadata.json
2024-03-23 22:46:03,104.40608429084676,106.95794199797,9.005214605618619,10.96290665823832,-16.436179016685603,2.669142509732387,-25.775362450838912,7.09699558253232,0.5582553941815352,38.75304277274652,dbscl-sentinel-1-2024\dbscl-sentinel-1_2024-03\S1_2024-03-23_22-46-03\S1A_IW_GRDH_1SDV_20240323T224603_20240323T224628_053115_066F11_DB2C_metadata.json
2024-03-23 22:46:28,104.17480691823886,106.64735571264748,7.9672010311982975,9.454380842432208,-18.080233615310785,2.5211905215115658,-29.033386479184458,7.127080751437079,0.6053135612395588,41.00798573979991,dbscl-sentinel-1-2024\dbscl-sentinel-1_2024-03\S1_2024-03-23_22-46-28\S1A_IW_GRDH_1SDV_20240323T224628_20240323T224647_053115_066F11_8B6F_metadata.json
2024-03-24 11:11:21,104.41553226482142,106.98759742192829,7.735590518117195,9.936805755059009,-18.05808362266196,2.5252086880646485,-28.888211767075607,7.227955478248161,0.5932557662437058,38.569871357489895,dbscl-sentinel-1-2024\dbscl-sentinel-1_2024-03\S1_2024-03-24_11-11-21\S1A_IW_GRDH_1SDV_20240324T111121_20240324T111150_053123_066F5F_B937_metadata.json
2024-03-24 11:11:50,104.10772366684544,106.66210548202884,9.48842483967638,11.44510341219178,-16.35831536906814,2.5582955845231363,-25.696301073719976,7.020329664416284,0.5622802126072164,40.29655987519638,dbscl-sentinel-1-2024\dbscl-sentinel-1_2024-03\S1_2024-03-24_11-11-50\S1A_IW_GRDH_1SDV_20240324T111150_20240324T111215_053123_066F5F_55A3_metadata.json
2024-03-28 22:54:10,102.44227785831568,104.98789513369206,9.59170293605924,11.385963102968343,-16.13822192491968,1.833804450283003,-25.72031704790557,6.556126801933648,0.5891270205031198,33.139718182619795,dbscl-sentinel-1-2024\dbscl-sentinel-1_2024-03\S1_2024-03-28_22-54-10\S1A_IW_GRDH_1SDV_20240328T225410_20240328T225434_053188_0671CD_B2F0_metadata.json
2024-03-29 11:19:22,102.56728861864887,105.11007734661304,6.958184501960415,8.921484383385136,-16.886868852218615,2.471127694457055,-27.46959657565472,6.3041411287825495,0.6226901046709664,45.97724554461856,dbscl-sentinel-1-2024\dbscl-sentinel-1_2024-03\S1_2024-03-29_11-19-22\S1A_IW_GRDH_1SDV_20240329T111922_20240329T111947_053196_06721D_8FD9_metadata.json
2024-03-29 11:19:47,102.2563971852933,104.8073112273062,8.470350865834808,10.42977589786121,-15.13259493849744,2.607242956813984,-23.826412731363902,6.43877714563096,0.5601656586469582,45.00165891727724,dbscl-sentinel-1-2024\dbscl-sentinel-1_2024-03\S1_2024-03-29_11-19-47\S1A_IW_GRDH_1SDV_20240329T111947_20240329T112012_053196_06721D_C157_metadata.json
2024-03-29 11:20:12,101.94585494468905,104.50660481054766,9.982657022476602,11.938581085987408,-14.541735466999214,2.55550969267785,-22.985144100389423,6.098326833608993,0.5745761677342274,43.81332736001436,dbscl-sentinel-1-2024\dbscl-sentinel-1_2024-03\S1_2024-03-29_11-20-12\S1A_IW_GRDH_1SDV_20240329T112012_20240329T112037_053196_06721D_1424_metadata.json
2024-03-31 11:03:36,106.11757077037102,108.6998631150776,9.463416875292838,11.662232248014725,-16.11596730852775,2.6168577764304195,-24.903008452562897,7.328926164492628,0.5349574214682208,31.814225862103005,dbscl-sentinel-1-2024\dbscl-sentinel-1_2024-03\S1_2024-03-31_11-03-36\S1A_IW_GRDH_1SDV_20240331T110336_20240331T110405_053225_067340_1A2A_metadata.json
2024-04-04 22:45:39,104.70575511222006,107.26256638105102,10.51785397183536,12.471205661658589,-16.69825535703523,2.582677871336021,-26.1835373254646,7.212973388605999,0.564676937954069,38.09764101778264,dbscl-sentinel-1-2024\dbscl-sentinel-1_2024-04\S1_2024-04-04_22-45-39\S1A_IW_GRDH_1SDV_20240404T224539_20240404T224604_053290_0675B8_DA8E_metadata.json
2024-04-04 22:46:04,104.40607461031048,106.95813926434602,9.00517142080146,10.962947995212737,-16.922676636313568,2.5991673599164637,-26.57388708455966,7.271466188067372,0.5615022977170308,38.74921377426211,dbscl-sentinel-1-2024\dbscl-sentinel-1_2024-04\S1_2024-04-04_22-46-04\S1A_IW_GRDH_1SDV_20240404T224604_20240404T224629_053290_0675B8_EAA5_metadata.json
2024-04-04 22:46:29,104.17458719312448,106.64750800071806,7.96694046657657,9.454444457171224,-18.2572994944876,2.509334823682981,-29.41898745835809,7.095611530617124,0.6043492069991007,41.00408313217733,dbscl-sentinel-1-2024\dbscl-sentinel-1_2024-04\S1_2024-04-04_22-46-29\S1A_IW_GRDH_1SDV_20240404T224629_20240404T224648_053290_0675B8_837C_metadata.json
2024-04-05 11:11:21,104.41579045885798,106.98771931018702,7.735120684592587,9.936916272839143,-18.167668143234188,2.5578522820317997,-28.97654071555483,7.3587955709136414,0.5883332402221338,38.56620166550968,dbscl-sentinel-1-2024\dbscl-sentinel-1_2024-04\S1_2024-04-05_11-11-21\S1A_IW_GRDH_1SDV_20240405T111121_20240405T111150_053298_06760E_48E7_metadata.json
2024-04-05 11:11:50,104.10790438030244,106.6622198182512,9.48856517940862,11.445177841503057,-16.582063462855206,2.5976218970880063,-25.83926972149959,7.324857204210971,0.5503144305404138,40.28489238902654,dbscl-sentinel-1-2024\dbscl-sentinel-1_2024-04\S1_2024-04-05_11-11-50\S1A_IW_GRDH_1SDV_20240405T111150_20240405T111215_053298_06760E_30F6_metadata.json
2024-04-09 22:54:09,102.44520045824297,104.99016140565185,9.591494347867563,11.385801587394733,-16.174556211082745,2.5215088380666604,-25.772149296052152,6.576963126113295,0.587187682449135,33.151721479369776,dbscl-sentinel-1-2024\dbscl-sentinel-1_2024-04\S1_2024-04-09_22-54-09\S1A_IW_GRDH_1SDV_20240409T225409_20240409T225434_053363_0678A2_A2B4_metadata.json
2024-04-12 11:03:35,106.1248245516103,108.70688593682644,9.463520079402905,11.661859527076688,-16.35755568627651,2.6160313394573795,-25.081967194536293,7.633144178016897,0.5282246964488851,31.798733610731144,dbscl-sentinel-1-2024\dbscl-sentinel-1_2024-04\S1_2024-04-12_11-03-35\S1A_IW_GRDH_1SDV_20240412T110335_20240412T110404_053400_067A26_643A_metadata.json
2024-04-16 22:45:39,104.70696421438976,107.2634707179306,10.517825333898418,12.471132887314878,-17.426151770987598,2.602541360142129,-27.136362012751047,7.715941529224081,0.5963826571687632,38.10415064342711,dbscl-sentinel-1-2024\dbscl-sentinel-1_2024-04\S1_2024-04-16_22-45-39\S1A_IW_GRDH_1SDV_20240416T224539_20240416T224604_053465_067CAA_884A_metadata.json
2024-04-16 22:46:04,104.40733290774004,106.95945050450466,9.005225337283731,10.9629123779562,-17.171222607410456,2.545370102935068,-27.00927106149696,7.333174153323965,0.5615796603109078,38.7551011519056,dbscl-sentinel-1-2024\dbscl-sentinel-1_2024-04\S1_2024-04-16_22-46-04\S1A_IW_GRDH_1SDV_20240416T224604_20240416T224629_053465_067CAA_EDB6_metadata.json
2024-04-16 22:46:29,104.17607686156448,106.64884900387652,7.967499493917143,9.454508207858156,-18.32761431295282,2.499509499670481,-29.61532986214653,7.0398987637589165,0.6091312738417667,41.00949436284712,dbscl-sentinel-1-2024\dbscl-sentinel-1_2024-04\S1_2024-04-16_22-46-29\S1A_IW_GRDH_1SDV_20240416T224629_20240416T224648_053465_067CAA_9C46_metadata.json
2024-04-17 11:11:22,104.41619182847002,106.98810920890128,7.735476022309921,9.936927100986953,-18.522072979138045,2.513372384370678,-29.5097952606875,7.534350697588542,0.5847476581819118,38.56238353836475,dbscl-sentinel-1-2024\dbscl-sentinel-1_2024-04\S1_2024-04-17_11-11-22\S1A_IW_GRDH_1SDV_20240417T111122_20240417T111151_053473_067CFD_CE76_metadata.json
2024-04-17 11:11:51,104.10831756711552,106.66269767414194,9.488560118564536,11.44517875970043,-17.141012371200013,2.6284867212061256,-26.697538515397746,7.584486227002239,0.54889008464535,40.28122540136268,dbscl-sentinel-1-2024\dbscl-sentinel-1_2024-04\S1_2024-04-17_11-11-51\S1A_IW_GRDH_1SDV_20240417T111151_20240417T111216_053473_067CFD_E956_metadata.json
2024-04-22 11:19:23,102.5683008849484,105.11111047143616,6.958326193761257,8.921635171516957,-16.77855410237085,2.471454346244296,-27.317295337108952,6.2398128676327005,0.6225324401630754,45.97858485834319,dbscl-sentinel-1-2024\dbscl-sentinel-1_2024-04\S1_2024-04-22_11-19-23\S1A_IW_GRDH_1SDV_20240422T111923_20240422T111948_053546_067FDF_8AD2_metadata.json
2024-04-22 11:19:48,102.25770704650574,104.80801853354704,8.470616791412814,10.429837020055512,-15.188649617325076,2.595695094722742,-24.0373373319372,6.339961902712917,0.5655733746062921,45.010641844623365,dbscl-sentinel-1-2024\dbscl-sentinel-1_2024-04\S1_2024-04-22_11-19-48\S1A_IW_GRDH_1SDV_20240422T111948_20240422T112013_053546_067FDF_EC9D_metadata.json
2024-04-22 11:20:13,101.94718449896702,104.50764577770002,9.982849118939791,11.938794578861785,-14.619763865889096,2.529947253059252,-23.246792698499597,5.99273503327864,0.5844157289565122,43.82168076375152,dbscl-sentinel-1-2024\dbscl-sentinel-1_2024-04\S1_2024-04-22_11-20-13\S1A_IW_GRDH_1SDV_20240422T112013_20240422T112038_053546_067FDF_C3D8_metadata.json
2024-04-24 11:03:36,106.12005927866107,108.70217555500784,9.462529795652337,11.662122100763291,-16.381383728968736,2.613397499506518,-25.28901963436998,7.473747823567509,0.5355824949504565,31.81071735288651,dbscl-sentinel-1-2024\dbscl-sentinel-1_2024-04\S1_2024-04-24_11-03-36\S1A_IW_GRDH_1SDV_20240424T110336_20240424T110405_053575_068102_94C4_metadata.json
2024-04-28 22:45:39,104.70552044765296,107.2621878538623,10.517804789036004,12.4711465235846,-17.63872048030532,2.607034902421865,-27.141271258895348,8.136169701715433,0.5374092969142241,38.09627269349259,dbscl-sentinel-1-2024\dbscl-sentinel-1_2024-04\S1_2024-04-28_22-45-39\S1A_IW_GRDH_1SDV_20240428T224539_20240428T224604_053640_06838B_4A18_metadata.json
2024-04-28 22:46:04,104.40587034226222,106.95790497676468,9.005172720913501,10.96289263065068,-17.24861573207156,2.5876902876797727,-27.153401874284565,7.343829589858634,0.5638506641670482,38.747892574999206,dbscl-sentinel-1-2024\dbscl-sentinel-1_2024-04\S1_2024-04-28_22-46-04\S1A_IW_GRDH_1SDV_20240428T224604_20240428T224629_053640_06838B_FD2E_metadata.json
2024-04-28 22:46:29,104.17483564745568,106.64732557887176,7.967905788037122,9.454400910696362,-18.408472012099395,2.5109992318166228,-29.820972483611783,6.995971540586889,0.6112215288102957,41.003043750818335,dbscl-sentinel-1-2024\dbscl-sentinel-1_2024-04\S1_2024-04-28_22-46-29\S1A_IW_GRDH_1SDV_20240428T224629_20240428T224649_053640_06838B_E4F8_metadata.json
2024-04-29 11:11:22,104.415716384568,106.98782912678784,7.73433567047118,9.93684869412598,-18.50820789100479,2.531112117847764,-29.553172870965195,7.463242911044285,0.5901213823677773,38.57028879720232,dbscl-sentinel-1-2024\dbscl-sentinel-1_2024-04\S1_2024-04-29_11-11-22\S1A_IW_GRDH_1SDV_20240429T111122_20240429T111151_053648_0683DF_B69F_metadata.json
2024-04-29 11:11:51,104.10785040553796,106.66212023508643,9.488528286064684,11.444814424407882,-17.014124097530242,2.5656948291555355,-26.738243849835158,7.290004345225369,0.5649390662079865,40.3003632941231,dbscl-sentinel-1-2024\dbscl-sentinel-1_2024-04\S1_2024-04-29_11-11-51\S1A_IW_GRDH_1SDV_20240429T111151_20240429T111216_053648_0683DF_E9A1_metadata.json
2024-05-03 22:54:11,102.44154614869169,104.98692198646218,9.592219814916568,11.385886255638434,-16.042036849438514,2.508397079323996,-25.788446834210383,6.295626864666591,0.5988790752480146,33.13929680327467,dbscl-sentinel-1-2024\dbscl-sentinel-1_2024-05\S1_2024-05-03_22-54-11\S1A_IW_GRDH_1SDV_20240503T225411_20240503T225435_053713_06866A_810A_metadata.json
2024-05-04 11:19:23,102.56730052658232,105.10994459322126,6.958274825258664,8.92159711197349,-16.746787338582454,2.479589668551356,-27.179518424923497,6.31405625224135,0.6169873707874471,45.97997288137973,dbscl-sentinel-1-2024\dbscl-sentinel-1_2024-05\S1_2024-05-04_11-19-23\S1A_IW_GRDH_1SDV_20240504T111923_20240504T111948_053721_0686BF_99C9_metadata.json
2024-05-04 11:19:48,102.25670611590208,104.8070240492406,8.470564720673655,10.429774999378727,-14.940191377435823,2.5583876797697704,-23.4535185324744,6.4268642223973,0.5566877648306567,45.00564259154932,dbscl-sentinel-1-2024\dbscl-sentinel-1_2024-05\S1_2024-05-04_11-19-48\S1A_IW_GRDH_1SDV_20240504T111948_20240504T112013_053721_0686BF_5375_metadata.json
2024-05-04 11:20:13,101.94620679172832,104.50665297944732,9.982809180597744,11.938722430309683,-14.488653732137504,2.542196374751988,-22.95116201601871,6.026145448256187,0.5786720683759996,43.81802675660219,dbscl-sentinel-1-2024\dbscl-sentinel-1_2024-05\S1_2024-05-04_11-20-13\S1A_IW_GRDH_1SDV_20240504T112013_20240504T112038_053721_0686BF_D5B5_metadata.json
2024-05-06 11:03:37,106.1177850234461,108.69995056649915,9.462865933772466,11.662084303986775,-16.359460528821057,2.6381945197888705,-25.080674683973385,7.638246373668744,0.5260104392933147,31.814317523825657,dbscl-sentinel-1-2024\dbscl-sentinel-1_2024-05\S1_2024-05-06_11-03-37\S1A_IW_GRDH_1SDV_20240506T110337_20240506T110406_053750_0687EB_3D6E_metadata.json
2024-05-10 22:45:39,104.70511181001896,107.26178795228144,10.517429462487655,12.471076765635772,-16.947561804934374,2.6045173177441256,-26.12670119198716,7.76842241788166,0.5718242548478082,38.095017445418655,dbscl-sentinel-1-2024\dbscl-sentinel-1_2024-05\S1_2024-05-10_22-45-39\S1A_IW_GRDH_1SDV_20240510T224539_20240510T224604_053815_068A36_56EA_metadata.json
2024-05-10 22:46:04,104.40544901810514,106.95749134851594,9.005164930360744,10.962466122227427,-16.428709477930028,2.5552281488894115,-25.738643850928355,7.11877510493169,0.5544391445080323,38.74696438947339,dbscl-sentinel-1-2024\dbscl-sentinel-1_2024-05\S1_2024-05-10_22-46-04\S1A_IW_GRDH_1SDV_20240510T224604_20240510T224629_053815_068A36_CA85_metadata.json
2024-05-10 22:46:29,104.1743876851426,106.6466516628056,7.968392990322019,9.454265776847468,-17.517964398933508,2.540840536233894,-28.17215213321825,6.863776664648728,0.5969300266802288,41.002439000687886,dbscl-sentinel-1-2024\dbscl-sentinel-1_2024-05\S1_2024-05-10_22-46-29\S1A_IW_GRDH_1SDV_20240510T224629_20240510T224649_053815_068A36_82AF_metadata.json
2024-05-11 11:11:22,104.4160865787537,106.98753922548715,7.735764642753711,9.936782717317085,-18.186543654410908,2.554357203403683,-28.710499067186426,7.662588241635411,0.569712026436971,38.56738742728072,dbscl-sentinel-1-2024\dbscl-sentinel-1_2024-05\S1_2024-05-11_11-11-22\S1A_IW_GRDH_1SDV_20240511T111122_20240511T111151_053823_068A81_8434_metadata.json
2024-05-11 11:11:51,104.1081589216708,106.66246468328136,9.488514800584287,11.444912256252596,-16.64699635890288,2.566409966181212,-26.04650592388321,7.24748679392273,0.5562161580411056,40.27858121616745,dbscl-sentinel-1-2024\dbscl-sentinel-1_2024-05\S1_2024-05-11_11-11-51\S1A_IW_GRDH_1SDV_20240511T111151_20240511T111216_053823_068A81_C1BF_metadata.json
2024-05-15 22:54:11,102.44313438264336,104.9888025836311,9.591638810360632,11.385872384163187,-16.283930917306183,2.574669277953957,-25.75329784360888,6.814563991003593,0.5709635211926574,33.13722783978834,dbscl-sentinel-1-2024\dbscl-sentinel-1_2024-05\S1_2024-05-15_22-54-11\S1A_IW_GRDH_1SDV_20240515T225411_20240515T225435_053888_068CB0_E69D_metadata.json
2024-05-16 11:19:23,102.5682662991093,105.11124679443736,6.9580946142435165,8.921128842294234,-16.45024686257999,2.4803058827081155,-26.724690819490736,6.175802905669181,0.6185969536868995,45.9251078383274,dbscl-sentinel-1-2024\dbscl-sentinel-1_2024-05\S1_2024-05-16_11-19-23\S1A_IW_GRDH_1SDV_20240516T111923_20240516T111948_053896_068CFE_A755_metadata.json
2024-05-16 11:19:48,102.2576481063482,104.80841924982012,8.470397302161516,10.429715209282568,-14.887574132511237,2.46218803159824,-23.371178293602423,6.403969971420028,0.5562717106154799,44.85919072319333,dbscl-sentinel-1-2024\dbscl-sentinel-1_2024-05\S1_2024-05-16_11-19-48\S1A_IW_GRDH_1SDV_20240516T111948_20240516T112013_053896_068CFE_E6EC_metadata.json
2024-05-16 11:20:13,101.94716229605856,104.50778681939778,9.982705104183344,11.938504785819218,-14.424562019165512,2.549461831401984,-22.810613797733605,6.038510240597439,0.5754469656181057,43.69189779408654,dbscl-sentinel-1-2024\dbscl-sentinel-1_2024-05\S1_2024-05-16_11-20-13\S1A_IW_GRDH_1SDV_20240516T112013_20240516T112038_053896_068CFE_A836_metadata.json
2024-05-17 22:37:38,106.58397943880338,109.17679972527196,9.743364092147834,11.756771374273107,-17.991217977725068,2.480322306862936,-28.986103300946816,6.996332654503003,0.5974119667237756,45.63132565445247,dbscl-sentinel-1-2024\dbscl-sentinel-1_2024-05\S1_2024-05-17_22-37-38\S1A_IW_GRDH_1SDV_20240517T223738_20240517T223806_053917_068DB9_B673_metadata.json
2024-05-18 11:03:37,106.11774276496926,108.70006447993582,9.462410288552569,11.662049459753504,-15.738722761220336,2.6697101926606,-23.932535715934254,7.54490980650642,0.5057055660066452,31.819230411559428,dbscl-sentinel-1-2024\dbscl-sentinel-1_2024-05\S1_2024-05-18_11-03-37\S1A_IW_GRDH_1SDV_20240518T110337_20240518T110406_053925_068E04_F1D6_metadata.json
2024-05-22 22:45:39,104.70627650132676,107.26285525982344,10.517416260249837,12.470949579598082,-16.541285782341635,2.767707014355808,-25.892972330640024,7.189599234043224,0.5041049987256861,38.1008272739434,dbscl-sentinel-1-2024\dbscl-sentinel-1_2024-05\S1_2024-05-22_22-45-39\S1A_IW_GRDH_1SDV_20240522T224539_20240522T224604_053990_06903C_BE78_metadata.json
2024-05-22 22:46:04,104.40670846475037,106.95879736059868,9.005093978668153,10.962683325564567,-16.69727475963924,2.5142159588977417,-26.380139520917336,7.014409998361155,0.5646352925432032,38.75213447767809,dbscl-sentinel-1-2024\dbscl-sentinel-1_2024-05\S1_2024-05-22_22-46-04\S1A_IW_GRDH_1SDV_20240522T224604_20240522T224629_053990_06903C_895F_metadata.json
2024-05-22 22:46:29,104.17572820681512,106.64830218518335,7.966448455250003,9.454164539864571,-17.83949517380697,2.592410904410976,-28.726118093243244,6.952872254370782,0.5976871939696866,41.00748341138426,dbscl-sentinel-1-2024\dbscl-sentinel-1_2024-05\S1_2024-05-22_22-46-29\S1A_IW_GRDH_1SDV_20240522T224629_20240522T224648_053990_06903C_D776_metadata.json
2024-05-23 11:11:22,104.57042493828104,106.98758877353984,7.734209464652851,9.31271878196768,-16.802144819605576,2.500193292734763,-27.11231128134067,6.491978357870521,0.6052495131513784,36.39133795166026,dbscl-sentinel-1-2024\dbscl-sentinel-1_2024-05\S1_2024-05-23_11-11-22\S1A_IW_GRDH_1SDV_20240523T111122_20240523T111140_053998_069086_F470_metadata.json
2024-05-27 22:54:11,102.44093549050903,104.9867383407964,9.59073406950782,11.385788921895136,-16.683892769547874,2.5411750675502973,-26.45839378730457,6.909391751791296,0.577918125719953,33.13924006679837,dbscl-sentinel-1-2024\dbscl-sentinel-1_2024-05\S1_2024-05-27_22-54-11\S1A_IW_GRDH_1SDV_20240527T225411_20240527T225435_054063_0692C8_44D7_metadata.json
2024-05-28 11:19:23,102.56776309821518,105.11053779116486,6.958291384225867,8.921498331383306,-16.459842685017954,2.5112386153996438,-26.39699863577101,6.522686734264908,0.5976360044350981,45.92854366807592,dbscl-sentinel-1-2024\dbscl-sentinel-1_2024-05\S1_2024-05-28_11-19-23\S1A_IW_GRDH_1SDV_20240528T111923_20240528T111948_054071_069315_B16F_metadata.json
2024-05-28 11:19:48,102.25717641157844,104.8077392794357,8.470524947305531,10.42981610284701,-14.854223168615366,2.6422162993124974,-23.189460435982376,6.518985901248457,0.546537740124137,44.85944388369997,dbscl-sentinel-1-2024\dbscl-sentinel-1_2024-05\S1_2024-05-28_11-19-48\S1A_IW_GRDH_1SDV_20240528T111948_20240528T112013_054071_069315_F46A_metadata.json
2024-05-28 11:20:13,101.94671214396698,104.50712729285527,9.982880696214163,11.938709740568637,-14.347034936961768,2.5622722352603224,-22.55203908995249,6.142030783971003,0.5663630491506936,43.69299056595144,dbscl-sentinel-1-2024\dbscl-sentinel-1_2024-05\S1_2024-05-28_11-20-13\S1A_IW_GRDH_1SDV_20240528T112013_20240528T112038_054071_069315_9509_metadata.json
2024-05-30 11:03:37,106.11876908329442,108.70087274977575,9.462542825644922,11.662085652552754,-15.246671652558843,2.688486741059299,-23.03763417452029,7.455709130597374,0.4985056790387305,31.819298232849874,dbscl-sentinel-1-2024\dbscl-sentinel-1_2024-05\S1_2024-05-30_11-03-37\S1A_IW_GRDH_1SDV_20240530T110337_20240530T110406_054100_069418_F199_metadata.json
2024-06-03 22:45:39,104.7051152805866,107.26178037634428,10.517451082311538,12.470947540920688,-16.774365151305908,2.59030116082779,-26.427177518241056,7.121552784370749,0.5715266598889823,38.09457325344798,dbscl-sentinel-1-2024\dbscl-sentinel-1_2024-06\S1_2024-06-03_22-45-39\S1A_IW_GRDH_1SDV_20240603T224539_20240603T224604_054165_069649_D97D_metadata.json
2024-06-03 22:46:04,104.40562602028643,106.95754980769026,9.005112102791548,10.962677714839067,-16.81171672498916,2.5799649736680723,-26.433850342542247,7.189583107436088,0.5586475363974818,38.746432647755405,dbscl-sentinel-1-2024\dbscl-sentinel-1_2024-06\S1_2024-06-03_22-46-04\S1A_IW_GRDH_1SDV_20240603T224604_20240603T224629_054165_069649_E963_metadata.json
2024-06-03 22:46:29,104.1745945527576,106.64703251687688,7.966597870367212,9.454159902286806,-17.91554611328186,2.546366203698439,-28.764225291011943,7.066866935551726,0.5933004481960399,41.00218472045904,dbscl-sentinel-1-2024\dbscl-sentinel-1_2024-06\S1_2024-06-03_22-46-29\S1A_IW_GRDH_1SDV_20240603T224629_20240603T224648_054165_069649_D083_metadata.json
2024-06-04 11:11:21,104.4167129266959,106.98871603961508,7.734681165167587,9.936721379579293,-18.315999683407192,2.5737573976231256,-28.67457839279578,7.957420974018664,0.5582048795601845,38.55937042484305,dbscl-sentinel-1-2024\dbscl-sentinel-1_2024-06\S1_2024-06-04_11-11-21\S1A_IW_GRDH_1SDV_20240604T111121_20240604T111150_054173_069693_EC8C_metadata.json
2024-06-04 11:11:50,104.10887672726052,106.66308926127218,9.488520917077942,11.445018492345657,-16.61175712697589,2.569358932852807,-26.301637646301504,6.921876607650331,0.5732518028962349,40.27774927813992,dbscl-sentinel-1-2024\dbscl-sentinel-1_2024-06\S1_2024-06-04_11-11-50\S1A_IW_GRDH_1SDV_20240604T111150_20240604T111215_054173_069693_FCFC_metadata.json
2024-06-08 22:54:10,102.44196474269424,104.98776114284377,9.59032169848214,11.385709385352497,-16.400724198455396,2.633224053720305,-25.25558372387937,7.545864673031345,0.5353764389786242,33.13838845237578,dbscl-sentinel-1-2024\dbscl-sentinel-1_2024-06\S1_2024-06-08_22-54-10\S1A_IW_GRDH_1SDV_20240608T225410_20240608T225435_054238_0698D6_64F5_metadata.json
2024-06-09 11:19:22,102.5687661749433,105.1116041075529,6.958243442222036,8.92146516610478,-16.2010632943028,2.5089401152914843,-26.054594357302346,6.347532231303197,0.5998252764489121,45.92654054521102,dbscl-sentinel-1-2024\dbscl-sentinel-1_2024-06\S1_2024-06-09_11-19-22\S1A_IW_GRDH_1SDV_20240609T111922_20240609T111947_054246_069922_1828_metadata.json
2024-06-09 11:19:47,102.2582136711957,104.80881061703764,8.47053612556127,10.429739625052576,-14.760148741488289,2.63609959349553,-22.9961828988604,6.5241145841162105,0.543917264465764,44.86402417519071,dbscl-sentinel-1-2024\dbscl-sentinel-1_2024-06\S1_2024-06-09_11-19-47\S1A_IW_GRDH_1SDV_20240609T111947_20240609T112012_054246_069922_9727_metadata.json
2024-06-09 11:20:12,101.94777170226504,104.5082949972049,9.982827322032932,11.93867789208703,-14.369373538105558,2.568700059469693,-22.608937016685097,6.129810059526002,0.5680806891917073,43.69749501722226,dbscl-sentinel-1-2024\dbscl-sentinel-1_2024-06\S1_2024-06-09_11-20-12\S1A_IW_GRDH_1SDV_20240609T112012_20240609T112037_054246_069922_3FFA_metadata.json
2024-06-11 11:03:36,106.11990944329708,108.70213604304092,9.462283487835997,11.662048232051037,-16.048449015560745,2.6616832378024737,-24.34800705529821,7.748890975823147,0.506376912610691,31.81417915715884,dbscl-sentinel-1-2024\dbscl-sentinel-1_2024-06\S1_2024-06-11_11-03-36\S1A_IW_GRDH_1SDV_20240611T110336_20240611T110405_054275_069A24_D4B8_metadata.json
2024-06-15 22:45:38,104.70500084088356,107.26166511390026,10.517447784657971,12.47096876452906,-16.115073651171933,2.5710763528590714,-25.51992585950332,6.710221442840535,0.5721156490858975,38.093238635181535,dbscl-sentinel-1-2024\dbscl-sentinel-1_2024-06\S1_2024-06-15_22-45-38\S1A_IW_GRDH_1SDV_20240615T224538_20240615T224603_054340_069C56_FB61_metadata.json
2024-06-15 22:46:03,104.40542459484044,106.95743973511232,9.00507448198802,10.962462024953986,-16.62288617275762,2.602425626225744,-26.037738174872327,7.208034170642923,0.5531075240504754,38.74508568129626,dbscl-sentinel-1-2024\dbscl-sentinel-1_2024-06\S1_2024-06-15_22-46-03\S1A_IW_GRDH_1SDV_20240615T224603_20240615T224628_054340_069C56_CF3F_metadata.json
2024-06-15 22:46:28,104.17400010843616,106.6466339424033,7.966450082974556,9.454169323011266,-17.211796789604133,2.503873195224236,-27.52450304188043,6.899090537327826,0.5874516784270902,41.000929215912926,dbscl-sentinel-1-2024\dbscl-sentinel-1_2024-06\S1_2024-06-15_22-46-28\S1A_IW_GRDH_1SDV_20240615T224628_20240615T224648_054340_069C56_4FA5_metadata.json
2024-06-16 11:11:21,104.41602680405374,106.98811461415602,7.733905661862895,9.936567589048757,-18.07167140909156,2.585442205334097,-28.3627768476026,7.780565970580463,0.5617101158022674,38.56111128145239,dbscl-sentinel-1-2024\dbscl-sentinel-1_2024-06\S1_2024-06-16_11-11-21\S1A_IW_GRDH_1SDV_20240616T111121_20240616T111150_054348_069CA1_4421_metadata.json
2024-06-16 11:11:50,104.10817469757852,106.66244219382924,9.488555671458297,11.445038732236664,-16.57749394794634,2.6431890079603537,-26.2325776979765,6.922410197916155,0.572411734693772,40.28056961332356,dbscl-sentinel-1-2024\dbscl-sentinel-1_2024-06\S1_2024-06-16_11-11-50\S1A_IW_GRDH_1SDV_20240616T111150_20240616T111215_054348_069CA1_A752_metadata.json
2024-06-20 22:54:10,102.44080972087067,104.98693259512596,9.5903583201865,11.385605021060496,-16.510300877994425,2.670482180079881,-25.674028024702917,7.3465737312861,0.5463232501391451,33.13878802702304,dbscl-sentinel-1-2024\dbscl-sentinel-1_2024-06\S1_2024-06-20_22-54-10\S1A_IW_GRDH_1SDV_20240620T225410_20240620T225434_054413_069EE2_5382_metadata.json
2024-06-21 11:19:22,102.56838546706962,105.11110056839532,6.958613780454708,8.92113843518889,-15.751095506868689,2.5522326042316483,-24.854072789882267,6.64811822385498,0.5720890975775724,45.92792036745517,dbscl-sentinel-1-2024\dbscl-sentinel-1_2024-06\S1_2024-06-21_11-19-22\S1A_IW_GRDH_1SDV_20240621T111922_20240621T111947_054421_069F2E_4CCC_metadata.json
2024-06-21 11:19:47,102.25784370047298,104.8083693828502,8.470525280976059,10.42944834394932,-13.958284846247745,2.5008633107752445,-21.346418717292195,6.570150975203351,0.5134912811049861,44.86294921432947,dbscl-sentinel-1-2024\dbscl-sentinel-1_2024-06\S1_2024-06-21_11-19-47\S1A_IW_GRDH_1SDV_20240621T111947_20240621T112012_054421_069F2E_4D8D_metadata.json
2024-06-21 11:20:12,101.94741401636124,104.50762213745372,9.98288436922275,11.938669359264557,-13.73846230477806,2.602927153052326,-21.385600015034072,6.091324594521994,0.5499693071333271,43.696775805647015,dbscl-sentinel-1-2024\dbscl-sentinel-1_2024-06\S1_2024-06-21_11-20-12\S1A_IW_GRDH_1SDV_20240621T112012_20240621T112037_054421_069F2E_08CC_metadata.json
2024-06-22 22:37:36,106.5845002861982,109.17752165523142,9.742254012244016,11.75654797115964,-18.13430258128881,2.533464618093161,-28.98504530169876,7.283559860878912,0.5880460012747886,45.63148162521564,dbscl-sentinel-1-2024\dbscl-sentinel-1_2024-06\S1_2024-06-22_22-37-36\S1A_IW_GRDH_1SDV_20240622T223736_20240622T223804_054442_069FE6_E067_metadata.json
2024-06-23 11:03:36,106.1191878126672,108.70138984763902,9.461823818449854,11.661936112725291,-15.75402046911078,2.693232076842789,-23.73580325896848,7.772237679253124,0.4947049141446409,31.81729514770157,dbscl-sentinel-1-2024\dbscl-sentinel-1_2024-06\S1_2024-06-23_11-03-36\S1A_IW_GRDH_1SDV_20240623T110336_20240623T110405_054450_06A035_4F20_metadata.json
2024-07-02 22:54:09,102.44294100157268,104.98820777943872,9.59137672335468,11.385644816978536,-16.143316630242772,2.623325239114288,-25.253731499105267,7.032901761380363,0.5522431115241453,33.14396417672674,dbscl-sentinel-1-2024\dbscl-sentinel-1_2024-07\S1_2024-07-02_22-54-09\S1A_IW_GRDH_1SDV_20240702T225409_20240702T225433_054588_06A4F9_DB32_metadata.json
2024-07-03 11:19:21,102.56917157592588,105.1120972098513,6.958192665994199,8.921386089539062,-16.152020917104405,2.5181513220374256,-25.85477778314618,6.449264051062582,0.5933030715638089,45.92237106257907,dbscl-sentinel-1-2024\dbscl-sentinel-1_2024-07\S1_2024-07-03_11-19-21\S1A_IW_GRDH_1SDV_20240703T111921_20240703T111946_054596_06A546_67B1_metadata.json
2024-07-03 11:19:46,102.25861883290216,104.80922255546692,8.470389219136818,10.42960166369115,-14.486500115040602,2.595466955903296,-22.4002524326631,6.572747797418141,0.5299864107102703,44.86258012203341,dbscl-sentinel-1-2024\dbscl-sentinel-1_2024-07\S1_2024-07-03_11-19-46\S1A_IW_GRDH_1SDV_20240703T111946_20240703T112011_054596_06A546_EB92_metadata.json
2024-07-03 11:20:11,101.94817266366368,104.50886245557795,9.982650600508835,11.938443095270914,-14.35792000630719,2.582468144673362,-22.49456149331712,6.221278519297284,0.5608658283090009,43.69542663909628,dbscl-sentinel-1-2024\dbscl-sentinel-1_2024-07\S1_2024-07-03_11-20-11\S1A_IW_GRDH_1SDV_20240703T112011_20240703T112036_054596_06A546_551A_metadata.json
2024-07-05 11:03:35,106.11925905147967,108.701224459619,9.461856458458728,11.661921187198502,-15.636082077352714,2.6633702984720338,-23.84042291866192,7.431741236043428,0.511622382065457,31.812790916223896,dbscl-sentinel-1-2024\dbscl-sentinel-1_2024-07\S1_2024-07-05_11-03-35\S1A_IW_GRDH_1SDV_20240705T110335_20240705T110404_054625_06A64C_DFAC_metadata.json
2024-07-09 22:45:37,104.70552667689356,107.26191106129248,10.517448728248237,12.470696165874129,-15.01921242515199,2.5568607810525,-23.80617147613524,6.232253374168965,0.5758577884641629,38.10143676057966,dbscl-sentinel-1-2024\dbscl-sentinel-1_2024-07\S1_2024-07-09_22-45-37\S1A_IW_GRDH_1SDV_20240709T224537_20240709T224602_054690_06A881_E38F_metadata.json
2024-07-09 22:46:02,104.4059447668487,106.95769230761891,9.005111074685635,10.962632731332418,-16.168523122494364,2.60706672154025,-25.24765226540617,7.089393979582648,0.5498908736930824,38.75329627316771,dbscl-sentinel-1-2024\dbscl-sentinel-1_2024-07\S1_2024-07-09_22-46-02\S1A_IW_GRDH_1SDV_20240709T224602_20240709T224627_054690_06A881_01AC_metadata.json
2024-07-09 22:46:27,104.1746834004068,106.64688625588164,7.96687638876076,9.454106551894656,-17.92046655236356,2.540052804091633,-28.570736954745527,7.270196149981572,0.5803169137161613,41.0088085211156,dbscl-sentinel-1-2024\dbscl-sentinel-1_2024-07\S1_2024-07-09_22-46-27\S1A_IW_GRDH_1SDV_20240709T224627_20240709T224646_054690_06A881_322A_metadata.json
2024-07-10 11:11:20,104.57014967227774,106.98760543970536,7.735011264689709,9.314278144634164,-16.78089198461241,2.5106451731753685,-26.827389827448293,6.734394141776422,0.5972082816905487,36.39122890512627,dbscl-sentinel-1-2024\dbscl-sentinel-1_2024-07\S1_2024-07-10_11-11-20\S1A_IW_GRDH_1SDV_20240710T111120_20240710T111139_054698_06A8CD_CF14_metadata.json
2024-07-14 22:54:09,102.44106484621447,104.98681117499896,9.590455608386138,11.385719965463828,-16.094847794324856,2.5650765412782226,-25.056424553853784,7.133271034795929,0.5493350026650017,33.14400114872928,dbscl-sentinel-1-2024\dbscl-sentinel-1_2024-07\S1_2024-07-14_22-54-09\S1A_IW_GRDH_1SDV_20240714T225409_20240714T225433_054763_06AB06_301F_metadata.json
2024-07-15 11:19:21,102.56762589382885,105.11055527755578,6.958109126197506,8.92131491944981,-15.495992445334958,2.5442795346563134,-24.52214866960767,6.469836221062323,0.5766176246239872,45.925002070724304,dbscl-sentinel-1-2024\dbscl-sentinel-1_2024-07\S1_2024-07-15_11-19-21\S1A_IW_GRDH_1SDV_20240715T111921_20240715T111946_054771_06AB54_D0BD_metadata.json
2024-07-15 11:19:46,102.25702989147138,104.8078651930581,8.470349928455887,10.429649945030272,-14.242869946215892,2.7373477709006417,-21.819354698747883,6.666385193683846,0.5173455213496387,44.855040555053165,dbscl-sentinel-1-2024\dbscl-sentinel-1_2024-07\S1_2024-07-15_11-19-46\S1A_IW_GRDH_1SDV_20240715T111946_20240715T112011_054771_06AB54_E482_metadata.json
2024-07-15 11:20:11,101.94655951062197,104.50725420327488,9.982656800840608,11.938468155610442,-14.06992834192835,2.587227276789077,-21.968466999927628,6.17138968392908,0.5557798342236544,43.68872640158535,dbscl-sentinel-1-2024\dbscl-sentinel-1_2024-07\S1_2024-07-15_11-20-11\S1A_IW_GRDH_1SDV_20240715T112011_20240715T112036_054771_06AB54_8179_metadata.json
2024-07-17 11:03:34,106.11920683360704,108.70169207744172,9.461610428096174,11.662052294122828,-15.0222106154328,2.6508055803832447,-22.60408030680053,7.4403409240651,0.4932311278586978,31.811564709555007,dbscl-sentinel-1-2024\dbscl-sentinel-1_2024-07\S1_2024-07-17_11-03-34\S1A_IW_GRDH_1SDV_20240717T110334_20240717T110403_054800_06AC58_3D5C_metadata.json
2024-07-21 22:45:37,104.70557837960042,107.26196373212602,10.517359565572152,12.470839673935236,-15.738826656774572,2.5264323361720256,-25.394526711283657,6.083126602265453,0.602041548341385,38.10009547953405,dbscl-sentinel-1-2024\dbscl-sentinel-1_2024-07\S1_2024-07-21_22-45-37\S1A_IW_GRDH_1SDV_20240721T224537_20240721T224602_054865_06AE90_970E_metadata.json
2024-07-21 22:46:02,104.40610542816673,106.95788101657163,9.004957057217274,10.962566264809212,-16.368823383085477,2.5702595467378937,-25.560053035390315,7.177593730780652,0.5467134858064848,38.75188275492647,dbscl-sentinel-1-2024\dbscl-sentinel-1_2024-07\S1_2024-07-21_22-46-02\S1A_IW_GRDH_1SDV_20240721T224602_20240721T224627_054865_06AE90_E7A0_metadata.json
2024-07-21 22:46:27,104.17485639633809,106.64740635539036,7.96659793661717,9.45404803269552,-17.72978928172756,2.604088484662996,-28.043095793430385,7.416482770024723,0.5746831079367718,41.0074249295804,dbscl-sentinel-1-2024\dbscl-sentinel-1_2024-07\S1_2024-07-21_22-46-27\S1A_IW_GRDH_1SDV_20240721T224627_20240721T224646_054865_06AE90_15B1_metadata.json
2024-07-22 11:11:20,104.4165137953684,106.9888013527884,7.734508121776382,9.936481619416988,-17.23058948228215,2.5706996868888017,-27.32014186264768,7.141037101916609,0.5749238705598276,38.55538875015635,dbscl-sentinel-1-2024\dbscl-sentinel-1_2024-07\S1_2024-07-22_11-11-20\S1A_IW_GRDH_1SDV_20240722T111120_20240722T111149_054873_06AEDB_B311_metadata.json
2024-07-22 11:11:49,104.1086350357987,106.66320863566456,9.488434768643367,11.444983436162367,-16.007476367881832,2.5897759022400275,-24.98578670112799,7.0291660346356855,0.5490045389583734,40.27383142848163,dbscl-sentinel-1-2024\dbscl-sentinel-1_2024-07\S1_2024-07-22_11-11-49\S1A_IW_GRDH_1SDV_20240722T111149_20240722T111214_054873_06AEDB_A609_metadata.json
2024-07-26 22:54:08,102.44403412061736,104.98930387190492,9.590900681011306,11.38574707555583,-15.50676880138894,2.5775163646682224,-24.337237103665817,6.676300499111955,0.5561800227977908,33.14396672160899,dbscl-sentinel-1-2024\dbscl-sentinel-1_2024-07\S1_2024-07-26_22-54-08\S1A_IW_GRDH_1SDV_20240726T225408_20240726T225432_054938_06B11D_20EB_metadata.json
2024-07-27 11:19:20,102.56960473488115,105.11257041815382,6.958244445117568,8.921213446639277,-15.48105482466964,2.506608745695913,-24.898706175702763,6.063403473636421,0.601534874667332,45.92183899213118,dbscl-sentinel-1-2024\dbscl-sentinel-1_2024-07\S1_2024-07-27_11-19-20\S1A_IW_GRDH_1SDV_20240727T111920_20240727T111945_054946_06B16A_ED04_metadata.json
2024-07-27 11:19:45,102.25898548805787,104.80958284664676,8.470478513945062,10.429747011802393,-14.297007124440984,2.1911174554461352,-21.953636666508213,6.640377582373799,0.518047530650144,44.86468385779661,dbscl-sentinel-1-2024\dbscl-sentinel-1_2024-07\S1_2024-07-27_11-19-45\S1A_IW_GRDH_1SDV_20240727T111945_20240727T112010_054946_06B16A_8741_metadata.json
2024-07-27 11:20:10,101.94849386922075,104.50913592062524,9.982979200318558,11.938656841095147,-14.08661010940091,2.585918725893708,-21.99242018964355,6.180800029158188,0.5551821625727947,43.69615910954817,dbscl-sentinel-1-2024\dbscl-sentinel-1_2024-07\S1_2024-07-27_11-20-10\S1A_IW_GRDH_1SDV_20240727T112010_20240727T112035_054946_06B16A_C7B7_metadata.json
2024-07-29 11:03:34,106.1190682140642,108.70151092077818,9.462525365340705,11.66217737547626,-15.445798423033708,2.619092737130688,-23.893934374165703,6.997662471901694,0.5392862175244219,31.812848406556807,dbscl-sentinel-1-2024\dbscl-sentinel-1_2024-07\S1_2024-07-29_11-03-34\S1A_IW_GRDH_1SDV_20240729T110334_20240729T110403_054975_06B275_1132_metadata.json
2024-08-02 22:45:37,104.70477632217984,107.26150006683145,10.5176155793766,12.47097626343116,-15.767708820104016,2.560438953532189,-25.193382878746995,6.342034761461078,0.5880222057081694,38.09439713890082,dbscl-sentinel-1-2024\dbscl-sentinel-1_2024-08\S1_2024-08-02_22-45-37\S1A_IW_GRDH_1SDV_20240802T224537_20240802T224602_055040_06B4A8_21CF_metadata.json
2024-08-02 22:46:02,104.40525558595984,106.95715977988704,9.00508034633845,10.962379755023454,-16.28940476213497,2.5891568752322853,-25.770210286781836,6.808599237488118,0.5659962508467912,38.74647482988853,dbscl-sentinel-1-2024\dbscl-sentinel-1_2024-08\S1_2024-08-02_22-46-02\S1A_IW_GRDH_1SDV_20240802T224602_20240802T224627_055040_06B4A8_DE50_metadata.json
2024-08-02 22:46:27,104.17425086716386,106.6465888768182,7.966675402659972,9.454179895477797,-17.71912669531147,2.5730772444970915,-27.99702638940184,7.441227001221188,0.571828111771874,41.00205128584461,dbscl-sentinel-1-2024\dbscl-sentinel-1_2024-08\S1_2024-08-02_22-46-27\S1A_IW_GRDH_1SDV_20240802T224627_20240802T224646_055040_06B4A8_28C2_metadata.json
2024-08-03 11:11:20,104.4154862571252,106.98769958104108,7.734765394417504,9.936797725290278,-17.33070804431691,2.558814112396524,-27.4781124080009,7.183303680632865,0.5743717190937752,38.56317603220287,dbscl-sentinel-1-2024\dbscl-sentinel-1_2024-08\S1_2024-08-03_11-11-20\S1A_IW_GRDH_1SDV_20240803T111120_20240803T111149_055048_06B4E6_167A_metadata.json
2024-08-03 11:11:49,104.10787965294472,106.66203558493424,9.488509324692217,11.44506853799768,-16.121194077462334,2.6013050281507324,-25.303514438032646,6.938873716891917,0.5560673514031085,40.27958682163288,dbscl-sentinel-1-2024\dbscl-sentinel-1_2024-08\S1_2024-08-03_11-11-49\S1A_IW_GRDH_1SDV_20240803T111149_20240803T111214_055048_06B4E6_85F7_metadata.json
2024-08-07 22:54:08,102.44217745131272,104.98744038543116,9.590828763084698,11.385698720030195,-15.87692909531053,2.4268692926348816,-25.66162620639373,6.09223198422726,0.603772519619691,33.1428272990968,dbscl-sentinel-1-2024\dbscl-sentinel-1_2024-08\S1_2024-08-07_22-54-08\S1A_IW_GRDH_1SDV_20240807T225408_20240807T225433_055113_06B736_E347_metadata.json
2024-08-08 11:19:20,102.56793593920004,105.11090946658928,6.958195198430379,8.92154528905917,-16.119433730067186,2.529789131347373,-25.654144122286,6.58472333784838,0.5850427904277544,45.97524703409342,dbscl-sentinel-1-2024\dbscl-sentinel-1_2024-08\S1_2024-08-08_11-19-20\S1A_IW_GRDH_1SDV_20240808T111920_20240808T111945_055121_06B781_C1FC_metadata.json
2024-08-08 11:19:45,102.25733576769524,104.8079317118232,8.470521417902432,10.429738929455816,-14.697642093337336,2.49728089230868,-22.74267609825494,6.652608088419712,0.5322089272026808,45.00458471275678,dbscl-sentinel-1-2024\dbscl-sentinel-1_2024-08\S1_2024-08-08_11-19-45\S1A_IW_GRDH_1SDV_20240808T111945_20240808T112010_055121_06B781_8FFC_metadata.json
2024-08-08 11:20:10,101.94683482546148,104.50755583813618,9.982714103522996,11.9386883868845,-14.378738642197426,2.571587391061014,-22.48358905685304,6.273888227541755,0.5579550842661056,43.81599759277382,dbscl-sentinel-1-2024\dbscl-sentinel-1_2024-08\S1_2024-08-08_11-20-10\S1A_IW_GRDH_1SDV_20240808T112010_20240808T112035_055121_06B781_70D9_metadata.json
2024-08-10 11:03:34,106.11870574012464,108.70116809177348,9.46196692801589,11.66223783487942,-15.395400351992423,2.621425633767473,-23.83496043925245,6.955840264732488,0.5372169885820446,31.805902741082587,dbscl-sentinel-1-2024\dbscl-sentinel-1_2024-08\S1_2024-08-10_11-03-34\S1A_IW_GRDH_1SDV_20240810T110334_20240810T110403_055150_06B897_9EC2_metadata.json
2024-08-14 22:45:36,104.70672171687347,107.26311924643105,10.517671501055604,12.470977450950526,-15.968839599057498,2.5296780698517147,-25.47326349987749,6.464415698237381,0.5860810501656181,38.10536726536128,dbscl-sentinel-1-2024\dbscl-sentinel-1_2024-08\S1_2024-08-14_22-45-36\S1A_IW_GRDH_1SDV_20240814T224536_20240814T224601_055215_06BAF1_9272_metadata.json
2024-08-14 22:46:01,104.40703547325056,106.95896147960926,9.005088678385547,10.962672618004913,-16.43031330741271,2.506065863129608,-26.11922821307394,6.741398401751445,0.5758689970004898,38.75654189021818,dbscl-sentinel-1-2024\dbscl-sentinel-1_2024-08\S1_2024-08-14_22-46-01\S1A_IW_GRDH_1SDV_20240814T224601_20240814T224626_055215_06BAF1_D4EC_metadata.json
2024-08-14 22:46:26,104.1759773725077,106.64835633627412,7.96625942001585,9.454260985382255,-17.951014154736217,2.5391388381274327,-28.63167231056657,7.270355998905771,0.5863437296462166,41.01134768241482,dbscl-sentinel-1-2024\dbscl-sentinel-1_2024-08\S1_2024-08-14_22-46-26\S1A_IW_GRDH_1SDV_20240814T224626_20240814T224646_055215_06BAF1_67FE_metadata.json
2024-08-15 11:11:19,104.41601063913164,106.98839667854013,7.734350655510624,9.93686645095068,-17.5245881399073,2.545587074757245,-27.931987469568085,7.1171888102465966,0.5850925218923357,38.55625902390707,dbscl-sentinel-1-2024\dbscl-sentinel-1_2024-08\S1_2024-08-15_11-11-19\S1A_IW_GRDH_1SDV_20240815T111119_20240815T111148_055223_06BB43_EAE6_metadata.json
2024-08-15 11:11:48,104.10841550196244,106.6626890381828,9.48851914154164,11.445154818670616,-16.33343226143773,2.5708849486165275,-25.809121213798303,6.857743309077122,0.5700504962869759,40.27767428414322,dbscl-sentinel-1-2024\dbscl-sentinel-1_2024-08\S1_2024-08-15_11-11-48\S1A_IW_GRDH_1SDV_20240815T111148_20240815T111213_055223_06BB43_EF3E_metadata.json
2024-08-19 22:54:09,102.44102846217424,104.98648658610789,9.590852049122873,11.385605472505384,-15.770582622428304,2.524471293239454,-25.420537304964444,6.12062793989218,0.6021570988909168,33.14526272480095,dbscl-sentinel-1-2024\dbscl-sentinel-1_2024-08\S1_2024-08-19_22-54-09\S1A_IW_GRDH_1SDV_20240819T225409_20240819T225433_055288_06BD95_A654_metadata.json
2024-08-20 11:19:21,102.56734990949596,105.1104036099414,6.958106095193265,8.921490148739979,-16.30241290346041,2.504140673120788,-26.195220191184685,6.40960561573618,0.6010589036647084,45.92583795714395,dbscl-sentinel-1-2024\dbscl-sentinel-1_2024-08\S1_2024-08-20_11-19-21\S1A_IW_GRDH_1SDV_20240820T111921_20240820T111946_055296_06BDE3_8A81_metadata.json
2024-08-20 11:19:46,102.2567585067068,104.80758398017112,8.470395622587832,10.42966412169834,-14.75791542226724,2.5590159116462994,-22.984257350891863,6.531573493642705,0.5436916697676012,44.85325887351483,dbscl-sentinel-1-2024\dbscl-sentinel-1_2024-08\S1_2024-08-20_11-19-46\S1A_IW_GRDH_1SDV_20240820T111946_20240820T112011_055296_06BDE3_4F78_metadata.json
2024-08-20 11:20:11,101.94624440573416,104.50698402996213,9.98262693770562,11.938443219134914,-14.365454814344524,2.566008977459656,-22.55457459408368,6.176335034605432,0.5644091794433763,43.68728423891087,dbscl-sentinel-1-2024\dbscl-sentinel-1_2024-08\S1_2024-08-20_11-20-11\S1A_IW_GRDH_1SDV_20240820T112011_20240820T112036_055296_06BDE3_D994_metadata.json
2024-08-22 11:03:34,106.1183023540737,108.7007843012816,9.462787921150126,11.662284767032782,-15.815562854775663,2.6000641888396294,-24.63775381876625,6.993371890785062,0.5472131960838023,31.8120863517012,dbscl-sentinel-1-2024\dbscl-sentinel-1_2024-08\S1_2024-08-22_11-03-34\S1A_IW_GRDH_1SDV_20240822T110334_20240822T110403_055325_06BF03_5782_metadata.json
2024-08-26 22:45:37,104.70498037344952,107.26136757830714,10.517703956636554,12.47085170421494,-16.243560548147215,2.5348153734772016,-25.91222740072579,6.574893695568524,0.0009000039460026,38.09693032908869,dbscl-sentinel-1-2024\dbscl-sentinel-1_2024-08\S1_2024-08-26_22-45-37\S1A_IW_GRDH_1SDV_20240826T224537_20240826T224602_055390_06C175_F055_metadata.json
2024-08-26 22:46:02,104.40530256738955,106.95712951447746,9.005128000823515,10.96279323537531,-16.292902280982098,2.565168587939765,-25.750703878552414,6.835100683411807,0.5690267693603174,38.74904275034596,dbscl-sentinel-1-2024\dbscl-sentinel-1_2024-08\S1_2024-08-26_22-46-02\S1A_IW_GRDH_1SDV_20240826T224602_20240826T224627_055390_06C175_C284_metadata.json
2024-08-26 22:46:27,104.1738304829986,106.64646033650794,7.966559894614452,9.454352490556085,-17.324591045075234,2.528499242095559,-27.65809151423201,6.991090575918616,0.5872794031437476,41.004257457680055,dbscl-sentinel-1-2024\dbscl-sentinel-1_2024-08\S1_2024-08-26_22-46-27\S1A_IW_GRDH_1SDV_20240826T224627_20240826T224646_055390_06C175_CAEC_metadata.json
2024-08-27 11:11:20,104.41470244095532,106.98713491376922,7.733850148703981,9.936664942586134,-17.21719131518616,2.568553699311961,-27.21991281256741,7.214469817804976,0.5708858364215912,38.57510642568489,dbscl-sentinel-1-2024\dbscl-sentinel-1_2024-08\S1_2024-08-27_11-11-20\S1A_IW_GRDH_1SDV_20240827T111120_20240827T111149_055398_06C1C3_E708_metadata.json
2024-08-27 11:11:49,104.10691555526118,106.66131637481716,9.488564682944698,11.445270400699409,-16.26868125946646,2.607855144115417,-25.43630280415475,7.10105971477819,0.5499877704472107,40.33242245750266,dbscl-sentinel-1-2024\dbscl-sentinel-1_2024-08\S1_2024-08-27_11-11-49\S1A_IW_GRDH_1SDV_20240827T111149_20240827T111214_055398_06C1C3_7536_metadata.json
2024-08-31 22:54:09,102.4418525285633,104.98754415457418,9.590602435817209,11.385690145577732,-15.671763861193972,2.461994780893975,-25.17655182833432,6.166975894053497,0.5977778005700543,33.14476512619962,dbscl-sentinel-1-2024\dbscl-sentinel-1_2024-08\S1_2024-08-31_22-54-09\S1A_IW_GRDH_1SDV_20240831T225409_20240831T225433_055463_06C40A_88E5_metadata.json
2024-09-01 11:19:20,102.57153247397716,105.12269833048212,6.94989830417333,8.853780736084312,-15.591353585859252,2.5080694689191203,-25.03870627708244,6.144000894636062,0.6001398203851313,45.80516140962055,dbscl-sentinel-1-2024\dbscl-sentinel-1_2024-09\S1_2024-09-01_11-19-20\S1A_IW_GRDH_1SDV_20240901T111920_20240901T111946_055471_06C45E_CF73_metadata.json
2024-09-03 11:03:35,106.1188029081966,108.7015684667824,9.462172410066708,11.66224119315411,-15.231297774365324,2.547259060931036,-23.384589152095955,7.078006396634689,0.5242444177758879,31.802516714754614,dbscl-sentinel-1-2024\dbscl-sentinel-1_2024-09\S1_2024-09-03_11-03-35\S1A_IW_GRDH_1SDV_20240903T110335_20240903T110404_055500_06C589_8754_metadata.json
2024-09-07 22:45:37,104.70577940629693,107.26246852490831,10.51739284839487,12.47110181161579,-16.75875363776931,2.590373274599337,-26.386234267973585,7.131273007565055,0.5618242427169101,38.10053676254061,dbscl-sentinel-1-2024\dbscl-sentinel-1_2024-09\S1_2024-09-07_22-45-37\S1A_IW_GRDH_1SDV_20240907T224537_20240907T224602_055565_06C819_E957_metadata.json
2024-09-07 22:46:02,104.40617248144972,106.9580912538382,9.005093779793397,10.962753720057409,-16.452219526354753,2.659474337760445,-25.752001908279887,7.152437144429585,0.5519330093986184,38.75218015012823,dbscl-sentinel-1-2024\dbscl-sentinel-1_2024-09\S1_2024-09-07_22-46-02\S1A_IW_GRDH_1SDV_20240907T224602_20240907T224627_055565_06C819_B6F9_metadata.json
2024-09-07 22:46:27,104.17436888707162,106.64742875333904,7.966063348038472,9.454342231945942,-17.545176065440852,2.542999426039288,-27.74256522696947,7.347786903912158,0.572085006256473,41.00705712516882,dbscl-sentinel-1-2024\dbscl-sentinel-1_2024-09\S1_2024-09-07_22-46-27\S1A_IW_GRDH_1SDV_20240907T224627_20240907T224646_055565_06C819_29C4_metadata.json
2024-09-08 11:11:20,104.41513018646395,106.98745075971736,7.734275209095278,9.937022050123913,-17.13070436957885,2.434176984553571,-26.948790238769725,7.312618500387962,0.5620933941893961,38.57378578614938,dbscl-sentinel-1-2024\dbscl-sentinel-1_2024-09\S1_2024-09-08_11-11-20\S1A_IW_GRDH_1SDV_20240908T111120_20240908T111149_055573_06C86D_76CC_metadata.json
2024-09-08 11:11:49,104.10734336282351,106.66178730199928,9.488626591998452,11.445301224575305,-16.199231773691782,2.548906968606861,-25.27389783250576,7.124565714877898,0.5483777386808558,40.33103862856398,dbscl-sentinel-1-2024\dbscl-sentinel-1_2024-09\S1_2024-09-08_11-11-49\S1A_IW_GRDH_1SDV_20240908T111149_20240908T111214_055573_06C86D_F0C0_metadata.json
2024-09-12 22:54:09,102.44135845535108,104.98730960431276,9.590543502106296,11.385901002981653,-14.65492950620076,2.582155536792536,-23.055189389791824,6.2546696226096605,0.5662245618937606,33.1399541752763,dbscl-sentinel-1-2024\dbscl-sentinel-1_2024-09\S1_2024-09-12_22-54-09\S1A_IW_GRDH_1SDV_20240912T225409_20240912T225434_055638_06CAF6_02F2_metadata.json
2024-09-13 11:19:21,102.56702042779742,105.10944052386088,6.958494686777718,8.921829736064387,-15.642957410071109,2.52590718096889,-24.91408823957784,6.37182658056447,0.5880875015574335,45.97898682099403,dbscl-sentinel-1-2024\dbscl-sentinel-1_2024-09\S1_2024-09-13_11-19-21\S1A_IW_GRDH_1SDV_20240913T111921_20240913T111946_055646_06CB4A_1E6A_metadata.json
2024-09-13 11:19:46,102.25611794349918,104.80690873292544,8.470696695478027,10.430113714660514,-14.5019098870287,2.077007299076133,-22.346881452761096,6.656938321296342,0.523435613281767,45.00137153669203,dbscl-sentinel-1-2024\dbscl-sentinel-1_2024-09\S1_2024-09-13_11-19-46\S1A_IW_GRDH_1SDV_20240913T111946_20240913T112011_055646_06CB4A_6022_metadata.json
2024-09-13 11:20:11,101.94555272807423,104.50602962887191,9.98300093522698,11.93893775775535,-14.222829104761855,2.5834009981619337,-22.2231971391058,6.222461070417922,0.5567403698413453,43.81230965357419,dbscl-sentinel-1-2024\dbscl-sentinel-1_2024-09\S1_2024-09-13_11-20-11\S1A_IW_GRDH_1SDV_20240913T112011_20240913T112036_055646_06CB4A_29DA_metadata.json
2024-09-15 11:03:35,106.11727532043052,108.69973062394716,9.461871386510264,11.662465324131096,-15.084093119468005,2.6531164591569607,-23.029704333848304,7.138481905087729,0.5173415366221129,31.811973260955284,dbscl-sentinel-1-2024\dbscl-sentinel-1_2024-09\S1_2024-09-15_11-03-35\S1A_IW_GRDH_1SDV_20240915T110335_20240915T110404_055675_06CC74_2FB6_metadata.json
2024-09-19 22:45:52,104.53475551094756,107.09024351114792,9.651168092825488,11.607107974818335,-16.289823265916986,2.5868223476944308,-25.5331686623478,7.046477869486186,0.5511943463512022,38.27050640222632,dbscl-sentinel-1-2024\dbscl-sentinel-1_2024-09\S1_2024-09-19_22-45-52\S1A_IW_GRDH_1SDV_20240919T224552_20240919T224617_055740_06CF01_51EF_metadata.json
2024-09-19 22:46:17,104.17471452369826,106.78052351832372,7.966184600840649,10.09867255914009,-17.460107207268905,2.5515988524883766,-27.55130790114332,7.368906513394347,0.5698655116026877,39.501990649297205,dbscl-sentinel-1-2024\dbscl-sentinel-1_2024-09\S1_2024-09-19_22-46-17\S1A_IW_GRDH_1SDV_20240919T224617_20240919T224647_055740_06CF01_A7A2_metadata.json
2024-09-20 11:11:20,104.41615257076111,106.98851280159992,7.734097582541982,9.937156863065542,-17.443565438565326,2.5935916443289244,-27.261104293174924,7.626026583955564,0.5546050142810309,38.55842072585106,dbscl-sentinel-1-2024\dbscl-sentinel-1_2024-09\S1_2024-09-20_11-11-20\S1A_IW_GRDH_1SDV_20240920T111120_20240920T111149_055748_06CF55_F08F_metadata.json
2024-09-20 11:11:49,104.1082178597621,106.66264351948728,9.48880332648088,11.44547744100054,-16.371129790049096,2.5447385886331704,-25.59110039531273,7.151159184785447,0.5469779050658143,40.28080071850263,dbscl-sentinel-1-2024\dbscl-sentinel-1_2024-09\S1_2024-09-20_11-11-49\S1A_IW_GRDH_1SDV_20240920T111149_20240920T111214_055748_06CF55_AC95_metadata.json
2024-09-24 22:54:09,102.44261371513876,104.98809242048686,9.590570104178967,11.385830065351918,-15.352267445597924,2.6086004330567465,-24.30570033750424,6.398834553691549,0.5740276957932522,33.14323196677403,dbscl-sentinel-1-2024\dbscl-sentinel-1_2024-09\S1_2024-09-24_22-54-09\S1A_IW_GRDH_1SDV_20240924T225409_20240924T225434_055813_06D1E0_592B_metadata.json
2024-09-25 11:19:21,102.56772965080025,105.11066189105097,6.958471420243307,8.921632218935995,-15.91711794426726,2.4830329837303347,-25.79137819176659,6.042857696768064,0.6147699814954302,45.92690541356724,dbscl-sentinel-1-2024\dbscl-sentinel-1_2024-09\S1_2024-09-25_11-19-21\S1A_IW_GRDH_1SDV_20240925T111921_20240925T111946_055821_06D236_F95E_metadata.json
2024-09-25 11:19:46,102.2570270099694,104.80785237016688,8.47075609034533,10.430205963222628,-14.346731161855176,2.950943619268987,-22.080641858833843,6.612820464876515,0.5232151248969238,44.85673132217582,dbscl-sentinel-1-2024\dbscl-sentinel-1_2024-09\S1_2024-09-25_11-19-46\S1A_IW_GRDH_1SDV_20240925T111946_20240925T112011_055821_06D236_EDAE_metadata.json
2024-09-25 11:20:11,101.94644275017814,104.50712693736403,9.983062442895378,11.939069222803884,-14.135788067573811,2.578898730983807,-22.058680555167303,6.212895579980244,0.5547053901742207,43.68823267104341,dbscl-sentinel-1-2024\dbscl-sentinel-1_2024-09\S1_2024-09-25_11-20-11\S1A_IW_GRDH_1SDV_20240925T112011_20240925T112036_055821_06D236_190B_metadata.json
2024-09-27 11:03:35,106.11932876505304,108.70159973193796,9.463076772740314,11.662243060085457,-15.195918110198829,2.667516375518106,-23.166231330118865,7.225604890278659,0.5152530168434961,31.8132929437564,dbscl-sentinel-1-2024\dbscl-sentinel-1_2024-09\S1_2024-09-27_11-03-35\S1A_IW_GRDH_1SDV_20240927T110335_20240927T110404_055850_06D363_C010_metadata.json
2024-10-01 22:45:38,104.70730469044608,107.26340668279882,10.5173814344085,12.471029780551596,-18.051087481410047,2.6245879306440467,-29.024232761429516,7.077942201390663,0.5815544765480074,38.11071221136898,dbscl-sentinel-1-2024\dbscl-sentinel-1_2024-10\S1_2024-10-01_22-45-38\S1A_IW_GRDH_1SDV_20241001T224538_20241001T224603_055915_06D5EF_1B9E_metadata.json
2024-10-01 22:46:03,104.40764561870093,106.95958940253496,9.0050821336233,10.962512448764654,-16.980870696964406,2.5288257662554288,-26.91218401033312,7.049557383595739,0.5632679446199145,38.76162700293489,dbscl-sentinel-1-2024\dbscl-sentinel-1_2024-10\S1_2024-10-01_22-46-03\S1A_IW_GRDH_1SDV_20241001T224603_20241001T224628_055915_06D5EF_B267_metadata.json
2024-10-01 22:46:28,104.17647765597364,106.64897943459523,7.966834701290992,9.454317342680692,-17.486002960602207,2.549659431950642,-27.87709780728908,7.094908113914952,0.5845294361672223,41.01596850766765,dbscl-sentinel-1-2024\dbscl-sentinel-1_2024-10\S1_2024-10-01_22-46-28\S1A_IW_GRDH_1SDV_20241001T224628_20241001T224647_055915_06D5EF_0ED7_metadata.json
2024-10-02 11:11:21,104.41708569913254,106.98930206156396,7.7348014277591615,9.93716700876983,-17.718807718489995,2.5596444670903544,-27.95387125467091,7.483744182309088,0.568147299545433,38.56641825918031,dbscl-sentinel-1-2024\dbscl-sentinel-1_2024-10\S1_2024-10-02_11-11-21\S1A_IW_GRDH_1SDV_20241002T111121_20241002T111150_055923_06D644_9266_metadata.json
2024-10-02 11:11:50,104.10904467958385,106.66358825926044,9.488792330032284,11.445409736766486,-17.12578758488928,2.536894784474669,-27.21686042164516,7.0347147481334975,0.5702921078715226,40.324961902453445,dbscl-sentinel-1-2024\dbscl-sentinel-1_2024-10\S1_2024-10-02_11-11-50\S1A_IW_GRDH_1SDV_20241002T111150_20241002T111215_055923_06D644_9A3F_metadata.json
2024-10-06 22:54:10,102.44105102727474,104.98658143981112,9.591631015430414,11.385894988276725,-15.353962071649788,2.591835248424922,-24.20822693617046,6.499697207128965,0.563750836566347,33.13465045607171,dbscl-sentinel-1-2024\dbscl-sentinel-1_2024-10\S1_2024-10-06_22-54-10\S1A_IW_GRDH_1SDV_20241006T225410_20241006T225435_055988_06D8C6_01B7_metadata.json
2024-10-07 11:19:22,102.56542985787434,105.10833184436366,6.958655414704605,8.921918842459998,-16.07174310306324,2.494682155075885,-26.02623680599752,6.117249400128983,0.6098405721356414,45.98402680117913,dbscl-sentinel-1-2024\dbscl-sentinel-1_2024-10\S1_2024-10-07_11-19-22\S1A_IW_GRDH_1SDV_20241007T111922_20241007T111947_055996_06D91D_D4AD_metadata.json
2024-10-07 11:19:47,102.2547411293218,104.80541684132982,8.470807132102905,10.430220718891904,-14.555610711186503,2.644847680339799,-22.562127557078256,6.549093865294716,0.4948641718607556,44.99809899355011,dbscl-sentinel-1-2024\dbscl-sentinel-1_2024-10\S1_2024-10-07_11-19-47\S1A_IW_GRDH_1SDV_20241007T111947_20241007T112012_055996_06D91D_4E9E_metadata.json
2024-10-07 11:20:12,101.94417313008486,104.50464607361616,9.983134694198723,11.938948716621136,-14.104999404804984,2.598506489562197,-21.98267059387328,6.227328215736705,0.5520161516764397,43.810265400166536,dbscl-sentinel-1-2024\dbscl-sentinel-1_2024-10\S1_2024-10-07_11-20-12\S1A_IW_GRDH_1SDV_20241007T112012_20241007T112037_055996_06D91D_9403_metadata.json
2024-10-09 11:03:36,106.11647429714408,108.6983127361583,9.463997957607283,11.662568546122612,-15.754215193085995,2.636945959926545,-24.34202080124706,7.166409584924868,0.5305471099864417,31.820419490967705,dbscl-sentinel-1-2024\dbscl-sentinel-1_2024-10\S1_2024-10-09_11-03-36\S1A_IW_GRDH_1SDV_20241009T110336_20241009T110405_056025_06DA43_E138_metadata.json
2024-10-13 22:45:38,104.70755172738676,107.26389371097449,10.517307207855875,12.471034003251171,-18.55745326525654,2.5500272765199665,-29.932592777261554,7.182313753251747,0.5851716825315508,38.0991612124934,dbscl-sentinel-1-2024\dbscl-sentinel-1_2024-10\S1_2024-10-13_22-45-38\S1A_IW_GRDH_1SDV_20241013T224538_20241013T224603_056090_06DCD0_5598_metadata.json
2024-10-13 22:46:03,104.40748531095409,106.96005807140342,9.004958140080852,10.962778366381096,-17.52665733340548,3.8899118161125794,-27.763966465312706,7.289348201498286,0.5602596883997025,38.75018851690119,dbscl-sentinel-1-2024\dbscl-sentinel-1_2024-10\S1_2024-10-13_22-46-03\S1A_IW_GRDH_1SDV_20241013T224603_20241013T224628_056090_06DCD0_D516_metadata.json
2024-10-13 22:46:28,104.1765298834698,106.64946877536772,7.96792816658956,9.454435367775869,-17.71682313227211,2.5838098024938083,-28.1780847456872,7.255561518857029,0.5805360454080056,41.00448877469447,dbscl-sentinel-1-2024\dbscl-sentinel-1_2024-10\S1_2024-10-13_22-46-28\S1A_IW_GRDH_1SDV_20241013T224628_20241013T224647_056090_06DCD0_FCBA_metadata.json
2024-10-14 11:11:21,104.41631271030442,106.98816632443288,7.735805586381801,9.937238336219924,-18.05747518640449,2.5922024256681917,-28.321969009519183,7.792981363289854,0.5596692385814984,38.565635366181056,dbscl-sentinel-1-2024\dbscl-sentinel-1_2024-10\S1_2024-10-14_11-11-21\S1A_IW_GRDH_1SDV_20241014T111121_20241014T111150_056098_06DD26_9F62_metadata.json
2024-10-14 11:11:50,104.10835558887156,106.66271755484075,9.48888609413822,11.445499709957623,-17.93860887212064,2.57852342607909,-28.53600315889881,7.341214585342546,0.569431728319279,40.28372743055948,dbscl-sentinel-1-2024\dbscl-sentinel-1_2024-10\S1_2024-10-14_11-11-50\S1A_IW_GRDH_1SDV_20241014T111150_20241014T111215_056098_06DD26_B295_metadata.json
2024-10-18 22:54:10,102.4427787576452,104.98805738490194,9.5908061449854,11.385872642404596,-16.842178214661715,2.529147863234777,-27.106281506529548,6.5780749227937205,0.588513288623434,33.13521887930737,dbscl-sentinel-1-2024\dbscl-sentinel-1_2024-10\S1_2024-10-18_22-54-10\S1A_IW_GRDH_1SDV_20241018T225410_20241018T225434_056163_06DFB2_D76D_metadata.json
2024-10-19 11:19:22,102.5678693069558,105.11041940121,6.9587671884643765,8.922066729029702,-15.865453809548548,2.5357597045625693,-25.218711502363163,6.512196116733912,0.582181642154457,45.93004574704178,dbscl-sentinel-1-2024\dbscl-sentinel-1_2024-10\S1_2024-10-19_11-19-22\S1A_IW_GRDH_1SDV_20241019T111922_20241019T111947_056171_06E00A_1063_metadata.json
2024-10-19 11:19:47,102.25700063986412,104.80732583110408,8.471006915551797,10.430276170834755,-14.00843810942182,2.8066237641549696,-21.476229463072222,6.54064675577145,0.5171455002273895,44.8607778630802,dbscl-sentinel-1-2024\dbscl-sentinel-1_2024-10\S1_2024-10-19_11-19-47\S1A_IW_GRDH_1SDV_20241019T111947_20241019T112012_056171_06E00A_26C7_metadata.json
2024-10-19 11:20:12,101.9464309957781,104.50663760450163,9.983226362525969,11.939262684930764,-13.627987049133557,2.6371369028079674,-21.13140705482764,6.124567043439403,0.5439723304641422,43.69168331160107,dbscl-sentinel-1-2024\dbscl-sentinel-1_2024-10\S1_2024-10-19_11-20-12\S1A_IW_GRDH_1SDV_20241019T112012_20241019T112037_056171_06E00A_B25A_metadata.json
2024-10-21 11:03:36,106.1184324495732,108.70048569714407,9.46411783235146,11.662545436136444,-15.8337133358165,2.649739609753626,-24.27966553887637,7.38776113275641,0.520819467062179,31.82002930598061,dbscl-sentinel-1-2024\dbscl-sentinel-1_2024-10\S1_2024-10-21_11-03-36\S1A_IW_GRDH_1SDV_20241021T110336_20241021T110405_056200_06E135_1F70_metadata.json
2024-10-25 22:45:38,104.70849378183549,107.26466384876548,10.51741302364495,12.471119372104605,-18.63252904280337,2.5505448604786887,-29.915289780732984,7.349768304874024,0.5836082570983135,38.11326875392564,dbscl-sentinel-1-2024\dbscl-sentinel-1_2024-10\S1_2024-10-25_22-45-38\S1A_IW_GRDH_1SDV_20241025T224538_20241025T224603_056265_06E3C6_4EFD_metadata.json
2024-10-25 22:46:03,104.40879477723932,106.96102045341152,9.005071537866478,10.962769826416205,-17.760851259309483,2.585453264167628,-28.027045741050305,7.494656777568753,0.5573728905325872,38.7634403248387,dbscl-sentinel-1-2024\dbscl-sentinel-1_2024-10\S1_2024-10-25_22-46-03\S1A_IW_GRDH_1SDV_20241025T224603_20241025T224628_056265_06E3C6_3652_metadata.json
2024-10-25 22:46:28,104.17716778757575,106.65043333761572,7.966245818980094,9.454385979981469,-18.01546029022451,2.551103148658633,-28.66412225952474,7.366798320924406,0.5823432864223652,41.01740436501111,dbscl-sentinel-1-2024\dbscl-sentinel-1_2024-10\S1_2024-10-25_22-46-28\S1A_IW_GRDH_1SDV_20241025T224628_20241025T224647_056265_06E3C6_829C_metadata.json
2024-10-26 11:11:21,104.41684961869508,106.9890509863388,7.734984842500651,9.936969805621576,-17.95934671113222,2.605610229847376,-27.957514825152707,7.961178597111655,0.5494140800265737,38.5554974687551,dbscl-sentinel-1-2024\dbscl-sentinel-1_2024-10\S1_2024-10-26_11-11-21\S1A_IW_GRDH_1SDV_20241026T111121_20241026T111150_056273_06E41A_4233_metadata.json
2024-10-26 11:11:50,104.1088152186497,106.66341517960544,9.488785754614218,11.4454885056894,-17.974919396671762,2.557317095673232,-28.64116057637104,7.308678216972561,0.5751957917675714,40.276330970214055,dbscl-sentinel-1-2024\dbscl-sentinel-1_2024-10\S1_2024-10-26_11-11-50\S1A_IW_GRDH_1SDV_20241026T111150_20241026T111215_056273_06E41A_E047_metadata.json
2024-10-30 22:54:10,102.44159783875756,104.98758560876082,9.59011448364302,11.385788378317628,-18.11632579514164,2.520456771924685,-29.420807073401637,6.811844516881637,0.5999976393208153,33.13760092807214,dbscl-sentinel-1-2024\dbscl-sentinel-1_2024-10\S1_2024-10-30_22-54-10\S1A_IW_GRDH_1SDV_20241030T225410_20241030T225434_056338_06E6A2_B4D6_metadata.json
2024-10-31 11:19:22,102.56742757380194,105.11006753285056,6.95856796358411,8.921838217327155,-16.167802958435,2.5230606557457924,-25.83041171639253,6.505194200477389,0.5898408294922717,45.927895012838704,dbscl-sentinel-1-2024\dbscl-sentinel-1_2024-10\S1_2024-10-31_11-19-22\S1A_IW_GRDH_1SDV_20241031T111922_20241031T111947_056346_06E6F9_5F9A_metadata.json
2024-10-31 11:19:47,102.256761999428,104.80735940203488,8.47073334922472,10.43008776968684,-14.630908943355784,2.6744285878744454,-22.632841570738155,6.628976315973371,0.5320061059551657,44.85581427779045,dbscl-sentinel-1-2024\dbscl-sentinel-1_2024-10\S1_2024-10-31_11-19-47\S1A_IW_GRDH_1SDV_20241031T111947_20241031T112012_056346_06E6F9_1914_metadata.json
2024-10-31 11:20:12,101.9462148891868,104.50680148550695,9.98304378582854,11.938972372283818,-14.291700693350071,2.578936631891998,-22.350224693772923,6.233176692927196,0.5584689236555487,43.688747132834806,dbscl-sentinel-1-2024\dbscl-sentinel-1_2024-10\S1_2024-10-31_11-20-12\S1A_IW_GRDH_1SDV_20241031T112012_20241031T112037_056346_06E6F9_AF22_metadata.json
2024-11-02 11:03:36,106.11853975599507,108.7005454179526,9.463994055474572,11.662101717988362,-15.59190120295498,2.644459104325797,-23.93754978377355,7.246252622136327,0.5236651459800722,31.81491554599036,dbscl-sentinel-1-2024\dbscl-sentinel-1_2024-11\S1_2024-11-02_11-03-36\S1A_IW_GRDH_1SDV_20241102T110336_20241102T110405_056375_06E826_125F_metadata.json
2024-11-06 22:45:38,104.70660620809907,107.26313719428364,10.517689302002424,12.470996558703098,-18.35520307708019,2.5177069832681407,-30.043877114357997,6.666529039802381,0.6045071222668551,38.10218422712632,dbscl-sentinel-1-2024\dbscl-sentinel-1_2024-11\S1_2024-11-06_22-45-38\S1A_IW_GRDH_1SDV_20241106T224538_20241106T224603_056440_06EAB1_C8D7_metadata.json
2024-11-06 22:46:03,104.40726301191316,106.9590890277238,9.005094819151502,10.962784681137046,-17.48254879885228,2.591974050891541,-27.79538603507689,7.169711562627787,0.5651525177850882,38.75337627735666,dbscl-sentinel-1-2024\dbscl-sentinel-1_2024-11\S1_2024-11-06_22-46-03\S1A_IW_GRDH_1SDV_20241106T224603_20241106T224628_056440_06EAB1_5B4E_metadata.json
2024-11-06 22:46:28,104.17579125190107,106.64845429401235,7.967917980591676,9.454376997318084,-17.530622899024948,2.637510707949166,-27.85779985540376,7.203445942646234,0.5784031363181149,41.008007262111626,dbscl-sentinel-1-2024\dbscl-sentinel-1_2024-11\S1_2024-11-06_22-46-28\S1A_IW_GRDH_1SDV_20241106T224628_20241106T224647_056440_06EAB1_E1E1_metadata.json
2024-11-07 11:11:21,104.41592981454762,106.98782065856578,7.736083647748464,9.937186144186091,-18.08249540879825,2.605069265736492,-28.16705528789589,7.997935529700458,0.5531433396562874,38.56465414592691,dbscl-sentinel-1-2024\dbscl-sentinel-1_2024-11\S1_2024-11-07_11-11-21\S1A_IW_GRDH_1SDV_20241107T111121_20241107T111150_056448_06EB07_69A9_metadata.json
2024-11-07 11:11:50,104.10801215263628,106.6624387754327,9.48879856253561,11.445479183197184,-17.935351340936204,2.556013014121332,-28.797261062785086,7.073441619087329,0.5843019088855392,40.28163523704078,dbscl-sentinel-1-2024\dbscl-sentinel-1_2024-11\S1_2024-11-07_11-11-50\S1A_IW_GRDH_1SDV_20241107T111150_20241107T111215_056448_06EB07_4ADB_metadata.json
2024-11-11 22:54:09,102.44235919854871,104.9881576776272,9.591336700430732,11.385860505816492,-17.48599839821579,2.554822990226358,-27.740448688690503,7.231548107741036,0.5738129759307797,33.14072763110452,dbscl-sentinel-1-2024\dbscl-sentinel-1_2024-11\S1_2024-11-11_22-54-09\S1A_IW_GRDH_1SDV_20241111T225409_20241111T225434_056513_06ED9A_1D73_metadata.json
2024-11-12 11:19:21,102.56858028637394,105.111199241964,6.958626599844945,8.921572779876573,-16.138879571043375,2.5179337035738723,-25.862937608486877,6.414821533599883,0.5934550483013923,45.92549364815663,dbscl-sentinel-1-2024\dbscl-sentinel-1_2024-11\S1_2024-11-12_11-19-21\S1A_IW_GRDH_1SDV_20241112T111921_20241112T111946_056521_06EDF1_0A78_metadata.json
2024-11-12 11:19:46,102.25788386716626,104.80859325005032,8.47081634537873,10.429867229915576,-14.797095516502363,2.6730272005794347,-23.017615424592623,6.576575608412086,0.5412593830942816,44.86106695724121,dbscl-sentinel-1-2024\dbscl-sentinel-1_2024-11\S1_2024-11-12_11-19-46\S1A_IW_GRDH_1SDV_20241112T111946_20241112T112011_056521_06EDF1_CA9C_metadata.json
2024-11-12 11:20:11,101.94732720718272,104.5079172853086,9.983095166512015,11.93903733935467,-14.54613917773514,2.5637099814721034,-22.830240505457397,6.2620378500129465,0.5646447886650756,43.69245762473765,dbscl-sentinel-1-2024\dbscl-sentinel-1_2024-11\S1_2024-11-12_11-20-11\S1A_IW_GRDH_1SDV_20241112T112011_20241112T112036_056521_06EDF1_7A1E_metadata.json
2024-11-14 11:03:35,106.1188633803174,108.70091353033852,9.463887122170702,11.662390979038689,-15.913527963871998,2.635703608295818,-24.504276995989883,7.32277893175422,0.5292660183047213,31.81321830998557,dbscl-sentinel-1-2024\dbscl-sentinel-1_2024-11\S1_2024-11-14_11-03-35\S1A_IW_GRDH_1SDV_20241114T110335_20241114T110404_056550_06EF1A_7DEF_metadata.json
2024-11-18 22:45:37,104.70534487216032,107.26200927797564,10.517403051178572,12.4710157720151,-18.404890371297142,2.5197590932616607,-29.879730737698576,6.930050004895342,0.6011076634491354,38.09495576830472,dbscl-sentinel-1-2024\dbscl-sentinel-1_2024-11\S1_2024-11-18_22-45-37\S1A_IW_GRDH_1SDV_20241118T224537_20241118T224602_056615_06F1B3_393E_metadata.json
2024-11-18 22:46:02,104.4056774424352,106.95772329370855,9.005010350697265,10.962741368449192,-17.53502895296541,2.583552373451904,-27.67955962800443,7.390498277926327,0.560126895492387,38.74672209220467,dbscl-sentinel-1-2024\dbscl-sentinel-1_2024-11\S1_2024-11-18_22-46-02\S1A_IW_GRDH_1SDV_20241118T224602_20241118T224627_056615_06F1B3_49BF_metadata.json
2024-11-18 22:46:27,104.1744757346308,106.64714234761507,7.967473072573032,9.454228058145471,-18.057645464255284,2.5706777748927263,-28.496052919193147,7.619238009317365,0.5716216394904412,41.00215329961713,dbscl-sentinel-1-2024\dbscl-sentinel-1_2024-11\S1_2024-11-18_22-46-27\S1A_IW_GRDH_1SDV_20241118T224627_20241118T224647_056615_06F1B3_BA6D_metadata.json
2024-11-19 11:11:20,104.4157598166112,106.98757453973457,7.735971210477326,9.937078747708002,-18.0014257601351,2.56908313745927,-28.28628778137162,7.716563738898693,0.5663556301474135,38.56697681570861,dbscl-sentinel-1-2024\dbscl-sentinel-1_2024-11\S1_2024-11-19_11-11-20\S1A_IW_GRDH_1SDV_20241119T111120_20241119T111149_056623_06F20B_316F_metadata.json
2024-11-19 11:11:49,104.10786307941348,106.6621937305162,9.488785119993604,11.445387669885609,-17.84826432295879,2.5562514770466414,-28.39911976060793,7.2974088853095855,0.5788700912288656,40.28395567546088,dbscl-sentinel-1-2024\dbscl-sentinel-1_2024-11\S1_2024-11-19_11-11-49\S1A_IW_GRDH_1SDV_20241119T111149_20241119T111214_056623_06F20B_9E4A_metadata.json
2024-11-23 22:54:09,102.44237887764614,104.98835639113148,9.591722302260198,11.385890927164152,-17.627049541691935,2.588558183868228,-27.71961048718,7.53448859620381,0.5652398067334453,33.137399305316535,dbscl-sentinel-1-2024\dbscl-sentinel-1_2024-11\S1_2024-11-23_22-54-09\S1A_IW_GRDH_1SDV_20241123T225409_20241123T225433_056688_06F499_4D37_metadata.json
2024-11-24 11:19:21,102.56789942717704,105.11081873345675,6.958737395910515,8.921869436546906,-16.451045870228413,2.4910310742257256,-26.531065310938693,6.3710264295182455,0.6096030414166038,45.92578270102651,dbscl-sentinel-1-2024\dbscl-sentinel-1_2024-11\S1_2024-11-24_11-19-21\S1A_IW_GRDH_1SDV_20241124T111921_20241124T111946_056696_06F4F0_B94F_metadata.json
2024-11-24 11:19:46,102.2572040041828,104.80801417019772,8.470737610978302,10.4300386943928,-14.942966776838658,2.613889253707535,-23.34673387508895,6.539199678588369,0.5456395351381516,44.85661508216991,dbscl-sentinel-1-2024\dbscl-sentinel-1_2024-11\S1_2024-11-24_11-19-46\S1A_IW_GRDH_1SDV_20241124T111946_20241124T112011_056696_06F4F0_3070_metadata.json
2024-11-24 11:20:11,101.9466147999146,104.50731623655844,9.982958186844735,11.938989523316158,-14.452415241812094,2.5551131236469984,-22.791769812235493,6.113060671388562,0.5716081780895248,43.68859638801872,dbscl-sentinel-1-2024\dbscl-sentinel-1_2024-11\S1_2024-11-24_11-20-11\S1A_IW_GRDH_1SDV_20241124T112011_20241124T112036_056696_06F4F0_966D_metadata.json
2024-11-25 22:37:35,106.58611076656472,109.1789422011997,9.743731009593215,11.756764374107096,-17.877758657937406,2.54295883839301,-28.49149943968501,7.264017876189716,0.5836029069252118,45.63548560013415,dbscl-sentinel-1-2024\dbscl-sentinel-1_2024-11\S1_2024-11-25_22-37-35\S1A_IW_GRDH_1SDV_20241125T223735_20241125T223803_056717_06F5C7_B1D8_metadata.json
2024-11-26 11:03:34,106.11947447278187,108.70142999389266,9.464362666293576,11.662440753239736,-15.981787467887363,2.6255886673295685,-24.642603505639887,7.320971430134764,0.5331760752023299,31.81177365890533,dbscl-sentinel-1-2024\dbscl-sentinel-1_2024-11\S1_2024-11-26_11-03-34\S1A_IW_GRDH_1SDV_20241126T110334_20241126T110403_056725_06F61E_9DC4_metadata.json
2024-12-05 22:54:08,102.44234957765792,104.98791973881008,9.591464101699858,11.385846841749094,-17.23593183118733,2.606876659682288,-26.782456247067834,7.689407415306871,0.5488081537799012,33.13809698197499,dbscl-sentinel-1-2024\dbscl-sentinel-1_2024-12\S1_2024-12-05_22-54-08\S1A_IW_GRDH_1SDV_20241205T225408_20241205T225432_056863_06FB82_6280_metadata.json
2024-12-06 11:19:20,102.56834746639878,105.11119995569707,6.958599766366917,8.92181116326487,-16.166559080605126,2.5056270166506955,-25.96975382434267,6.363364336867581,0.6008214515223915,45.92585854783385,dbscl-sentinel-1-2024\dbscl-sentinel-1_2024-12\S1_2024-12-06_11-19-20\S1A_IW_GRDH_1SDV_20241206T111920_20241206T111945_056871_06FBDA_3267_metadata.json
2024-12-06 11:19:45,102.25765875923362,104.8082540655432,8.470766858562532,10.430101363148289,-14.86724851067716,2.6414069134586704,-23.269906516625717,6.464590504728624,0.5502694450281906,44.860224551054365,dbscl-sentinel-1-2024\dbscl-sentinel-1_2024-12\S1_2024-12-06_11-19-45\S1A_IW_GRDH_1SDV_20241206T111945_20241206T112010_056871_06FBDA_1BA0_metadata.json
2024-12-06 11:20:10,101.9471036978164,104.50768345990492,9.983069209540604,11.938986361895829,-14.468816725100089,2.5514804581041246,-22.86874655587716,6.068886894323005,0.5751074598280155,43.69184548100276,dbscl-sentinel-1-2024\dbscl-sentinel-1_2024-12\S1_2024-12-06_11-20-10\S1A_IW_GRDH_1SDV_20241206T112010_20241206T112035_056871_06FBDA_1881_metadata.json
2024-12-08 11:03:34,106.11816858010194,108.70043703239516,9.464172488446488,11.66239243458691,-15.85387137517081,2.643656328754042,-24.375001992498262,7.33274075784336,0.5240543869017597,31.813457402823325,dbscl-sentinel-1-2024\dbscl-sentinel-1_2024-12\S1_2024-12-08_11-03-34\S1A_IW_GRDH_1SDV_20241208T110334_20241208T110403_056900_06FCFA_B387_metadata.json
2024-12-12 22:45:36,104.70564218485814,107.26230122255976,10.517438485119422,12.470803104463572,-17.17836283455171,2.634025996059572,-26.41909107944328,7.937634589660204,0.529547184549342,38.09664300391709,dbscl-sentinel-1-2024\dbscl-sentinel-1_2024-12\S1_2024-12-12_22-45-36\S1A_IW_GRDH_1SDV_20241212T224536_20241212T224601_056965_06FF84_6088_metadata.json
2024-12-12 22:46:01,104.40601705997948,106.9580467563032,9.005174051996043,10.96273893702759,-16.495417750593816,2.64408648608414,-25.325893020090604,7.664942481096872,0.527564931607854,38.74827315248387,dbscl-sentinel-1-2024\dbscl-sentinel-1_2024-12\S1_2024-12-12_22-46-01\S1A_IW_GRDH_1SDV_20241212T224601_20241212T224626_056965_06FF84_43F2_metadata.json
2024-12-12 22:46:26,104.17456715364344,106.64741975817864,7.967678388075449,9.454384624436363,-17.37510908042837,2.567646289628538,-27.312860384862116,7.437357775994656,0.5656972827955541,41.00351686770451,dbscl-sentinel-1-2024\dbscl-sentinel-1_2024-12\S1_2024-12-12_22-46-26\S1A_IW_GRDH_1SDV_20241212T224626_20241212T224645_056965_06FF84_84FB_metadata.json
2024-12-13 11:11:19,104.41519093779551,106.98696717145664,7.736671788586066,9.936709588071896,-16.869991696151416,2.5908675303108084,-26.352453241756127,7.387530150546788,0.5557921818129327,38.57039227204994,dbscl-sentinel-1-2024\dbscl-sentinel-1_2024-12\S1_2024-12-13_11-11-19\S1A_IW_GRDH_1SDV_20241213T111119_20241213T111148_056973_06FFDA_2D33_metadata.json
2024-12-13 11:11:48,104.10740717512562,106.66180457384644,9.488587286172516,11.44518089716988,-16.753860921261715,2.6652457351383703,-25.674731824208912,7.832990018314523,0.5208412520732641,40.28411859251388,dbscl-sentinel-1-2024\dbscl-sentinel-1_2024-12\S1_2024-12-13_11-11-48\S1A_IW_GRDH_1SDV_20241213T111148_20241213T111213_056973_06FFDA_B24C_metadata.json
2024-12-17 22:54:06,102.4429321678003,104.98846328109018,9.591390182286489,11.385869003171647,-16.36374863543345,2.590606048030175,-25.51286708046574,7.214630190401219,0.5645798545225376,33.1412821116884,dbscl-sentinel-1-2024\dbscl-sentinel-1_2024-12\S1_2024-12-17_22-54-06\S1A_IW_GRDH_1SDV_20241217T225406_20241217T225431_057038_070274_7E13_metadata.json
2024-12-18 11:19:18,102.56872659807722,105.11174765753545,6.9584380752383606,8.921680418642348,-16.28179389960728,2.5373434760503306,-25.87479819927933,6.688789599935304,0.5815797934033977,45.921985969255545,dbscl-sentinel-1-2024\dbscl-sentinel-1_2024-12\S1_2024-12-18_11-19-18\S1A_IW_GRDH_1SDV_20241218T111918_20241218T111943_057046_0702CD_0A7C_metadata.json
2024-12-18 11:19:43,102.2580788504732,104.80895834839887,8.47062304795935,10.429905628154795,-14.944363320042786,2.603580356257273,-23.357599231787475,6.531127408298056,0.5470724393020585,44.85920140583038,dbscl-sentinel-1-2024\dbscl-sentinel-1_2024-12\S1_2024-12-18_11-19-43\S1A_IW_GRDH_1SDV_20241218T111943_20241218T112008_057046_0702CD_A02F_metadata.json
2024-12-18 11:20:08,101.9475412263278,104.50801078002316,9.982863723311842,11.93877619281223,-14.587413812210244,2.5634503369757344,-22.98823183209312,6.186595792327277,0.5704844669562408,43.69135265729188,dbscl-sentinel-1-2024\dbscl-sentinel-1_2024-12\S1_2024-12-18_11-20-08\S1A_IW_GRDH_1SDV_20241218T112008_20241218T112033_057046_0702CD_AC90_metadata.json
2024-12-20 11:03:32,106.11884732021228,108.70096482323036,9.46403382726584,11.662315655024086,-15.998924905474633,2.6119123078611137,-24.675054287762368,7.322795523186905,0.5313351455071175,31.81244317581158,dbscl-sentinel-1-2024\dbscl-sentinel-1_2024-12\S1_2024-12-20_11-03-32\S1A_IW_GRDH_1SDV_20241220T110332_20241220T110401_057075_0703FE_8357_metadata.json
2024-12-24 22:45:34,104.70678009422232,107.26323009022488,10.51754219942455,12.471138508045495,-16.901419661285903,2.6264249958896437,-25.942109125961032,7.860730196610795,0.5330426834846145,38.1055743198344,dbscl-sentinel-1-2024\dbscl-sentinel-1_2024-12\S1_2024-12-24_22-45-34\S1A_IW_GRDH_1SDV_20241224T224534_20241224T224559_057140_07068D_2C9E_metadata.json
2024-12-24 22:45:59,104.4071064347239,106.9590853345924,9.00514108199545,10.96286024937354,-16.37106216984052,2.610314217850643,-25.41882552127305,7.323298818407938,0.5455407710622114,38.75666742244759,dbscl-sentinel-1-2024\dbscl-sentinel-1_2024-12\S1_2024-12-24_22-45-59\S1A_IW_GRDH_1SDV_20241224T224559_20241224T224624_057140_07068D_C640_metadata.json
2024-12-24 22:46:24,104.17563155547174,106.6484601408944,7.967125842968402,9.454365464537466,-17.71184891189664,2.5538664756219007,-28.136906605268724,7.286791218524564,0.579713858870376,41.01142286600595,dbscl-sentinel-1-2024\dbscl-sentinel-1_2024-12\S1_2024-12-24_22-46-24\S1A_IW_GRDH_1SDV_20241224T224624_20241224T224644_057140_07068D_A069_metadata.json
2024-12-25 11:11:17,104.41645508631738,106.98841938063882,7.735624059261011,9.936854009941394,-17.611855160616383,2.537440127579229,-27.87163915310692,7.352071168125678,0.5751915877597882,38.55599384047985,dbscl-sentinel-1-2024\dbscl-sentinel-1_2024-12\S1_2024-12-25_11-11-17\S1A_IW_GRDH_1SDV_20241225T111117_20241225T111146_057148_0706E3_46FF_metadata.json
2024-12-25 11:11:46,104.1085480907867,106.66314314616314,9.488523630298484,11.445146767333362,-16.55385900395997,2.5939836587738285,-25.7462084338802,7.361509574039736,0.5206690337628926,40.27560618280571,dbscl-sentinel-1-2024\dbscl-sentinel-1_2024-12\S1_2024-12-25_11-11-46\S1A_IW_GRDH_1SDV_20241225T111146_20241225T111211_057148_0706E3_6305_metadata.json
2024-12-29 22:54:07,102.47525455379078,104.97368746575276,9.585529310648464,11.322594220213391,-16.16487317140477,2.5395292720432083,-25.701182197594974,6.628564145214384,0.5842275686577325,33.12855171943179,dbscl-sentinel-1-2024\dbscl-sentinel-1_2024-12\S1_2024-12-29_22-54-07\S1A_IW_GRDH_1SDV_20241229T225407_20241229T225428_057213_070960_6C70_metadata.json
2024-12-30 11:19:18,102.56726760465166,105.11023508062137,6.958345235992615,8.92159928073695,-16.55566857738531,2.520359709163824,-26.498099669217087,6.613237485553505,0.5922111006568294,45.92639858317339,dbscl-sentinel-1-2024\dbscl-sentinel-1_2024-12\S1_2024-12-30_11-19-18\S1A_IW_GRDH_1SDV_20241230T111918_20241230T111943_057221_0709B7_0F7E_metadata.json
2024-12-30 11:19:43,102.25662604533665,104.80740294630336,8.470538297995496,10.429866380770594,-15.148218069824514,2.262681363307624,-23.74278278033345,6.553653359315415,0.5517175585276072,44.85324093163405,dbscl-sentinel-1-2024\dbscl-sentinel-1_2024-12\S1_2024-12-30_11-19-43\S1A_IW_GRDH_1SDV_20241230T111943_20241230T112008_057221_0709B7_2DA2_metadata.json
2024-12-30 11:20:08,101.94610361448848,104.50685863060696,9.982851449291063,11.93850090429059,-14.754775399575555,2.552344577850339,-23.26636174834312,6.243189050808075,0.5709916491256194,43.687047854365694,dbscl-sentinel-1-2024\dbscl-sentinel-1_2024-12\S1_2024-12-30_11-20-08\S1A_IW_GRDH_1SDV_20241230T112008_20241230T112033_057221_0709B7_F033_metadata.json
